{"type":"FeatureCollection","features":[{"type":"Feature","properties":{"name":"Polska","boundary":"administrative","admin_level":"2","rutedu_selectable":false},"geometry":{"type":"MultiPolygon","coordinates":[[[[16.6985,54.5701],[16.6169,54.5609],[16.5636,54.5485],[16.5309,54.5437],[16.5051,54.5276],[16.4322,54.4881],[16.4086,54.4648],[16.3721,54.442],[16.2731,54.3573],[16.1616,54.2959],[16.0888,54.2717],[15.964,54.2509],[15.8426,54.2406],[15.723,54.2109],[15.6075,54.192],[15.5488,54.1906],[15.4955,54.1687],[15.4322,54.1661],[15.3425,54.1548],[15.2774,54.1446],[15.2267,54.1323],[15.048,54.0929],[14.8952,54.0557],[14.755,54.0287],[14.6796,54.0071],[14.5034,53.9655],[14.4756,53.9498],[14.4024,53.9194],[14.3163,53.9157],[14.3015,53.9304],[14.2726,53.9242],[14.2261,53.9277],[14.1969,53.915],[14.2039,53.9066],[14.2154,53.8808],[14.2837,53.7724],[14.2668,53.6987],[14.2769,53.6859],[14.2708,53.6668],[14.2848,53.6587],[14.3012,53.6237],[14.3119,53.5797],[14.3026,53.5534],[14.3058,53.5439],[14.3158,53.5251],[14.3321,53.5013],[14.3507,53.496],[14.357,53.4701],[14.3713,53.4564],[14.3707,53.4379],[14.3726,53.4195],[14.3893,53.3878],[14.3954,53.3692],[14.4055,53.3471],[14.4154,53.3244],[14.4174,53.2885],[14.4452,53.2744],[14.4489,53.2667],[14.436,53.2496],[14.4212,53.2343],[14.4075,53.2138],[14.3858,53.205],[14.3702,53.1807],[14.3698,53.1643],[14.3873,53.1424],[14.3806,53.124],[14.3783,53.1116],[14.3697,53.0878],[14.3578,53.0677],[14.3488,53.0568],[14.3123,53.0355],[14.3034,53.0285],[14.259,53.003],[14.231,52.993],[14.2094,52.9882],[14.1831,52.9777],[14.1663,52.9686],[14.1495,52.9637],[14.1388,52.9518],[14.1426,52.9332],[14.1467,52.9208],[14.1523,52.9006],[14.1588,52.8773],[14.1489,52.8664],[14.1298,52.8527],[14.1301,52.8283],[14.1524,52.8242],[14.1965,52.8192],[14.2175,52.8169],[14.2439,52.7979],[14.2804,52.7737],[14.305,52.7655],[14.3389,52.7547],[14.3735,52.7367],[14.3837,52.7256],[14.4049,52.7114],[14.429,52.6906],[14.4356,52.68],[14.4599,52.6669],[14.487,52.6525],[14.5053,52.6434],[14.5386,52.6319],[14.564,52.6247],[14.5772,52.6335],[14.6289,52.6599],[14.6504,52.6533],[14.6623,52.6463],[14.6899,52.6358],[14.6991,52.6336],[14.7268,52.6339],[14.7492,52.6444],[14.7501,52.6653],[14.7682,52.675],[14.7914,52.7046],[14.7979,52.7281],[14.7894,52.7519],[14.8091,52.765],[14.8188,52.7749],[14.8489,52.7775],[14.8546,52.7922],[14.8653,52.7931],[14.8651,52.8114],[14.8544,52.8195],[14.851,52.8281],[14.8733,52.8338],[14.8657,52.8473],[14.8946,52.8406],[14.9139,52.8397],[14.9138,52.8505],[14.8905,52.8607],[14.9042,52.8839],[14.9178,52.8893],[14.9445,52.8764],[14.9564,52.8709],[14.9689,52.8697],[14.98,52.8599],[14.9881,52.8508],[14.9908,52.8425],[15.0096,52.8477],[15.0281,52.8569],[15.0391,52.861],[15.0491,52.8435],[15.0684,52.837],[15.1195,52.8427],[15.2749,52.8823],[15.3219,52.8958],[15.3317,52.9044],[15.3077,52.9195],[15.292,52.9328],[15.2878,52.958],[15.3507,52.9431],[15.362,52.9481],[15.3744,52.9532],[15.3864,52.965],[15.3927,52.9722],[15.4197,52.9833],[15.4653,52.9887],[15.4858,52.9968],[15.5328,53.0057],[15.5545,53.0119],[15.5614,53.0001],[15.588,52.9811],[15.6109,52.9822],[15.6377,52.9773],[15.6753,52.9932],[15.6889,52.9959],[15.7033,52.9957],[15.7211,52.9866],[15.7416,52.991],[15.7635,53.0006],[15.778,53.0152],[15.7674,53.0204],[15.778,53.0298],[15.802,53.0441],[15.8015,53.0528],[15.7803,53.059],[15.7917,53.0592],[15.86,53.0937],[15.8659,53.1181],[15.8804,53.1187],[15.9793,53.1103],[15.9843,53.1007],[15.9926,53.0917],[15.9924,53.0808],[15.9873,53.0692],[15.9862,53.0591],[15.9784,53.0568],[15.9625,53.0414],[16.0025,53.0357],[16.045,53.0288],[16.0947,53.0156],[16.1244,53.012],[16.1589,53.0236],[16.1861,53.0336],[16.2409,53.0437],[16.2768,53.0455],[16.286,53.041],[16.3152,53.0392],[16.3161,53.0512],[16.324,53.058],[16.3391,53.0603],[16.3611,53.0756],[16.3593,53.0935],[16.3468,53.1081],[16.3669,53.1212],[16.3724,53.1285],[16.3911,53.1395],[16.3916,53.1578],[16.3992,53.1637],[16.4141,53.1536],[16.4248,53.1486],[16.445,53.1544],[16.4765,53.1703],[16.4996,53.1633],[16.5206,53.1858],[16.5396,53.2014],[16.5291,53.2138],[16.5564,53.2213],[16.5594,53.2332],[16.577,53.2312],[16.5957,53.2277],[16.6096,53.2087],[16.6257,53.2086],[16.625,53.2264],[16.6207,53.2336],[16.6294,53.2494],[16.6353,53.2604],[16.6578,53.2666],[16.6513,53.2806],[16.7138,53.299],[16.7051,53.3035],[16.6958,53.3063],[16.681,53.312],[16.6782,53.3197],[16.6541,53.3252],[16.6375,53.3363],[16.6316,53.3429],[16.5851,53.3467],[16.5626,53.353],[16.5516,53.3563],[16.5363,53.376],[16.5257,53.3672],[16.5102,53.3796],[16.4838,53.3851],[16.4724,53.405],[16.4542,53.4313],[16.4522,53.4525],[16.4639,53.4573],[16.4467,53.4572],[16.4824,53.4767],[16.5154,53.4755],[16.5803,53.4787],[16.5966,53.4839],[16.6204,53.4853],[16.652,53.487],[16.6805,53.5074],[16.7006,53.5148],[16.722,53.5221],[16.717,53.5336],[16.7192,53.5455],[16.7278,53.5673],[16.7464,53.5757],[16.7399,53.5885],[16.7496,53.6009],[16.7603,53.6175],[16.7953,53.6296],[16.8131,53.6374],[16.8261,53.6434],[16.8491,53.6272],[16.8664,53.6503],[16.8811,53.6519],[16.8866,53.6734],[16.8757,53.7151],[16.868,53.7306],[16.9007,53.761],[16.9307,53.7772],[16.9395,53.79],[16.9415,53.8057],[16.9095,53.8018],[16.9069,53.8131],[16.9003,53.8235],[16.8855,53.8291],[16.8685,53.8341],[16.8681,53.8544],[16.8726,53.8686],[16.9247,53.8747],[16.9707,53.878],[16.9821,53.9049],[16.9552,53.9068],[16.9414,53.9121],[16.9232,53.921],[16.8755,53.9446],[16.8786,53.9559],[16.8746,53.9692],[16.8612,53.9801],[16.8438,53.9908],[16.8286,53.9952],[16.815,54.0017],[16.8082,53.9945],[16.8132,53.9838],[16.79,53.9814],[16.798,53.987],[16.8014,54.004],[16.7848,54.0201],[16.7859,54.0285],[16.7981,54.0383],[16.7984,54.0556],[16.8119,54.0617],[16.8126,54.0731],[16.7923,54.0792],[16.7935,54.1009],[16.8028,54.1147],[16.793,54.1212],[16.7769,54.1257],[16.7764,54.1376],[16.7736,54.1535],[16.7568,54.1578],[16.7452,54.1743],[16.7301,54.1795],[16.7356,54.194],[16.7196,54.2093],[16.7245,54.2239],[16.7337,54.2328],[16.7554,54.2357],[16.7668,54.2387],[16.7858,54.24],[16.8169,54.2464],[16.8313,54.2458],[16.8651,54.261],[16.8625,54.2897],[16.8543,54.3076],[16.8198,54.3168],[16.8198,54.3248],[16.8229,54.3379],[16.8156,54.3602],[16.8078,54.3705],[16.8382,54.3758],[16.8586,54.3826],[16.8532,54.389],[16.8339,54.4111],[16.8396,54.432],[16.8271,54.4488],[16.8239,54.4639],[16.8172,54.4687],[16.8106,54.4818],[16.7932,54.4844],[16.764,54.4861],[16.7527,54.4968],[16.7475,54.5304],[16.6985,54.5701]]],[[[15.2667,51.4417],[15.2755,51.4298],[15.2983,51.4201],[15.3215,51.4084],[15.3249,51.4185],[15.3353,51.4369],[15.3337,51.4516],[15.3725,51.4697],[15.3756,51.4791],[15.3715,51.4884],[15.3818,51.5115],[15.3857,51.5283],[15.4042,51.5216],[15.4347,51.525],[15.4625,51.5223],[15.4823,51.513],[15.4878,51.5239],[15.5917,51.4627],[15.5928,51.4521],[15.6235,51.4635],[15.6466,51.4783],[15.6642,51.4827],[15.6676,51.499],[15.6788,51.5056],[15.7006,51.5174],[15.7108,51.5237],[15.7123,51.5465],[15.7237,51.5522],[15.8081,51.5734],[15.8158,51.6029],[15.8276,51.6159],[15.8366,51.6442],[15.8562,51.6573],[15.8413,51.6675],[15.8425,51.6816],[15.8656,51.6926],[15.8676,51.7078],[15.8784,51.7189],[15.9011,51.7304],[15.9265,51.7296],[15.9632,51.7337],[15.9676,51.7452],[15.9687,51.7684],[15.989,51.7692],[16.0034,51.7783],[15.9719,51.7825],[15.9772,51.7959],[16.0012,51.8036],[16.0179,51.8013],[16.035,51.7953],[16.0399,51.7807],[16.0699,51.7826],[16.1008,51.7674],[16.1332,51.7591],[16.1651,51.7598],[16.1618,51.7197],[16.1723,51.7092],[16.1858,51.7161],[16.2024,51.7144],[16.2278,51.6987],[16.2517,51.6862],[16.2676,51.6667],[16.2678,51.6779],[16.2979,51.6899],[16.3027,51.6985],[16.3384,51.706],[16.3559,51.716],[16.3616,51.7359],[16.3722,51.749],[16.3765,51.7626],[16.3983,51.7706],[16.4168,51.7828],[16.3995,51.7898],[16.4008,51.8142],[16.4006,51.8306],[16.3795,51.8389],[16.3577,51.8574],[16.3351,51.8711],[16.3515,51.8807],[16.3128,51.8864],[16.2803,51.9002],[16.2668,51.8977],[16.244,51.8881],[16.2231,51.8747],[16.1936,51.8798],[16.169,51.8845],[16.1435,51.895],[16.1033,51.8932],[16.1087,51.9036],[16.1331,51.917],[16.1341,51.9319],[16.1295,51.9391],[16.1239,51.9514],[16.1303,51.979],[16.1229,51.9931],[16.0796,51.9828],[16.01,51.9815],[15.9961,51.9995],[15.9746,51.9983],[15.9667,52.0296],[15.9891,52.0433],[16.0055,52.0543],[15.9877,52.0622],[15.9698,52.0754],[15.9414,52.0885],[15.9266,52.0766],[15.8899,52.084],[15.865,52.0855],[15.848,52.099],[15.8333,52.1111],[15.8543,52.121],[15.8673,52.1293],[15.881,52.1562],[15.8666,52.168],[15.8621,52.1774],[15.855,52.2049],[15.8588,52.2335],[15.8513,52.2556],[15.8661,52.2722],[15.8786,52.2981],[15.8892,52.3074],[15.8881,52.3221],[15.8882,52.3362],[15.8895,52.3524],[15.8966,52.3807],[15.8962,52.3942],[15.8513,52.4035],[15.835,52.4153],[15.8148,52.4303],[15.8041,52.4434],[15.8267,52.4514],[15.8408,52.4339],[15.8621,52.4388],[15.8752,52.4427],[15.8932,52.456],[15.8929,52.4682],[15.8782,52.4952],[15.8755,52.5062],[15.848,52.5187],[15.8584,52.544],[15.8446,52.5535],[15.8247,52.5671],[15.8303,52.5776],[15.8205,52.5897],[15.8066,52.5978],[15.7846,52.6185],[15.7939,52.6279],[15.7816,52.6366],[15.7782,52.6496],[15.7861,52.6677],[15.8129,52.6792],[15.8003,52.6953],[15.823,52.7078],[15.8643,52.7102],[15.9074,52.7149],[15.9449,52.7292],[15.9457,52.7511],[15.9364,52.7661],[15.9272,52.7784],[15.9346,52.8014],[15.9189,52.8036],[15.9032,52.8061],[15.8954,52.8197],[15.9005,52.8331],[15.9229,52.8311],[15.9609,52.8542],[15.9614,52.8693],[15.9797,52.8809],[15.9739,52.8948],[15.9725,52.9054],[15.9768,52.9206],[15.9798,52.9337],[15.9605,52.9561],[15.9592,52.9671],[15.9562,52.9765],[15.9494,52.9985],[15.9558,53.0081],[15.9578,53.0227],[15.9554,53.0403],[15.9746,53.0537],[15.9897,53.0563],[15.9873,53.0692],[15.9924,53.0808],[15.9926,53.0917],[15.9793,53.103],[15.9118,53.124],[15.8659,53.1181],[15.86,53.0937],[15.7917,53.0592],[15.7898,53.0572],[15.8041,53.0505],[15.778,53.0298],[15.7674,53.0204],[15.7716,53.0067],[15.7594,52.9967],[15.7305,52.9898],[15.7083,52.9905],[15.6919,52.9982],[15.6609,52.9895],[15.6333,52.9764],[15.6024,52.985],[15.5722,52.9869],[15.5566,53.0066],[15.5328,53.0057],[15.4858,52.9968],[15.4438,52.9899],[15.4052,52.9745],[15.3864,52.965],[15.3744,52.9532],[15.362,52.9481],[15.3211,52.9511],[15.2836,52.9448],[15.3077,52.9195],[15.3317,52.9044],[15.3219,52.8958],[15.2676,52.8813],[15.0718,52.8306],[15.0546,52.8432],[15.0391,52.861],[15.0148,52.8568],[15.0021,52.8472],[14.9878,52.8466],[14.979,52.8537],[14.9783,52.8661],[14.9545,52.8743],[14.9316,52.8818],[14.9095,52.8873],[14.8969,52.8726],[14.9104,52.8552],[14.9139,52.8397],[14.8946,52.8406],[14.866,52.8406],[14.8558,52.8307],[14.8544,52.8195],[14.8651,52.8114],[14.8653,52.7931],[14.8446,52.7903],[14.8363,52.7774],[14.8091,52.765],[14.7894,52.7519],[14.7979,52.7281],[14.7916,52.6971],[14.7634,52.6702],[14.7476,52.6471],[14.7268,52.6339],[14.6991,52.6336],[14.6726,52.6373],[14.6605,52.6491],[14.6383,52.6593],[14.5829,52.6326],[14.564,52.6247],[14.6036,52.605],[14.6137,52.5866],[14.6381,52.5744],[14.6185,52.5569],[14.6051,52.5355],[14.611,52.5137],[14.6354,52.4964],[14.6143,52.4779],[14.5999,52.4589],[14.5793,52.4417],[14.5551,52.4374],[14.547,52.4141],[14.535,52.3935],[14.5521,52.3537],[14.5631,52.3381],[14.5727,52.3239],[14.5849,52.3065],[14.5741,52.2922],[14.5926,52.2747],[14.6465,52.2626],[14.6877,52.2571],[14.7062,52.2419],[14.7129,52.2286],[14.7026,52.2061],[14.6899,52.1881],[14.7031,52.1643],[14.6801,52.1378],[14.6858,52.1093],[14.7134,52.096],[14.7461,52.0813],[14.7573,52.0607],[14.746,52.0461],[14.7484,52.0323],[14.7267,52.0139],[14.7217,51.9951],[14.7117,51.9797],[14.7069,51.9735],[14.7209,51.953],[14.7066,51.9354],[14.6997,51.9143],[14.6853,51.8985],[14.6734,51.8895],[14.6559,51.8848],[14.6461,51.8717],[14.6322,51.8629],[14.6071,51.8522],[14.6013,51.8397],[14.5928,51.8295],[14.5972,51.8173],[14.6049,51.805],[14.624,51.8004],[14.6431,51.7968],[14.6527,51.7796],[14.6503,51.7627],[14.6629,51.7554],[14.6567,51.7405],[14.6761,51.7236],[14.7014,51.7048],[14.7296,51.6883],[14.7398,51.6773],[14.7578,51.6611],[14.7541,51.6408],[14.7607,51.6219],[14.762,51.6034],[14.7421,51.593],[14.7269,51.575],[14.7181,51.5543],[14.7314,51.545],[14.7291,51.5314],[14.7508,51.522],[14.7785,51.5176],[14.7967,51.5176],[14.8201,51.5074],[14.8351,51.4994],[14.8589,51.4908],[14.8771,51.4856],[14.8978,51.4821],[14.9224,51.4823],[14.947,51.4721],[14.9627,51.4532],[14.9728,51.4352],[14.9586,51.4312],[14.967,51.4162],[14.9682,51.4021],[14.9635,51.3941],[14.9779,51.3756],[14.9772,51.3655],[15.0089,51.3644],[15.0134,51.3843],[15.0309,51.3935],[15.078,51.4018],[15.0851,51.4252],[15.1206,51.4339],[15.1506,51.4424],[15.1787,51.46],[15.2019,51.4633],[15.2009,51.4461],[15.2435,51.4463],[15.2667,51.4417]]],[[[16.6399,51.735],[16.625,51.7475],[16.5947,51.7505],[16.5767,51.7686],[16.5453,51.7801],[16.5061,51.7812],[16.4639,51.7841],[16.411,51.7788],[16.3833,51.7704],[16.3722,51.749],[16.3693,51.7288],[16.34,51.7088],[16.3027,51.6985],[16.2809,51.6885],[16.2676,51.6667],[16.2405,51.6877],[16.2192,51.7098],[16.1944,51.7156],[16.1664,51.7096],[16.1729,51.7639],[16.1332,51.7591],[16.0779,51.7744],[16.0425,51.7836],[16.035,51.7953],[16.0039,51.8005],[15.9821,51.8006],[15.9719,51.7825],[16.0086,51.7757],[15.9687,51.7684],[15.9611,51.7435],[15.9521,51.7339],[15.9011,51.7304],[15.8718,51.7207],[15.8646,51.6986],[15.8425,51.6816],[15.8427,51.6612],[15.8526,51.6495],[15.8276,51.6159],[15.8236,51.5727],[15.7237,51.5522],[15.7123,51.5465],[15.7141,51.5216],[15.6788,51.5056],[15.6673,51.4889],[15.6548,51.4722],[15.6235,51.4635],[15.5861,51.4518],[15.4877,51.5276],[15.4692,51.5146],[15.4524,51.5246],[15.407,51.5205],[15.3857,51.5283],[15.3671,51.4929],[15.3756,51.4791],[15.3599,51.4712],[15.3381,51.4417],[15.3249,51.4185],[15.3211,51.4109],[15.2875,51.4308],[15.2621,51.444],[15.2182,51.4444],[15.2035,51.4574],[15.1648,51.4508],[15.1256,51.4348],[15.0933,51.4295],[15.078,51.4018],[15.0182,51.3866],[15.0089,51.3644],[14.9674,51.3593],[14.9822,51.334],[14.9988,51.3203],[15.0126,51.3086],[15.0354,51.2829],[15.036,51.2647],[15.0249,51.2539],[15.0318,51.2406],[15.016,51.2142],[15.008,51.1992],[15.0088,51.1826],[15.001,51.1499],[14.9968,51.1316],[14.9811,51.1088],[14.9763,51.0844],[14.963,51.058],[14.9519,51.0424],[14.9477,51.0283],[14.9204,50.9979],[14.9194,50.9753],[14.8976,50.9594],[14.879,50.9331],[14.8516,50.9106],[14.8196,50.8851],[14.8315,50.8729],[14.8672,50.8773],[14.9002,50.876],[14.948,50.8642],[15.0021,50.869],[14.9942,50.8916],[14.9982,50.9077],[14.9954,50.9271],[15.0154,50.9496],[15.011,50.9817],[14.996,50.9825],[14.9742,50.9879],[14.9854,51.0108],[15.0128,51.0157],[15.015,51.0168],[15.016,51.0198],[15.0171,51.0221],[15.0386,51.0121],[15.0696,51.0178],[15.0847,51.0148],[15.1011,51.0125],[15.1025,51.0121],[15.1061,51.0103],[15.1069,51.009],[15.1059,51.0072],[15.0969,51.003],[15.0989,50.9978],[15.1003,50.9963],[15.1007,50.9948],[15.1094,50.9918],[15.1361,50.9916],[15.1444,51.0134],[15.1768,50.9928],[15.2,50.984],[15.2123,50.9921],[15.2433,50.9883],[15.2696,50.9792],[15.2754,50.9614],[15.2779,50.9412],[15.2669,50.9208],[15.2769,50.8993],[15.3098,50.8614],[15.3603,50.8423],[15.3743,50.8111],[15.374,50.7887],[15.3836,50.7758],[15.4208,50.8032],[15.4546,50.8024],[15.4883,50.7901],[15.539,50.7801],[15.5911,50.7769],[15.6261,50.7648],[15.6839,50.7526],[15.7147,50.7374],[15.7398,50.7359],[15.7792,50.7423],[15.8171,50.7547],[15.8319,50.7324],[15.8517,50.707],[15.861,50.6744],[15.8889,50.6757],[15.927,50.6809],[15.9425,50.687],[15.9912,50.6831],[15.9979,50.6685],[16.001,50.6453],[16.0148,50.6285],[15.9925,50.6098],[16.0248,50.5986],[16.0577,50.6185],[16.0757,50.6423],[16.1037,50.6634],[16.1271,50.6591],[16.1704,50.6453],[16.1876,50.6272],[16.2174,50.6333],[16.2339,50.6711],[16.264,50.6683],[16.2952,50.6598],[16.3339,50.6625],[16.3559,50.6467],[16.3815,50.6292],[16.423,50.6063],[16.4175,50.5685],[16.4106,50.5564],[16.3874,50.5418],[16.3739,50.5164],[16.3314,50.5035],[16.3121,50.4972],[16.2941,50.4792],[16.2492,50.474],[16.2382,50.4659],[16.2239,50.4606],[16.2253,50.4425],[16.2052,50.448],[16.1983,50.4288],[16.2105,50.4112],[16.2519,50.4061],[16.2507,50.3935],[16.2677,50.3794],[16.2934,50.3739],[16.3263,50.3821],[16.3534,50.3786],[16.368,50.367],[16.3752,50.3423],[16.4053,50.3201],[16.4321,50.3238],[16.4544,50.3024],[16.4671,50.2864],[16.4869,50.2708],[16.5084,50.2529],[16.5292,50.2376],[16.5514,50.2228],[16.5563,50.2034],[16.5582,50.174],[16.5763,50.1584],[16.5847,50.1456],[16.6029,50.1347],[16.6252,50.121],[16.6644,50.1062],[16.7164,50.1011],[16.7374,50.126],[16.7678,50.1402],[16.7945,50.1613],[16.8099,50.1893],[16.8361,50.1989],[16.8633,50.1981],[16.8981,50.2186],[16.927,50.223],[16.956,50.2225],[16.9632,50.2391],[16.9928,50.2261],[17.0213,50.2265],[17.0108,50.2492],[17.02,50.2783],[16.9934,50.3024],[16.9461,50.3154],[16.9385,50.3331],[16.9195,50.3687],[16.911,50.389],[16.8718,50.4031],[16.8768,50.4339],[16.8941,50.4437],[16.922,50.4537],[16.9474,50.4802],[16.9823,50.4738],[17.0068,50.4753],[17.0251,50.4708],[17.0409,50.4632],[17.062,50.4756],[17.0626,50.497],[17.0743,50.515],[17.0652,50.5435],[17.0941,50.5644],[17.1149,50.5874],[17.1525,50.6106],[17.2238,50.6146],[17.2419,50.624],[17.2377,50.6515],[17.2395,50.6713],[17.2202,50.7014],[17.2389,50.7154],[17.2643,50.7343],[17.2858,50.743],[17.2975,50.7533],[17.2539,50.7721],[17.2708,50.7854],[17.3253,50.7865],[17.352,50.7904],[17.3275,50.8186],[17.3389,50.8369],[17.3467,50.8519],[17.3843,50.8621],[17.3939,50.8878],[17.3599,50.9061],[17.3694,50.9257],[17.4026,50.9187],[17.4272,50.9106],[17.4347,50.928],[17.4314,50.9671],[17.4814,50.974],[17.5131,50.9724],[17.4992,50.9927],[17.5407,50.9921],[17.5213,51.0058],[17.5189,51.0254],[17.5184,51.0515],[17.5273,51.067],[17.5644,51.0731],[17.568,51.0984],[17.5756,51.1238],[17.5572,51.141],[17.5664,51.1614],[17.5948,51.1687],[17.6195,51.1844],[17.6394,51.1681],[17.6828,51.1657],[17.738,51.1741],[17.783,51.1883],[17.775,51.1989],[17.7548,51.221],[17.7458,51.2498],[17.7491,51.2705],[17.7503,51.2907],[17.7644,51.3059],[17.7469,51.3262],[17.7437,51.3465],[17.71,51.3635],[17.7199,51.3861],[17.7374,51.395],[17.7545,51.4076],[17.738,51.4191],[17.7196,51.405],[17.6881,51.4078],[17.6526,51.4128],[17.6251,51.4191],[17.5801,51.4084],[17.5491,51.4162],[17.5519,51.4352],[17.529,51.4698],[17.518,51.4856],[17.514,51.5015],[17.5216,51.5146],[17.5637,51.5242],[17.5753,51.5485],[17.5602,51.5749],[17.5365,51.5891],[17.5122,51.609],[17.4698,51.6265],[17.4301,51.6326],[17.3586,51.643],[17.3243,51.648],[17.2775,51.6442],[17.2493,51.6405],[17.2184,51.6311],[17.2083,51.6112],[17.2107,51.5897],[17.2029,51.5678],[17.1687,51.5696],[17.0917,51.5724],[17.0692,51.5525],[17.0461,51.556],[17.0071,51.5493],[16.9624,51.5447],[16.9238,51.5556],[16.8874,51.581],[16.8433,51.5772],[16.8037,51.5864],[16.8027,51.6009],[16.7661,51.6277],[16.7425,51.6449],[16.7094,51.6472],[16.676,51.6573],[16.6392,51.666],[16.6576,51.6892],[16.6824,51.7027],[16.6603,51.7133],[16.6399,51.735]]],[[[18.5266,52.4988],[18.4725,52.4895],[18.4478,52.4786],[18.409,52.473],[18.384,52.4772],[18.3859,52.532],[18.346,52.5235],[18.2717,52.4868],[18.2203,52.4827],[18.2026,52.5006],[18.1378,52.5048],[18.1063,52.5138],[18.1013,52.537],[18.0821,52.5527],[18.0491,52.5469],[17.9982,52.5421],[17.9901,52.5712],[17.9612,52.5705],[17.9327,52.5713],[17.9044,52.5833],[17.9014,52.6118],[17.8516,52.6294],[17.8116,52.6452],[17.7803,52.6486],[17.7605,52.6495],[17.7161,52.6397],[17.746,52.6353],[17.7136,52.615],[17.6901,52.6023],[17.6821,52.6266],[17.6303,52.655],[17.6395,52.6824],[17.6191,52.7063],[17.5781,52.6952],[17.5439,52.6896],[17.5061,52.6733],[17.4847,52.682],[17.4779,52.7068],[17.4801,52.7114],[17.4796,52.7322],[17.4393,52.7504],[17.4077,52.7616],[17.4109,52.7852],[17.4528,52.7972],[17.5029,52.7865],[17.514,52.8181],[17.5136,52.8445],[17.5263,52.869],[17.519,52.8968],[17.4983,52.9325],[17.4573,52.9509],[17.3946,52.9824],[17.3188,52.9871],[17.3094,53.0063],[17.3324,53.019],[17.3268,53.0663],[17.3609,53.1174],[17.3688,53.1321],[17.353,53.1512],[17.3352,53.1795],[17.3205,53.2125],[17.3631,53.2232],[17.4173,53.231],[17.4388,53.2675],[17.3957,53.2882],[17.3748,53.3128],[17.3539,53.3344],[17.3252,53.347],[17.2641,53.3634],[17.2493,53.3804],[17.2852,53.3943],[17.3011,53.423],[17.3357,53.4421],[17.3519,53.4535],[17.3907,53.491],[17.3633,53.4972],[17.3404,53.5016],[17.3096,53.525],[17.2656,53.537],[17.2104,53.5361],[17.1495,53.5294],[17.099,53.5427],[17.0646,53.5232],[17.0263,53.5179],[17.0008,53.5251],[17.0015,53.5493],[16.9515,53.5432],[16.9387,53.5717],[16.9296,53.5918],[16.9179,53.6058],[16.8962,53.6211],[16.8963,53.6352],[16.8696,53.6477],[16.8417,53.6261],[16.8163,53.6339],[16.7541,53.6107],[16.7395,53.5837],[16.7254,53.5606],[16.727,53.5288],[16.7006,53.5148],[16.652,53.487],[16.5966,53.4839],[16.5154,53.4755],[16.4467,53.4572],[16.4522,53.4525],[16.4724,53.405],[16.4994,53.385],[16.5328,53.3758],[16.5584,53.3558],[16.594,53.345],[16.6455,53.3286],[16.6823,53.317],[16.6951,53.3024],[16.6745,53.2901],[16.6578,53.2666],[16.6294,53.2494],[16.625,53.2264],[16.5965,53.2176],[16.577,53.2312],[16.5564,53.2213],[16.5396,53.2014],[16.501,53.1726],[16.455,53.1644],[16.4167,53.1489],[16.3916,53.1578],[16.3759,53.1266],[16.346,53.1124],[16.3642,53.0822],[16.3336,53.06],[16.3104,53.0453],[16.286,53.041],[16.2295,53.0394],[16.1536,53.02],[16.0835,53.0145],[16.0025,53.0357],[15.9571,53.032],[15.9558,53.0081],[15.9549,52.9894],[15.9621,52.9631],[15.9798,52.9337],[15.978,52.9099],[15.9719,52.8929],[15.9614,52.8693],[15.9463,52.8542],[15.9005,52.8331],[15.8932,52.8128],[15.9312,52.803],[15.9272,52.7784],[15.9472,52.7556],[15.9356,52.7274],[15.8643,52.7102],[15.7953,52.7085],[15.8129,52.6792],[15.7782,52.6496],[15.796,52.6346],[15.7946,52.6098],[15.8203,52.5919],[15.8259,52.5759],[15.8446,52.5535],[15.835,52.5292],[15.8676,52.5026],[15.8929,52.4682],[15.8956,52.4466],[15.8566,52.4394],[15.8333,52.4446],[15.8061,52.4366],[15.835,52.4153],[15.8702,52.3965],[15.8881,52.372],[15.8882,52.3362],[15.8919,52.3103],[15.8814,52.2842],[15.8549,52.2611],[15.8608,52.2276],[15.8621,52.1774],[15.881,52.1562],[15.862,52.1247],[15.8333,52.1111],[15.8603,52.0865],[15.9008,52.0764],[15.9325,52.0876],[15.9756,52.0742],[15.9981,52.0532],[15.9667,52.0296],[15.9871,51.9984],[16.01,51.9815],[16.106,51.9968],[16.1332,51.9724],[16.1257,51.942],[16.1382,51.9255],[16.1035,51.9051],[16.1435,51.895],[16.1814,51.8832],[16.2231,51.8747],[16.2521,51.9005],[16.2868,51.9002],[16.3362,51.8834],[16.3505,51.8637],[16.4005,51.8378],[16.4008,51.8142],[16.4098,51.7843],[16.4687,51.786],[16.5314,51.7809],[16.54,51.7671],[16.5947,51.7505],[16.6351,51.749],[16.6452,51.7293],[16.6748,51.7102],[16.6658,51.6972],[16.6399,51.6716],[16.676,51.6573],[16.7257,51.6478],[16.7825,51.6407],[16.7989,51.6039],[16.8037,51.5864],[16.8433,51.5772],[16.8953,51.5785],[16.9427,51.5517],[16.9787,51.5449],[17.0461,51.556],[17.0701,51.555],[17.1085,51.5761],[17.188,51.5765],[17.2136,51.5822],[17.2098,51.6027],[17.2184,51.6311],[17.2604,51.6404],[17.3067,51.6461],[17.3458,51.645],[17.4185,51.6306],[17.4698,51.6265],[17.5213,51.6057],[17.5454,51.5862],[17.5719,51.5552],[17.5637,51.5242],[17.5216,51.5146],[17.5264,51.4999],[17.5231,51.4803],[17.5306,51.4549],[17.5483,51.4191],[17.5896,51.4099],[17.6314,51.4216],[17.6686,51.416],[17.7031,51.3995],[17.7234,51.4224],[17.7545,51.4076],[17.7374,51.395],[17.7148,51.3712],[17.7321,51.3503],[17.7439,51.3288],[17.7644,51.3059],[17.7473,51.286],[17.749,51.2668],[17.7541,51.2352],[17.7676,51.2039],[17.8121,51.188],[17.8512,51.1724],[17.8315,51.1374],[17.8199,51.121],[17.8517,51.1128],[17.8801,51.1054],[17.9223,51.114],[18.0038,51.1219],[18.0652,51.1434],[18.0772,51.157],[18.0938,51.1566],[18.1514,51.1713],[18.1663,51.1812],[18.1652,51.2123],[18.1743,51.2309],[18.1703,51.2714],[18.1366,51.2697],[18.1034,51.2683],[18.1031,51.2804],[18.1098,51.2932],[18.0917,51.3272],[18.0988,51.362],[18.1388,51.3792],[18.1839,51.3877],[18.2058,51.4124],[18.2063,51.4328],[18.2116,51.4517],[18.2713,51.4356],[18.3405,51.4302],[18.3601,51.4682],[18.3606,51.5314],[18.3683,51.5497],[18.3706,51.591],[18.3527,51.6072],[18.35,51.6269],[18.3803,51.6468],[18.3799,51.6844],[18.4048,51.7009],[18.4027,51.7201],[18.4203,51.7414],[18.4215,51.7579],[18.42,51.7795],[18.4291,51.8016],[18.4411,51.8094],[18.4719,51.8199],[18.4701,51.8394],[18.5073,51.8544],[18.5346,51.8361],[18.5671,51.8442],[18.6132,51.8344],[18.6845,51.8208],[18.6987,51.8568],[18.7223,51.8781],[18.7393,51.899],[18.7425,51.9371],[18.7382,51.9627],[18.7155,51.9701],[18.7171,51.9929],[18.7223,52.0282],[18.7222,52.0539],[18.7721,52.0644],[18.8192,52.0699],[18.8534,52.0814],[18.8839,52.0807],[18.9287,52.0911],[18.9425,52.1279],[18.9083,52.1468],[18.924,52.1963],[18.9636,52.2064],[18.9922,52.2145],[19.0898,52.2067],[19.0805,52.2385],[19.1018,52.2534],[19.05,52.2734],[19.0425,52.2918],[19.045,52.3185],[19.02,52.3379],[18.9701,52.3553],[18.9754,52.375],[18.9408,52.3915],[18.9205,52.3758],[18.8839,52.3613],[18.8451,52.3459],[18.8142,52.3524],[18.766,52.3361],[18.7511,52.3463],[18.7399,52.3736],[18.7152,52.3986],[18.683,52.4075],[18.658,52.4219],[18.6318,52.4539],[18.589,52.4616],[18.5597,52.4841],[18.5334,52.4914],[18.5266,52.4988]]],[[[19.1293,53.5883],[19.1276,53.6022],[19.1387,53.61],[19.1629,53.6243],[19.1845,53.6371],[19.2012,53.6382],[19.2103,53.6464],[19.213,53.6534],[19.2237,53.6687],[19.224,53.7004],[19.2373,53.7077],[19.2778,53.7324],[19.2917,53.7414],[19.3009,53.761],[19.303,53.7782],[19.3041,53.7836],[19.3089,53.7881],[19.3111,53.8045],[19.3235,53.8141],[19.3541,53.8153],[19.3707,53.8142],[19.4542,53.7976],[19.4605,53.7832],[19.4825,53.7802],[19.5003,53.8066],[19.5121,53.8489],[19.5244,53.8601],[19.5304,53.8743],[19.5335,53.8801],[19.5526,53.8942],[19.556,53.9258],[19.5676,53.928],[19.5821,53.9395],[19.5591,53.9473],[19.5417,53.9464],[19.5127,53.9474],[19.4842,53.9427],[19.4587,53.9421],[19.4373,53.9319],[19.4168,53.9263],[19.4017,53.9343],[19.3724,53.9462],[19.3659,53.9607],[19.3778,53.9849],[19.3957,54.0029],[19.372,54.0019],[19.3247,54.0203],[19.293,54.0248],[19.2851,54.0138],[19.2715,54.0238],[19.259,54.0357],[19.2722,54.0421],[19.2663,54.051],[19.2329,54.0641],[19.2254,54.0771],[19.2555,54.0857],[19.2316,54.1121],[19.2233,54.1203],[19.2395,54.1283],[19.2576,54.1508],[19.2489,54.16],[19.247,54.1672],[19.2547,54.1728],[19.2853,54.1865],[19.3136,54.1891],[19.3263,54.207],[19.3144,54.2183],[19.3047,54.2348],[19.2878,54.2552],[19.2739,54.2614],[19.2589,54.267],[19.2908,54.2992],[19.4957,54.3457],[19.6487,54.4533],[19.5461,54.4185],[19.41,54.3815],[19.1112,54.4854],[18.8929,54.5912],[18.8153,54.6337],[18.6616,54.7111],[18.4984,54.7663],[18.4214,54.798],[18.3489,54.8273],[18.3294,54.8353],[18.1732,54.8349],[18.0803,54.8352],[17.9116,54.8271],[17.7208,54.795],[17.6489,54.7817],[17.5935,54.7743],[17.5128,54.7645],[17.3829,54.7532],[17.316,54.7415],[17.2481,54.7324],[17.1813,54.7088],[17.0771,54.6788],[17.0441,54.6689],[17.034,54.6597],[16.9387,54.6089],[16.8984,54.5942],[16.8637,54.5913],[16.7941,54.5784],[16.7662,54.5699],[16.7126,54.5542],[16.7475,54.5304],[16.7415,54.5133],[16.764,54.4861],[16.7933,54.4874],[16.7995,54.4843],[16.8117,54.4743],[16.8198,54.473],[16.8266,54.4586],[16.8271,54.4488],[16.8396,54.432],[16.8339,54.4111],[16.8404,54.3987],[16.8522,54.3861],[16.8507,54.3741],[16.8375,54.3705],[16.8078,54.3705],[16.8281,54.3458],[16.8229,54.3379],[16.8198,54.3248],[16.8198,54.3168],[16.838,54.3139],[16.8625,54.2897],[16.8626,54.2639],[16.8485,54.2541],[16.8267,54.2471],[16.8095,54.243],[16.7779,54.2393],[16.7668,54.2387],[16.7554,54.2357],[16.7337,54.2328],[16.7291,54.2257],[16.7119,54.2142],[16.7327,54.2037],[16.7351,54.1846],[16.7341,54.1767],[16.7503,54.1714],[16.7568,54.1578],[16.7736,54.1535],[16.7764,54.1376],[16.7841,54.1312],[16.793,54.1212],[16.8046,54.1161],[16.7988,54.1051],[16.7949,54.0901],[16.7937,54.0756],[16.809,54.0706],[16.8119,54.0617],[16.7984,54.0556],[16.7981,54.0383],[16.7926,54.0312],[16.7831,54.0241],[16.7919,54.0081],[16.8012,54.0001],[16.7906,53.9851],[16.8043,53.9791],[16.8132,53.9838],[16.8082,53.9945],[16.815,54.0017],[16.8249,54.0043],[16.8438,53.9908],[16.8545,53.9836],[16.8743,53.9772],[16.8788,53.9657],[16.876,53.9521],[16.9087,53.9253],[16.9232,53.921],[16.9414,53.9121],[16.9552,53.9068],[16.9645,53.9049],[16.9763,53.8798],[16.9547,53.8747],[16.9018,53.8768],[16.8711,53.8575],[16.8725,53.845],[16.8685,53.8341],[16.8855,53.8291],[16.9003,53.8235],[16.9115,53.8178],[16.9095,53.8018],[16.9376,53.8019],[16.9445,53.8009],[16.9341,53.784],[16.9206,53.7746],[16.8807,53.7557],[16.868,53.7306],[16.8757,53.7151],[16.8866,53.6734],[16.8998,53.6409],[16.8994,53.6338],[16.9011,53.6249],[16.9023,53.6182],[16.9137,53.6061],[16.9163,53.6005],[16.9257,53.5968],[16.9336,53.5868],[16.941,53.5817],[16.9399,53.576],[16.9449,53.5616],[16.9488,53.5496],[16.966,53.5486],[16.9811,53.5568],[17.0058,53.5377],[16.9923,53.5256],[16.9998,53.518],[17.012,53.5202],[17.0328,53.5158],[17.0487,53.5201],[17.0646,53.5232],[17.0842,53.5389],[17.099,53.5427],[17.1317,53.5363],[17.1495,53.5294],[17.1645,53.5307],[17.1973,53.5323],[17.2151,53.5341],[17.2445,53.5312],[17.2781,53.5351],[17.2961,53.5246],[17.3055,53.5127],[17.3271,53.5027],[17.3404,53.5016],[17.3495,53.4955],[17.3633,53.4972],[17.3798,53.4966],[17.3907,53.491],[17.3938,53.5078],[17.4038,53.5236],[17.4171,53.5329],[17.4207,53.5486],[17.4171,53.5684],[17.4249,53.5788],[17.4266,53.5857],[17.4413,53.5987],[17.458,53.5999],[17.4745,53.6031],[17.4997,53.6077],[17.5089,53.6173],[17.5255,53.6035],[17.5365,53.5879],[17.5495,53.5794],[17.5841,53.5833],[17.6044,53.5969],[17.6508,53.5816],[17.6749,53.572],[17.6725,53.5849],[17.657,53.594],[17.6743,53.5999],[17.6872,53.5927],[17.7046,53.5952],[17.7304,53.5929],[17.7347,53.6046],[17.7261,53.6097],[17.7187,53.614],[17.7147,53.6213],[17.7119,53.6362],[17.7236,53.6404],[17.7333,53.6551],[17.7342,53.6633],[17.7441,53.6716],[17.7484,53.6809],[17.7591,53.6847],[17.7665,53.6882],[17.7981,53.6788],[17.8233,53.6892],[17.839,53.6903],[17.8522,53.6879],[17.8725,53.6995],[17.8916,53.7076],[17.8925,53.7174],[17.9023,53.7229],[17.8861,53.7347],[17.8761,53.746],[17.8686,53.7596],[17.8926,53.7522],[17.9153,53.748],[17.9326,53.7449],[17.942,53.7474],[17.9536,53.7381],[17.9864,53.7315],[17.9912,53.7245],[18.0044,53.7241],[18.0344,53.7262],[18.0416,53.7398],[18.0659,53.7676],[18.072,53.7811],[18.0994,53.7674],[18.1074,53.7614],[18.1168,53.7594],[18.1256,53.7643],[18.1518,53.7682],[18.1549,53.7532],[18.1814,53.7533],[18.2015,53.7562],[18.2004,53.744],[18.2155,53.7477],[18.2213,53.7517],[18.2442,53.7439],[18.2596,53.7425],[18.2701,53.734],[18.2679,53.7278],[18.2741,53.7168],[18.2638,53.701],[18.3163,53.6965],[18.3462,53.6923],[18.3622,53.6879],[18.42,53.6919],[18.4557,53.6937],[18.4649,53.6874],[18.4717,53.7011],[18.481,53.7022],[18.5059,53.701],[18.5177,53.7012],[18.5125,53.6877],[18.5298,53.6792],[18.5281,53.6687],[18.5401,53.6663],[18.5626,53.6581],[18.5843,53.6611],[18.5787,53.6774],[18.5989,53.6726],[18.6195,53.6734],[18.6552,53.6936],[18.6768,53.6907],[18.6879,53.6991],[18.7084,53.6865],[18.731,53.6844],[18.7413,53.6928],[18.7507,53.6926],[18.7657,53.6998],[18.789,53.7021],[18.7772,53.6849],[18.753,53.6635],[18.7405,53.6323],[18.7607,53.6047],[18.8253,53.6048],[18.8621,53.6009],[18.89,53.5995],[18.9083,53.5881],[18.9093,53.5776],[18.9248,53.591],[18.9768,53.5874],[18.9888,53.5951],[19.0187,53.591],[19.0498,53.5967],[19.0689,53.5966],[19.1293,53.5883]]],[[[17.7568,50.0609],[17.761,50.0546],[17.7704,50.0358],[17.7716,50.0253],[17.795,50.0176],[17.8277,50.0113],[17.8328,49.9916],[17.8425,49.9869],[17.8565,49.9799],[17.8852,49.9793],[17.898,49.9779],[17.9228,49.9787],[17.954,50.0051],[17.9657,50.0083],[17.9877,50.0122],[18.0046,50.0184],[18.0261,50.0104],[18.046,50.0082],[18.0429,50.022],[18.0434,50.0367],[18.0178,50.0314],[18.0066,50.0447],[18.0135,50.0556],[18.0412,50.0698],[18.0571,50.087],[18.067,50.1072],[18.0608,50.116],[18.0682,50.1297],[18.0502,50.1381],[18.066,50.157],[18.0579,50.1733],[18.071,50.1706],[18.1009,50.1756],[18.1228,50.1748],[18.1246,50.18],[18.1456,50.1795],[18.1727,50.1867],[18.1853,50.1869],[18.2051,50.1903],[18.2494,50.1978],[18.2376,50.2099],[18.2494,50.2178],[18.2713,50.2204],[18.2964,50.2303],[18.3132,50.2359],[18.3308,50.2443],[18.3551,50.2551],[18.3687,50.2545],[18.399,50.2538],[18.4258,50.249],[18.4253,50.2613],[18.4202,50.2739],[18.4002,50.2841],[18.4076,50.2899],[18.394,50.3092],[18.4057,50.3243],[18.4001,50.3313],[18.3733,50.3463],[18.3728,50.3611],[18.3874,50.3701],[18.3768,50.3803],[18.3906,50.3854],[18.3847,50.4004],[18.3699,50.4158],[18.3698,50.4158],[18.3669,50.4268],[18.389,50.4394],[18.3829,50.4564],[18.3838,50.4612],[18.3838,50.4836],[18.4097,50.4746],[18.4526,50.4769],[18.4533,50.471],[18.4678,50.4617],[18.486,50.4699],[18.4744,50.4793],[18.4665,50.4995],[18.4429,50.513],[18.4382,50.5272],[18.4356,50.5417],[18.4518,50.5475],[18.4846,50.5514],[18.5338,50.5427],[18.5727,50.5481],[18.5815,50.5484],[18.6043,50.5494],[18.6034,50.5676],[18.5962,50.5726],[18.6017,50.6045],[18.5174,50.6255],[18.5168,50.6396],[18.5227,50.6596],[18.5039,50.6737],[18.4894,50.6777],[18.4994,50.6895],[18.4936,50.7005],[18.4839,50.7083],[18.5069,50.7132],[18.5207,50.7263],[18.5483,50.732],[18.5705,50.7447],[18.5806,50.7518],[18.5571,50.7568],[18.5377,50.7732],[18.5243,50.7872],[18.5198,50.7963],[18.5036,50.797],[18.5219,50.8024],[18.5622,50.8089],[18.5629,50.8197],[18.5785,50.8443],[18.6164,50.8538],[18.6229,50.8652],[18.6294,50.8794],[18.637,50.8927],[18.6423,50.8995],[18.6541,50.9208],[18.6303,50.9312],[18.6197,50.9613],[18.6429,50.9655],[18.6636,50.9706],[18.6645,50.9842],[18.667,51.0078],[18.6954,51.0157],[18.672,51.0491],[18.665,51.0545],[18.6375,51.0634],[18.6232,51.0755],[18.6232,51.0766],[18.5997,51.0823],[18.5776,51.082],[18.5697,51.0996],[18.5641,51.1123],[18.5634,51.1264],[18.5418,51.1404],[18.5208,51.1403],[18.5164,51.1212],[18.5195,51.109],[18.4943,51.0935],[18.4783,51.0923],[18.468,51.1122],[18.4359,51.1143],[18.4189,51.1259],[18.391,51.1272],[18.3751,51.1316],[18.3627,51.1368],[18.3479,51.1376],[18.3233,51.1383],[18.3,51.1397],[18.2773,51.1478],[18.2595,51.1577],[18.2345,51.1583],[18.2236,51.157],[18.1965,51.158],[18.1635,51.1677],[18.1618,51.1743],[18.1381,51.1712],[18.1021,51.1587],[18.0889,51.1594],[18.0705,51.1556],[18.068,51.15],[18.0731,51.1447],[18.0503,51.1351],[18.0038,51.1219],[17.9547,51.1126],[17.925,51.1115],[17.9056,51.107],[17.8854,51.1037],[17.8686,51.1106],[17.8517,51.1128],[17.8391,51.1165],[17.8199,51.121],[17.8132,51.1381],[17.8315,51.1374],[17.8386,51.1533],[17.848,51.1835],[17.8278,51.1933],[17.8103,51.1903],[17.7949,51.19],[17.7798,51.1832],[17.7495,51.1791],[17.6981,51.171],[17.6742,51.1641],[17.6591,51.1634],[17.6404,51.1731],[17.6195,51.1844],[17.5966,51.1785],[17.5875,51.169],[17.5664,51.1614],[17.554,51.1568],[17.5572,51.141],[17.5764,51.1294],[17.5718,51.1161],[17.568,51.0984],[17.5766,51.0862],[17.5644,51.0731],[17.5366,51.0693],[17.5245,51.0585],[17.5184,51.0515],[17.5335,51.043],[17.5185,51.0175],[17.522,51.0091],[17.542,51.0025],[17.5349,50.9901],[17.5043,50.9886],[17.4954,50.985],[17.5131,50.9724],[17.5049,50.9697],[17.4691,50.9719],[17.4314,50.9671],[17.4383,50.9395],[17.4347,50.928],[17.429,50.9146],[17.4075,50.9107],[17.4026,50.9187],[17.3816,50.9247],[17.3705,50.9183],[17.3579,50.9071],[17.3681,50.898],[17.3957,50.8809],[17.3851,50.8756],[17.3664,50.8598],[17.3467,50.8519],[17.3282,50.8506],[17.3429,50.8316],[17.3275,50.8186],[17.3491,50.8052],[17.352,50.7904],[17.3331,50.787],[17.3045,50.7886],[17.2708,50.7854],[17.2562,50.7746],[17.2663,50.7718],[17.2795,50.7609],[17.3011,50.743],[17.2858,50.743],[17.265,50.7398],[17.252,50.7177],[17.2405,50.7184],[17.2208,50.7137],[17.2591,50.6905],[17.2348,50.6811],[17.2385,50.6586],[17.2354,50.6463],[17.2343,50.6319],[17.2448,50.6197],[17.2238,50.6146],[17.1543,50.612],[17.1409,50.6103],[17.1165,50.5961],[17.0992,50.5759],[17.0941,50.5644],[17.0687,50.5445],[17.063,50.5299],[17.0743,50.515],[17.0567,50.5049],[17.0589,50.4917],[17.0615,50.4834],[17.055,50.4692],[17.0292,50.4649],[17.0192,50.4651],[17.0173,50.4736],[17.0068,50.4753],[16.9928,50.4749],[16.976,50.4757],[16.959,50.4878],[16.9418,50.4681],[16.922,50.4537],[16.9176,50.4446],[16.9375,50.4356],[16.9625,50.4265],[16.9825,50.4197],[17.0062,50.4245],[17.0243,50.4215],[17.0416,50.4119],[17.0645,50.4063],[17.085,50.4058],[17.1111,50.3937],[17.1296,50.3912],[17.1572,50.3801],[17.1841,50.3899],[17.2011,50.364],[17.2183,50.3508],[17.2421,50.3373],[17.2637,50.3282],[17.2898,50.3175],[17.3278,50.3271],[17.3405,50.3227],[17.3489,50.3117],[17.3463,50.2985],[17.3379,50.2835],[17.3428,50.2769],[17.3577,50.2653],[17.3661,50.2821],[17.4008,50.2796],[17.4239,50.2715],[17.4277,50.2586],[17.4375,50.2517],[17.4572,50.2603],[17.4645,50.2674],[17.4796,50.2712],[17.5153,50.2746],[17.549,50.27],[17.5733,50.275],[17.5799,50.2771],[17.5867,50.278],[17.5867,50.278],[17.5919,50.2783],[17.5942,50.277],[17.5975,50.2749],[17.5979,50.2741],[17.5978,50.2737],[17.5978,50.2737],[17.5981,50.273],[17.5987,50.2705],[17.5993,50.2703],[17.6038,50.2689],[17.6384,50.2737],[17.6586,50.285],[17.6655,50.2881],[17.6808,50.297],[17.689,50.3156],[17.713,50.3226],[17.7291,50.3034],[17.7495,50.301],[17.7435,50.2901],[17.7272,50.274],[17.738,50.2492],[17.7566,50.2214],[17.7585,50.2066],[17.7346,50.2025],[17.7174,50.2057],[17.711,50.1955],[17.7021,50.1845],[17.6799,50.1827],[17.6432,50.1758],[17.6298,50.1728],[17.6286,50.1719],[17.6282,50.1717],[17.6267,50.1704],[17.6067,50.1712],[17.5989,50.1557],[17.6167,50.1392],[17.6391,50.1314],[17.6503,50.1108],[17.6833,50.1173],[17.7051,50.1144],[17.7292,50.0884],[17.7499,50.0774],[17.7568,50.0609]]],[[[18.6768,53.6907],[18.6427,53.6828],[18.6095,53.6706],[18.5787,53.6774],[18.5802,53.6579],[18.5506,53.6559],[18.5281,53.6687],[18.5145,53.681],[18.5177,53.7012],[18.4942,53.6992],[18.4717,53.7011],[18.4649,53.6874],[18.4185,53.6872],[18.3622,53.6879],[18.3254,53.6947],[18.2919,53.6994],[18.2756,53.7231],[18.2739,53.7317],[18.2596,53.7425],[18.219,53.7398],[18.2155,53.7477],[18.2004,53.744],[18.1814,53.7533],[18.1549,53.7532],[18.138,53.7675],[18.1168,53.7594],[18.1104,53.7643],[18.0942,53.7749],[18.0577,53.7605],[18.0468,53.7362],[18.0148,53.7242],[17.9856,53.7295],[17.9614,53.7393],[17.942,53.7474],[17.9226,53.7497],[17.8926,53.7522],[17.8601,53.755],[17.8861,53.7347],[17.9023,53.7229],[17.8967,53.7099],[17.8725,53.6995],[17.8469,53.6909],[17.8242,53.6917],[17.7722,53.6999],[17.7638,53.6836],[17.7484,53.6809],[17.7436,53.6684],[17.7333,53.6551],[17.7236,53.6404],[17.7151,53.6254],[17.7187,53.614],[17.7288,53.6136],[17.7318,53.6004],[17.7007,53.5917],[17.6804,53.5952],[17.657,53.594],[17.6742,53.5836],[17.6567,53.5712],[17.6044,53.5969],[17.5648,53.578],[17.5365,53.5879],[17.523,53.6063],[17.4997,53.6077],[17.4745,53.6031],[17.4514,53.6021],[17.4266,53.5857],[17.4196,53.5743],[17.4136,53.5603],[17.4115,53.5337],[17.4027,53.5133],[17.3907,53.491],[17.3629,53.4585],[17.3456,53.4529],[17.3359,53.4465],[17.3157,53.4317],[17.2947,53.4218],[17.2957,53.4037],[17.2668,53.3873],[17.2479,53.3757],[17.2572,53.3634],[17.2939,53.3533],[17.334,53.3487],[17.3452,53.3356],[17.3534,53.3239],[17.3748,53.3128],[17.3968,53.2931],[17.4107,53.2871],[17.4388,53.2675],[17.4279,53.2464],[17.3981,53.2268],[17.3631,53.2232],[17.329,53.214],[17.3458,53.2011],[17.3352,53.1795],[17.3422,53.1587],[17.374,53.1486],[17.384,53.133],[17.3526,53.1312],[17.3572,53.0872],[17.3239,53.0783],[17.3306,53.0512],[17.3324,53.019],[17.3136,53.0127],[17.3016,52.9948],[17.3188,52.9871],[17.3686,52.9733],[17.4207,52.9694],[17.4484,52.957],[17.4839,52.9501],[17.5186,52.928],[17.5148,52.9018],[17.5266,52.8776],[17.5247,52.8639],[17.5133,52.8549],[17.5196,52.8271],[17.5137,52.812],[17.5098,52.7958],[17.473,52.7876],[17.4528,52.7972],[17.4273,52.7863],[17.4081,52.7715],[17.4077,52.7616],[17.4217,52.7511],[17.4585,52.7389],[17.4796,52.7322],[17.4824,52.7195],[17.5004,52.7086],[17.4779,52.7068],[17.4718,52.6937],[17.4822,52.6877],[17.5008,52.6847],[17.5244,52.6726],[17.5516,52.6897],[17.573,52.6921],[17.5813,52.7046],[17.6277,52.7082],[17.6477,52.6903],[17.6316,52.6724],[17.6352,52.6506],[17.6775,52.6486],[17.6824,52.6238],[17.6901,52.6023],[17.7017,52.6084],[17.7212,52.6197],[17.746,52.6353],[17.7264,52.6361],[17.7324,52.6469],[17.7605,52.6495],[17.7617,52.6347],[17.7843,52.6514],[17.8023,52.647],[17.8289,52.6364],[17.8516,52.6294],[17.8765,52.6286],[17.9103,52.601],[17.9044,52.5833],[17.9164,52.5756],[17.9464,52.5782],[17.9612,52.5705],[17.9721,52.5673],[17.987,52.556],[17.9982,52.5421],[18.0227,52.5551],[18.051,52.5448],[18.0772,52.5516],[18.0954,52.5532],[18.1002,52.5331],[18.0905,52.5204],[18.1231,52.5117],[18.1548,52.5095],[18.1987,52.5048],[18.2002,52.4863],[18.2354,52.4853],[18.259,52.4813],[18.2756,52.4914],[18.346,52.5235],[18.3524,52.5434],[18.388,52.5269],[18.384,52.4772],[18.4,52.4741],[18.4197,52.4732],[18.4478,52.4786],[18.466,52.4854],[18.4736,52.4921],[18.5266,52.4988],[18.5267,52.4988],[18.5334,52.4914],[18.5541,52.4851],[18.5601,52.4633],[18.589,52.4616],[18.6261,52.4557],[18.6501,52.4503],[18.658,52.4219],[18.6826,52.4112],[18.6811,52.4002],[18.7152,52.3986],[18.7322,52.38],[18.7392,52.3692],[18.754,52.361],[18.7555,52.3328],[18.7712,52.334],[18.7872,52.342],[18.8245,52.3482],[18.8514,52.3487],[18.88,52.3638],[18.8927,52.3631],[18.929,52.3788],[18.9244,52.3999],[18.9447,52.3845],[18.9754,52.375],[18.98,52.3646],[18.9822,52.3565],[19.02,52.3379],[19.0471,52.3328],[19.0571,52.3382],[19.1008,52.3479],[19.1332,52.3438],[19.1596,52.3408],[19.1932,52.3531],[19.2007,52.3513],[19.2091,52.3535],[19.2194,52.3648],[19.2367,52.3622],[19.2639,52.3842],[19.2892,52.3927],[19.2934,52.4183],[19.2867,52.433],[19.2681,52.4488],[19.2991,52.4453],[19.3228,52.4545],[19.3509,52.4795],[19.3554,52.4916],[19.3721,52.5072],[19.3716,52.5217],[19.333,52.5249],[19.3196,52.5349],[19.3488,52.5281],[19.3499,52.5401],[19.3508,52.569],[19.3942,52.5828],[19.4051,52.5919],[19.4193,52.5994],[19.3713,52.6248],[19.3804,52.641],[19.4039,52.6492],[19.4303,52.6716],[19.4456,52.6789],[19.4366,52.6931],[19.4401,52.7191],[19.455,52.7257],[19.4802,52.7172],[19.4943,52.7099],[19.5168,52.71],[19.5035,52.723],[19.4991,52.7314],[19.5195,52.7425],[19.5043,52.7487],[19.5003,52.7636],[19.4837,52.7814],[19.4643,52.7942],[19.4446,52.8089],[19.4312,52.8235],[19.423,52.8327],[19.4533,52.8437],[19.4749,52.8653],[19.5109,52.8618],[19.4922,52.8781],[19.4642,52.9136],[19.447,52.9315],[19.4577,52.9418],[19.5098,52.938],[19.5319,52.9418],[19.5754,52.9563],[19.5759,52.9699],[19.5547,52.9901],[19.5884,52.9832],[19.6457,52.9709],[19.6644,52.9592],[19.6847,52.963],[19.6738,52.9832],[19.6771,53.0007],[19.6835,53.0186],[19.6659,53.0382],[19.653,53.0411],[19.6458,53.0543],[19.6561,53.0741],[19.6387,53.0949],[19.6506,53.1124],[19.6727,53.1127],[19.6912,53.1226],[19.712,53.1347],[19.7508,53.1784],[19.7431,53.1866],[19.7417,53.1978],[19.7522,53.2144],[19.7436,53.2282],[19.7168,53.2311],[19.6951,53.2328],[19.6848,53.2538],[19.6935,53.2638],[19.7254,53.2705],[19.7216,53.2865],[19.6898,53.3068],[19.6737,53.3371],[19.6124,53.3383],[19.5967,53.334],[19.5201,53.3304],[19.526,53.3521],[19.5233,53.3568],[19.5085,53.3709],[19.4786,53.3622],[19.4732,53.3716],[19.4468,53.3609],[19.4444,53.376],[19.4045,53.392],[19.3908,53.3976],[19.3599,53.4092],[19.3295,53.405],[19.3077,53.4068],[19.296,53.395],[19.2591,53.3965],[19.2445,53.4109],[19.2546,53.4315],[19.2457,53.444],[19.2447,53.4577],[19.2259,53.4612],[19.2232,53.4804],[19.2058,53.4967],[19.2019,53.5209],[19.2182,53.5291],[19.2079,53.5481],[19.1997,53.5701],[19.1613,53.5841],[19.0966,53.5967],[19.0498,53.5967],[19.0187,53.591],[18.9873,53.5899],[18.9248,53.591],[18.9031,53.5779],[18.8953,53.5957],[18.8432,53.602],[18.7735,53.607],[18.7405,53.6323],[18.7715,53.6769],[18.789,53.7021],[18.7657,53.6998],[18.7471,53.686],[18.731,53.6844],[18.6952,53.6928],[18.6768,53.6907]]],[[[19.4674,49.6138],[19.4797,49.6316],[19.4685,49.6439],[19.4709,49.666],[19.4493,49.6793],[19.418,49.6746],[19.4071,49.6786],[19.3797,49.6899],[19.396,49.7068],[19.4293,49.7195],[19.4446,49.7349],[19.4264,49.7643],[19.4108,49.7715],[19.3867,49.7696],[19.3661,49.7777],[19.3371,49.7728],[19.3158,49.7845],[19.297,49.8093],[19.286,49.8213],[19.2946,49.85],[19.2709,49.8607],[19.2506,49.8636],[19.2212,49.8687],[19.2026,49.8716],[19.1824,49.8564],[19.1571,49.8651],[19.1803,49.8812],[19.1968,49.901],[19.1865,49.9192],[19.184,49.9366],[19.1849,49.95],[19.1616,49.9396],[19.1018,49.9476],[19.0833,49.9508],[19.1121,49.959],[19.1176,49.9681],[19.1201,49.9861],[19.1173,49.9994],[19.128,50.0141],[19.1429,50.0284],[19.1483,50.0395],[19.16,50.0543],[19.1825,50.0603],[19.2096,50.0641],[19.2224,50.0648],[19.2133,50.0741],[19.2232,50.0881],[19.2396,50.111],[19.2544,50.1306],[19.2746,50.1366],[19.2883,50.1404],[19.3316,50.1442],[19.3538,50.1539],[19.3666,50.1732],[19.3518,50.177],[19.3521,50.1913],[19.3752,50.196],[19.4054,50.2068],[19.441,50.2259],[19.4071,50.2321],[19.3401,50.2496],[19.3388,50.2634],[19.3632,50.2606],[19.3736,50.2715],[19.3881,50.2893],[19.4008,50.2974],[19.3984,50.3084],[19.4134,50.3273],[19.4344,50.3247],[19.4673,50.3226],[19.4876,50.3473],[19.4594,50.3634],[19.4911,50.3818],[19.4876,50.397],[19.5195,50.415],[19.5453,50.4189],[19.5706,50.4086],[19.5993,50.4056],[19.6293,50.4129],[19.6545,50.4141],[19.6776,50.4339],[19.6967,50.442],[19.725,50.4409],[19.7487,50.4421],[19.7712,50.4422],[19.8,50.4439],[19.8201,50.4345],[19.8412,50.4386],[19.8504,50.4436],[19.903,50.4568],[19.9005,50.4735],[19.9328,50.4782],[19.961,50.4769],[19.9563,50.4909],[19.9392,50.5026],[19.9082,50.5225],[19.8828,50.5425],[19.8541,50.5464],[19.8417,50.5551],[19.7881,50.5628],[19.804,50.5656],[19.8367,50.5897],[19.8445,50.5986],[19.8716,50.6208],[19.909,50.6299],[19.9202,50.6345],[19.8848,50.6402],[19.8703,50.6455],[19.8329,50.6672],[19.8644,50.6643],[19.8717,50.693],[19.8478,50.697],[19.8199,50.7057],[19.8099,50.7114],[19.8017,50.7171],[19.7788,50.7217],[19.7132,50.7323],[19.7083,50.7438],[19.721,50.7631],[19.7375,50.765],[19.7658,50.7717],[19.7705,50.7773],[19.7854,50.7933],[19.7827,50.8068],[19.7883,50.8185],[19.8095,50.8036],[19.8205,50.8076],[19.8297,50.8237],[19.8194,50.8385],[19.7923,50.8508],[19.7634,50.8592],[19.7285,50.8494],[19.695,50.8435],[19.6701,50.8487],[19.6578,50.8633],[19.6303,50.8786],[19.5936,50.8999],[19.5775,50.9072],[19.5413,50.8987],[19.5019,50.885],[19.4831,50.8838],[19.4696,50.8937],[19.4672,50.9095],[19.4444,50.9398],[19.4322,50.9649],[19.4134,50.9752],[19.4073,50.9852],[19.3948,50.9965],[19.3676,50.9951],[19.3516,50.9959],[19.3245,51.0194],[19.3184,51.0282],[19.3106,51.0476],[19.2918,51.0455],[19.2601,51.0314],[19.2466,51.031],[19.2562,51.0063],[19.2461,50.9948],[19.2144,50.9864],[19.1617,51.0006],[19.1273,51.0059],[19.1236,50.9996],[19.1074,51.0216],[19.0818,51.035],[19.0503,51.0298],[19.0453,51.0452],[19.0187,51.0512],[19.0116,51.0664],[18.9849,51.0774],[18.9554,51.0902],[18.9324,51.0931],[18.9009,51.08],[18.8933,51.0602],[18.863,51.0727],[18.8166,51.0729],[18.7811,51.0658],[18.7494,51.0623],[18.7157,51.0659],[18.6908,51.0612],[18.687,51.0261],[18.678,51.008],[18.6645,50.9842],[18.6483,50.9693],[18.6222,50.9656],[18.6303,50.9312],[18.6541,50.9208],[18.6424,50.8958],[18.6337,50.8833],[18.6229,50.8652],[18.6021,50.8539],[18.5573,50.8315],[18.5622,50.8089],[18.5136,50.8035],[18.5124,50.798],[18.5243,50.7872],[18.5377,50.7732],[18.5723,50.7563],[18.5722,50.749],[18.5483,50.732],[18.509,50.7261],[18.4896,50.7086],[18.4936,50.7005],[18.4934,50.687],[18.4976,50.6789],[18.5227,50.6596],[18.5168,50.6396],[18.5873,50.6138],[18.5918,50.5742],[18.6034,50.5676],[18.596,50.5503],[18.5799,50.5456],[18.5338,50.5427],[18.4846,50.5514],[18.4356,50.5447],[18.4299,50.5316],[18.4455,50.5115],[18.4672,50.4887],[18.486,50.4699],[18.4678,50.4617],[18.4504,50.474],[18.4348,50.4784],[18.3838,50.4836],[18.3838,50.4612],[18.3875,50.4452],[18.376,50.4265],[18.3699,50.4158],[18.3781,50.4135],[18.3936,50.3915],[18.3768,50.3803],[18.3874,50.3701],[18.3577,50.3566],[18.3947,50.3378],[18.409,50.3172],[18.3932,50.3054],[18.4002,50.2841],[18.4202,50.2739],[18.4202,50.2615],[18.4059,50.2548],[18.3687,50.2545],[18.3621,50.2473],[18.313,50.2407],[18.2964,50.2303],[18.2645,50.2222],[18.2367,50.2142],[18.2494,50.1978],[18.2051,50.1903],[18.177,50.1837],[18.1484,50.182],[18.1335,50.1844],[18.1105,50.1673],[18.1011,50.1777],[18.0579,50.1733],[18.066,50.157],[18.0547,50.1336],[18.062,50.1193],[18.067,50.1072],[18.0522,50.0838],[18.0408,50.063],[18.0617,50.0591],[18.0894,50.0441],[18.0966,50.026],[18.1048,50.0009],[18.1209,49.9945],[18.1538,49.9824],[18.172,49.99],[18.183,50.0004],[18.2065,49.9979],[18.2154,49.9757],[18.2479,49.9687],[18.2731,49.9659],[18.2879,49.9319],[18.2992,49.9238],[18.3333,49.9276],[18.3468,49.9401],[18.3378,49.9459],[18.364,49.9405],[18.4004,49.9356],[18.4308,49.9382],[18.4614,49.9228],[18.4799,49.911],[18.505,49.9026],[18.5295,49.8998],[18.5443,49.9261],[18.5721,49.9217],[18.5801,49.9055],[18.573,49.8871],[18.5719,49.8722],[18.5904,49.8676],[18.6039,49.8571],[18.5827,49.8407],[18.5701,49.827],[18.5824,49.8099],[18.5928,49.7977],[18.6049,49.7746],[18.6144,49.7617],[18.6291,49.7473],[18.6288,49.7263],[18.649,49.7109],[18.6641,49.7096],[18.681,49.7038],[18.7144,49.6962],[18.7233,49.6827],[18.7415,49.6764],[18.7739,49.6828],[18.8046,49.6789],[18.8093,49.6575],[18.8134,49.6398],[18.8193,49.6176],[18.8267,49.5969],[18.8324,49.5856],[18.8374,49.5694],[18.8487,49.5587],[18.8575,49.5379],[18.8447,49.5282],[18.8691,49.519],[18.8958,49.5145],[18.9466,49.5174],[18.9611,49.5097],[18.9662,49.4931],[18.9702,49.4768],[18.9608,49.4547],[18.9837,49.4335],[18.9687,49.4133],[18.9712,49.4021],[19.0098,49.3948],[19.035,49.3957],[19.0539,49.4152],[19.0765,49.417],[19.1073,49.4037],[19.1324,49.4057],[19.1471,49.4052],[19.1773,49.414],[19.1915,49.4202],[19.1944,49.443],[19.219,49.4486],[19.2271,49.4669],[19.2251,49.4786],[19.2349,49.495],[19.2336,49.5109],[19.2605,49.527],[19.2747,49.5319],[19.3067,49.5364],[19.3294,49.5317],[19.3661,49.5389],[19.3714,49.5557],[19.3841,49.5721],[19.4076,49.5808],[19.4306,49.5954],[19.4422,49.6043],[19.4674,49.6138]]],[[[19.8778,52.2891],[19.861,52.2777],[19.8404,52.2718],[19.8162,52.2839],[19.7929,52.2737],[19.7594,52.263],[19.7028,52.2764],[19.684,52.2628],[19.6483,52.2537],[19.6238,52.264],[19.6259,52.278],[19.6085,52.2897],[19.5492,52.2941],[19.538,52.3049],[19.5126,52.3109],[19.4962,52.3245],[19.4549,52.3501],[19.4388,52.3415],[19.4072,52.3389],[19.3807,52.3436],[19.3493,52.3471],[19.3222,52.3484],[19.3234,52.369],[19.297,52.3686],[19.3089,52.3816],[19.3021,52.3915],[19.2681,52.3893],[19.2505,52.3758],[19.2247,52.3616],[19.2071,52.3584],[19.2249,52.3442],[19.206,52.356],[19.1805,52.349],[19.1518,52.3464],[19.124,52.3428],[19.0832,52.3435],[19.06,52.3324],[19.047,52.3266],[19.0363,52.3154],[19.0425,52.2918],[19.0457,52.2715],[19.0713,52.2728],[19.1003,52.2659],[19.1039,52.2464],[19.0799,52.2307],[19.0821,52.2228],[19.0527,52.2125],[18.9922,52.2145],[18.9641,52.2024],[18.9433,52.1994],[18.924,52.1963],[18.9156,52.1608],[18.9133,52.13],[18.9425,52.1279],[18.9443,52.1056],[18.9287,52.0911],[18.8948,52.0809],[18.8726,52.086],[18.8534,52.0814],[18.8278,52.0642],[18.8027,52.0658],[18.7721,52.0644],[18.7238,52.0649],[18.718,52.0483],[18.7223,52.0282],[18.726,52.0131],[18.7171,51.9929],[18.7322,51.977],[18.7236,51.9581],[18.7382,51.9627],[18.7416,51.9451],[18.7679,51.9278],[18.7393,51.899],[18.7334,51.8885],[18.721,51.8735],[18.6968,51.8657],[18.6928,51.8451],[18.6845,51.8208],[18.6425,51.8339],[18.6103,51.8395],[18.5671,51.8442],[18.5465,51.8429],[18.5227,51.8344],[18.5105,51.8507],[18.4721,51.851],[18.4646,51.838],[18.4678,51.8254],[18.4571,51.8248],[18.4411,51.8094],[18.4369,51.7936],[18.4244,51.8006],[18.4165,51.7851],[18.4322,51.7648],[18.4159,51.7485],[18.4151,51.7453],[18.4208,51.7268],[18.411,51.7144],[18.4122,51.7006],[18.3969,51.6958],[18.3799,51.6844],[18.3683,51.6575],[18.3743,51.6374],[18.3533,51.6298],[18.3647,51.624],[18.3487,51.6014],[18.3786,51.5923],[18.3648,51.5645],[18.3683,51.5497],[18.3585,51.5362],[18.3801,51.5182],[18.3601,51.4682],[18.3514,51.4497],[18.3354,51.4255],[18.2793,51.4325],[18.2453,51.4445],[18.2116,51.4517],[18.1942,51.4368],[18.2114,51.4235],[18.2058,51.4124],[18.1929,51.3876],[18.1492,51.3915],[18.1388,51.3792],[18.1297,51.3622],[18.0854,51.3543],[18.0934,51.3411],[18.1128,51.3108],[18.1098,51.2932],[18.105,51.2855],[18.1163,51.2757],[18.1034,51.2683],[18.1245,51.265],[18.1533,51.264],[18.1703,51.2714],[18.1684,51.2482],[18.1743,51.2309],[18.1717,51.2147],[18.1621,51.1923],[18.1663,51.1812],[18.1635,51.1677],[18.2082,51.1556],[18.2309,51.1557],[18.2514,51.1558],[18.2702,51.1505],[18.3053,51.1353],[18.3326,51.1392],[18.3536,51.1362],[18.3749,51.1339],[18.391,51.1272],[18.4219,51.1171],[18.4543,51.1151],[18.4697,51.1044],[18.4943,51.0935],[18.5195,51.109],[18.5164,51.1212],[18.5333,51.138],[18.5537,51.1388],[18.5641,51.1123],[18.5697,51.0996],[18.5776,51.082],[18.6235,51.0769],[18.6232,51.0756],[18.6375,51.0634],[18.665,51.0545],[18.7029,51.0644],[18.7315,51.0664],[18.7619,51.0634],[18.7929,51.064],[18.8179,51.0682],[18.8747,51.0674],[18.8933,51.0602],[18.9009,51.08],[18.9324,51.0931],[18.9554,51.0902],[18.9753,51.081],[19.0002,51.0709],[19.0157,51.0527],[19.0342,51.047],[19.0563,51.0348],[19.0561,51.0242],[19.1044,51.0263],[19.1108,51.0121],[19.1328,50.9996],[19.1327,51.0108],[19.165,50.9946],[19.2242,50.9859],[19.2461,50.9948],[19.2562,51.0063],[19.2466,51.031],[19.2601,51.0314],[19.2815,51.0394],[19.3032,51.0471],[19.3301,51.0362],[19.319,51.0196],[19.3476,51.0107],[19.3562,50.9926],[19.3813,50.9964],[19.4021,50.994],[19.4106,50.9807],[19.4134,50.9752],[19.4332,50.9555],[19.4465,50.9355],[19.4672,50.9095],[19.4696,50.8937],[19.4831,50.8838],[19.5019,50.885],[19.5249,50.8939],[19.5697,50.9083],[19.5877,50.9024],[19.6179,50.8805],[19.6538,50.8768],[19.6614,50.8545],[19.6802,50.8492],[19.6991,50.8443],[19.7411,50.8519],[19.7586,50.8717],[19.782,50.8847],[19.7931,50.9047],[19.8216,50.9132],[19.841,50.9233],[19.8331,50.9499],[19.8295,50.9677],[19.8471,50.9937],[19.8607,51.0183],[19.866,51.0365],[19.8777,51.0481],[19.8989,51.028],[19.9369,51.0246],[19.9588,51.0022],[20.0175,50.9624],[20.0346,50.9723],[20.0382,50.9914],[20.0404,51.0001],[20.0496,51.0161],[20.0489,51.0293],[20.0516,51.0628],[20.0316,51.0701],[19.9864,51.0782],[19.9929,51.1004],[19.9885,51.13],[19.9957,51.1356],[20.0174,51.1524],[20.0258,51.1647],[20.011,51.1954],[20.0535,51.2027],[20.0681,51.195],[20.0994,51.1912],[20.1404,51.1927],[20.1581,51.1979],[20.1788,51.2071],[20.2012,51.2041],[20.2146,51.2096],[20.232,51.2011],[20.2553,51.2119],[20.2513,51.2216],[20.2455,51.2504],[20.2605,51.2588],[20.278,51.2443],[20.3303,51.2539],[20.3711,51.2366],[20.3753,51.2618],[20.3904,51.2722],[20.365,51.3075],[20.3683,51.3106],[20.4056,51.3193],[20.4106,51.326],[20.4239,51.3334],[20.4259,51.354],[20.4297,51.3694],[20.4284,51.3776],[20.4408,51.3932],[20.452,51.4117],[20.4803,51.4097],[20.4891,51.4291],[20.4977,51.4418],[20.5273,51.4599],[20.5276,51.4739],[20.5199,51.5098],[20.4945,51.5003],[20.4502,51.5081],[20.4556,51.5422],[20.4684,51.5577],[20.4607,51.5744],[20.4333,51.5933],[20.4174,51.6067],[20.4188,51.6205],[20.4062,51.6353],[20.3953,51.647],[20.3904,51.6599],[20.4003,51.6728],[20.4204,51.6767],[20.441,51.6901],[20.4579,51.6924],[20.4797,51.686],[20.5145,51.6855],[20.5227,51.6657],[20.5843,51.6629],[20.6203,51.6576],[20.624,51.669],[20.6567,51.6938],[20.6547,51.713],[20.6489,51.7302],[20.6196,51.7426],[20.5841,51.7618],[20.5924,51.7768],[20.5866,51.7842],[20.5816,51.8111],[20.5761,51.821],[20.6195,51.8204],[20.5963,51.8398],[20.5918,51.8546],[20.5762,51.8715],[20.5634,51.8876],[20.5089,51.8938],[20.4794,51.9],[20.4783,51.9272],[20.4516,51.9352],[20.4326,51.9374],[20.4136,51.9304],[20.3891,51.942],[20.3837,51.937],[20.3538,51.9197],[20.301,51.9132],[20.31,51.935],[20.2916,51.9397],[20.2427,51.9345],[20.2933,51.9685],[20.2602,51.9914],[20.2624,52.0004],[20.2256,52.005],[20.2111,52.0177],[20.2531,52.0553],[20.2433,52.0731],[20.2699,52.0771],[20.2706,52.0936],[20.2414,52.1178],[20.2064,52.1151],[20.1846,52.1248],[20.1615,52.1426],[20.1348,52.1453],[20.0866,52.1585],[20.0731,52.1792],[20.0621,52.1881],[20.0805,52.233],[20.0376,52.2467],[20.018,52.262],[19.9651,52.2683],[19.9538,52.2834],[19.9192,52.2982],[19.9026,52.3086],[19.8778,52.2891]]],[[[20.0878,49.1836],[20.0872,49.1993],[20.1016,49.2227],[20.1022,49.2529],[20.122,49.2679],[20.1329,49.3006],[20.1519,49.3151],[20.1758,49.3142],[20.1706,49.3277],[20.1903,49.3387],[20.214,49.3484],[20.2407,49.3483],[20.2664,49.3471],[20.293,49.3515],[20.321,49.3483],[20.3262,49.3659],[20.3307,49.3903],[20.3224,49.4019],[20.3515,49.4014],[20.3711,49.4074],[20.3814,49.4009],[20.4048,49.3923],[20.4142,49.4035],[20.4333,49.3966],[20.4296,49.4157],[20.4464,49.4119],[20.4763,49.4141],[20.4901,49.4064],[20.5099,49.3934],[20.5467,49.3855],[20.58,49.3829],[20.6002,49.3883],[20.6136,49.4018],[20.6247,49.4105],[20.6426,49.401],[20.6856,49.4156],[20.7082,49.4187],[20.7363,49.4167],[20.7423,49.4038],[20.7582,49.4002],[20.7488,49.389],[20.7642,49.3709],[20.7817,49.3663],[20.7939,49.3631],[20.8055,49.3548],[20.8022,49.3555],[20.8096,49.3479],[20.8194,49.3393],[20.8427,49.3392],[20.8681,49.346],[20.8824,49.3331],[20.8908,49.3241],[20.9071,49.3212],[20.9165,49.3047],[20.9403,49.2992],[20.9619,49.3062],[20.9866,49.3066],[20.9901,49.3192],[21.0091,49.3371],[21.0162,49.3469],[21.0439,49.3654],[21.066,49.3653],[21.0941,49.3651],[21.09,49.3836],[21.068,49.3955],[21.0543,49.4042],[21.0565,49.4217],[21.0964,49.4295],[21.1152,49.4278],[21.1404,49.4306],[21.1552,49.421],[21.1794,49.409],[21.208,49.4025],[21.2241,49.4267],[21.2468,49.4392],[21.2655,49.4474],[21.2949,49.4529],[21.3294,49.4495],[21.352,49.4449],[21.3817,49.4346],[21.393,49.4457],[21.4079,49.4695],[21.3927,49.4815],[21.4164,49.4923],[21.4076,49.5096],[21.3893,49.5209],[21.3839,49.5318],[21.3696,49.5419],[21.3645,49.5539],[21.3738,49.5705],[21.3438,49.5821],[21.3267,49.5937],[21.344,49.6117],[21.3627,49.6338],[21.3428,49.6582],[21.3408,49.6972],[21.3204,49.6984],[21.3222,49.7271],[21.3187,49.7356],[21.2967,49.7481],[21.2731,49.7526],[21.2535,49.763],[21.2456,49.7845],[21.2557,49.7917],[21.2806,49.8057],[21.2998,49.7969],[21.3303,49.8039],[21.3489,49.8147],[21.3358,49.8273],[21.2975,49.8428],[21.2573,49.8413],[21.2282,49.8608],[21.2284,49.877],[21.261,49.8849],[21.2834,49.8977],[21.2777,49.9282],[21.2452,49.9305],[21.1925,49.9316],[21.1715,49.9433],[21.161,49.9509],[21.151,49.9805],[21.1544,50.0034],[21.1892,50.0265],[21.173,50.0392],[21.1461,50.0543],[21.1678,50.0675],[21.179,50.0807],[21.199,50.095],[21.1869,50.1062],[21.1485,50.1264],[21.1643,50.136],[21.165,50.1806],[21.1708,50.207],[21.163,50.2227],[21.1472,50.2389],[21.1821,50.2393],[21.1481,50.2553],[21.176,50.2788],[21.194,50.3042],[21.2185,50.3175],[21.2189,50.3414],[21.188,50.3504],[21.1766,50.3298],[21.1491,50.3534],[21.1224,50.3514],[21.1044,50.3374],[21.0795,50.3334],[21.0484,50.3151],[21.0142,50.3133],[20.9719,50.314],[20.9413,50.3074],[20.9162,50.3009],[20.8763,50.2948],[20.8549,50.2961],[20.843,50.2755],[20.8176,50.2841],[20.7899,50.2896],[20.7543,50.2654],[20.728,50.2503],[20.7233,50.2294],[20.7036,50.2182],[20.6815,50.2059],[20.6603,50.2036],[20.6394,50.211],[20.6289,50.2055],[20.6129,50.2039],[20.5816,50.1943],[20.5651,50.192],[20.5401,50.1912],[20.5117,50.1893],[20.4697,50.2008],[20.4663,50.1921],[20.4515,50.1927],[20.4365,50.197],[20.4122,50.1935],[20.3999,50.2092],[20.3778,50.2126],[20.3759,50.2289],[20.3923,50.2378],[20.3839,50.2446],[20.3627,50.2544],[20.3468,50.2626],[20.3436,50.277],[20.3621,50.2846],[20.3383,50.2919],[20.344,50.3054],[20.3114,50.3208],[20.2925,50.328],[20.3033,50.3357],[20.2978,50.3522],[20.3143,50.3514],[20.3374,50.3596],[20.3252,50.3669],[20.3039,50.3982],[20.289,50.414],[20.2666,50.4267],[20.273,50.4643],[20.2478,50.4753],[20.2258,50.4781],[20.2068,50.4928],[20.1716,50.4911],[20.1306,50.4899],[20.1068,50.4862],[20.0959,50.4973],[20.0784,50.5058],[20.0426,50.5062],[20.0309,50.5049],[19.9875,50.5198],[19.9721,50.5161],[19.9518,50.4951],[19.9678,50.483],[19.9538,50.4766],[19.9093,50.4749],[19.8921,50.4662],[19.8772,50.4492],[19.8535,50.4351],[19.832,50.4361],[19.8071,50.4361],[19.7937,50.4433],[19.7695,50.4443],[19.7416,50.4438],[19.7082,50.4483],[19.6947,50.4354],[19.67,50.4203],[19.6467,50.4106],[19.6249,50.4117],[19.5952,50.409],[19.5688,50.4115],[19.536,50.4203],[19.5108,50.4083],[19.4889,50.3911],[19.4917,50.366],[19.4768,50.357],[19.4806,50.3336],[19.4673,50.3226],[19.4321,50.3277],[19.4134,50.3273],[19.4027,50.3076],[19.4008,50.2974],[19.384,50.2822],[19.3736,50.2715],[19.3632,50.2606],[19.3368,50.2616],[19.3401,50.2496],[19.4111,50.2333],[19.441,50.2259],[19.4025,50.2019],[19.3752,50.196],[19.337,50.1897],[19.3518,50.177],[19.3666,50.1732],[19.3538,50.1539],[19.3316,50.1442],[19.2883,50.1404],[19.2746,50.1366],[19.2544,50.1306],[19.2396,50.111],[19.2229,50.0948],[19.2133,50.0741],[19.2234,50.0676],[19.2096,50.0641],[19.1959,50.0652],[19.16,50.0543],[19.1483,50.0395],[19.139,50.0283],[19.128,50.0141],[19.1176,50.0038],[19.1201,49.9861],[19.1201,49.9729],[19.1121,49.959],[19.0911,49.9566],[19.1018,49.9476],[19.1313,49.9399],[19.1688,49.9466],[19.1873,49.939],[19.1847,49.9268],[19.1941,49.9072],[19.1945,49.886],[19.1643,49.8698],[19.1709,49.853],[19.1969,49.8604],[19.2122,49.8686],[19.2376,49.862],[19.2661,49.8621],[19.2892,49.8505],[19.2884,49.8238],[19.2918,49.815],[19.3033,49.7959],[19.3213,49.7774],[19.3498,49.7714],[19.3816,49.7686],[19.3995,49.7617],[19.4202,49.7722],[19.4364,49.7571],[19.4287,49.7275],[19.4105,49.7101],[19.3907,49.6984],[19.3895,49.6843],[19.4096,49.6747],[19.4364,49.6782],[19.4594,49.6764],[19.4773,49.6563],[19.471,49.6405],[19.4808,49.6244],[19.4737,49.6016],[19.4784,49.588],[19.5102,49.5814],[19.5293,49.573],[19.5304,49.5358],[19.5415,49.5233],[19.5544,49.4987],[19.554,49.4897],[19.5574,49.4869],[19.5691,49.4701],[19.5731,49.4667],[19.5787,49.4624],[19.5816,49.458],[19.6049,49.4542],[19.6411,49.4576],[19.6378,49.4481],[19.6475,49.4332],[19.6383,49.4219],[19.6509,49.4099],[19.6954,49.3989],[19.719,49.3867],[19.7421,49.4055],[19.7906,49.4107],[19.7926,49.3786],[19.8014,49.359],[19.798,49.3408],[19.805,49.3228],[19.8098,49.2954],[19.8228,49.2768],[19.7925,49.268],[19.7905,49.2553],[19.7733,49.239],[19.7584,49.216],[19.7786,49.205],[19.8075,49.2057],[19.8227,49.2014],[19.8511,49.1963],[19.8805,49.204],[19.9019,49.213],[19.9114,49.232],[19.9322,49.2365],[19.9816,49.2318],[20.0091,49.2162],[20.0405,49.197],[20.0602,49.187],[20.0878,49.1836]]],[[[21.613,53.4808],[21.6683,53.4872],[21.6947,53.4921],[21.7521,53.4832],[21.7906,53.4793],[21.8287,53.464],[21.8641,53.4592],[21.8811,53.4613],[21.9033,53.4858],[21.9141,53.4993],[21.9235,53.5085],[21.966,53.5146],[22.0009,53.5163],[22.0158,53.5012],[22.0307,53.4971],[22.0514,53.5225],[22.0663,53.5308],[22.0855,53.5354],[22.1279,53.5415],[22.1617,53.5554],[22.1943,53.5662],[22.2174,53.5819],[22.272,53.6106],[22.2984,53.6243],[22.3266,53.6318],[22.3862,53.6636],[22.4145,53.6759],[22.423,53.6815],[22.4406,53.6732],[22.4509,53.6629],[22.473,53.6631],[22.467,53.6743],[22.469,53.6867],[22.4748,53.6956],[22.4916,53.7002],[22.5421,53.7113],[22.5847,53.7343],[22.597,53.7183],[22.6124,53.7254],[22.6246,53.753],[22.6354,53.7566],[22.6444,53.7492],[22.6695,53.7569],[22.6871,53.758],[22.7036,53.7697],[22.7268,53.8039],[22.7244,53.8227],[22.7267,53.8332],[22.7581,53.8497],[22.779,53.8656],[22.781,53.8863],[22.7752,53.8968],[22.7776,53.9106],[22.7816,53.9197],[22.7369,53.9496],[22.7092,53.9625],[22.7037,53.9714],[22.6937,53.9826],[22.6848,54.0042],[22.6707,54.0289],[22.6414,54.0412],[22.623,54.0477],[22.6008,54.0519],[22.6016,54.0682],[22.611,54.0856],[22.6355,54.093],[22.6361,54.1079],[22.6082,54.125],[22.5914,54.1507],[22.5471,54.1377],[22.5454,54.1485],[22.5369,54.1604],[22.5191,54.1613],[22.5132,54.174],[22.5099,54.1872],[22.4894,54.1943],[22.4839,54.2081],[22.4939,54.2145],[22.5158,54.2166],[22.5271,54.2309],[22.5527,54.2514],[22.5627,54.252],[22.5796,54.2652],[22.6107,54.2599],[22.6312,54.2751],[22.6616,54.2837],[22.6795,54.2793],[22.7293,54.2849],[22.7616,54.2945],[22.7772,54.2948],[22.784,54.3058],[22.7928,54.3256],[22.7818,54.3334],[22.803,54.341],[22.792,54.3633],[22.7239,54.3608],[22.6806,54.3602],[22.6416,54.3538],[22.5927,54.3541],[22.5595,54.3518],[22.4907,54.3495],[22.4469,54.3487],[22.4053,54.3461],[22.3825,54.3447],[22.3188,54.3405],[22.2434,54.3409],[22.2292,54.3405],[22.1528,54.3366],[22.0613,54.3356],[22.0221,54.3364],[21.9135,54.3337],[21.8004,54.3318],[21.7429,54.3299],[21.6349,54.3274],[21.5532,54.3229],[21.5138,54.324],[21.4677,54.32],[21.4337,54.3269],[21.3795,54.3311],[21.3511,54.3298],[21.3029,54.3335],[21.2613,54.3292],[21.2141,54.3358],[21.1641,54.3373],[21.0898,54.3473],[21.0381,54.3486],[20.9582,54.3546],[20.8992,54.3582],[20.8719,54.3585],[20.8485,54.3607],[20.7525,54.3674],[20.7175,54.3692],[20.6763,54.3714],[20.6311,54.3663],[20.5513,54.3796],[20.5151,54.3806],[20.4675,54.3862],[20.3817,54.3938],[20.332,54.4011],[20.2744,54.4056],[20.2078,54.41],[20.0687,54.4221],[20.0513,54.4232],[19.9477,54.43],[19.8949,54.4349],[19.824,54.4413],[19.6804,54.451],[19.4957,54.3457],[19.2583,54.2817],[19.2589,54.267],[19.2818,54.2561],[19.3015,54.2443],[19.3175,54.2257],[19.3263,54.207],[19.3136,54.1891],[19.2853,54.1865],[19.2547,54.1728],[19.2463,54.1625],[19.2581,54.1552],[19.2471,54.1407],[19.2233,54.1203],[19.2316,54.1121],[19.2555,54.0857],[19.2254,54.0771],[19.2377,54.0648],[19.2747,54.053],[19.2663,54.0371],[19.2715,54.0238],[19.279,54.0129],[19.293,54.0248],[19.3602,54.0045],[19.3932,54.0008],[19.4107,53.9994],[19.3761,53.9792],[19.3724,53.9462],[19.3737,53.9354],[19.4168,53.9263],[19.4437,53.9347],[19.4587,53.9421],[19.4892,53.9466],[19.5362,53.9445],[19.5591,53.9473],[19.5748,53.9437],[19.5676,53.928],[19.5607,53.9194],[19.5526,53.8942],[19.5392,53.879],[19.5296,53.8692],[19.5142,53.8567],[19.4796,53.8168],[19.4825,53.7802],[19.4605,53.7832],[19.4542,53.7976],[19.3572,53.8131],[19.3351,53.8147],[19.3211,53.8104],[19.3089,53.7945],[19.3041,53.7836],[19.303,53.7782],[19.3009,53.761],[19.2797,53.7356],[19.2644,53.7302],[19.2249,53.7043],[19.2183,53.6812],[19.213,53.6534],[19.2103,53.6464],[19.2012,53.6382],[19.1791,53.6403],[19.1544,53.6195],[19.1304,53.6083],[19.1293,53.5883],[19.1613,53.5841],[19.1997,53.5701],[19.1952,53.5439],[19.2139,53.5317],[19.219,53.5247],[19.2017,53.5191],[19.2058,53.4967],[19.2256,53.4888],[19.2363,53.4683],[19.2355,53.4536],[19.2447,53.4577],[19.2457,53.444],[19.2546,53.4315],[19.239,53.4178],[19.2497,53.4057],[19.2715,53.3953],[19.3047,53.3986],[19.2967,53.4033],[19.32,53.4104],[19.3469,53.4074],[19.3689,53.4129],[19.3908,53.3976],[19.4045,53.392],[19.4193,53.3784],[19.4274,53.3599],[19.458,53.3597],[19.4819,53.3709],[19.4786,53.3622],[19.5077,53.3685],[19.5183,53.3585],[19.526,53.3521],[19.528,53.3504],[19.5201,53.3304],[19.5871,53.3317],[19.6104,53.3423],[19.6488,53.3419],[19.6737,53.3371],[19.6898,53.3068],[19.7216,53.2865],[19.7286,53.2744],[19.7132,53.2745],[19.6913,53.26],[19.6916,53.2518],[19.6951,53.2328],[19.7116,53.2346],[19.7284,53.2299],[19.7426,53.2218],[19.7523,53.2117],[19.7417,53.1978],[19.7431,53.1866],[19.7466,53.1797],[19.7616,53.1518],[19.8388,53.1414],[19.8389,53.1632],[19.8648,53.1981],[19.8834,53.2085],[19.8962,53.2097],[19.9179,53.2065],[19.9114,53.1889],[19.9148,53.176],[19.9409,53.1654],[19.9638,53.15],[19.9782,53.1439],[20.0197,53.1531],[20.0387,53.1592],[20.0762,53.1573],[20.1042,53.1681],[20.125,53.1531],[20.1439,53.1411],[20.1588,53.1455],[20.1734,53.1541],[20.2151,53.1514],[20.2679,53.1403],[20.2811,53.1404],[20.3159,53.1429],[20.3528,53.1501],[20.3489,53.1572],[20.3309,53.1635],[20.3763,53.1774],[20.3935,53.1928],[20.4143,53.2117],[20.4236,53.2219],[20.4584,53.2468],[20.4639,53.2404],[20.5074,53.2346],[20.5298,53.2278],[20.5464,53.2292],[20.5619,53.2265],[20.5795,53.2399],[20.5869,53.2327],[20.6091,53.239],[20.6572,53.2515],[20.6662,53.2654],[20.6872,53.2871],[20.6924,53.3026],[20.7138,53.3093],[20.7214,53.3076],[20.746,53.3101],[20.7517,53.313],[20.7646,53.3156],[20.787,53.3107],[20.8248,53.3044],[20.8472,53.2925],[20.8652,53.3036],[20.8775,53.3191],[20.9001,53.3105],[20.9065,53.3207],[20.9298,53.3242],[20.9207,53.3353],[20.9095,53.3427],[20.9227,53.3531],[20.9363,53.3598],[20.9473,53.3551],[20.9917,53.3614],[21.0068,53.3553],[21.0312,53.3513],[21.0727,53.3401],[21.0917,53.3497],[21.1277,53.3627],[21.1408,53.3709],[21.1758,53.3936],[21.2137,53.4067],[21.2383,53.4155],[21.2815,53.4268],[21.2843,53.416],[21.2951,53.4097],[21.3026,53.4239],[21.3374,53.4174],[21.355,53.4202],[21.3691,53.4206],[21.3877,53.4308],[21.4109,53.4277],[21.4228,53.4315],[21.433,53.4459],[21.4374,53.4562],[21.4832,53.4715],[21.5313,53.4766],[21.5743,53.48],[21.613,53.4808]]],[[[20.6119,53.2523],[20.5869,53.2327],[20.5619,53.2265],[20.5298,53.2278],[20.4677,53.2371],[20.4236,53.2219],[20.3998,53.197],[20.3468,53.1688],[20.3608,53.155],[20.2902,53.1391],[20.237,53.1478],[20.1653,53.1558],[20.1352,53.1424],[20.0774,53.1654],[20.0344,53.1477],[19.9738,53.148],[19.9409,53.1654],[19.9186,53.1913],[19.8962,53.2097],[19.8648,53.1981],[19.8388,53.1414],[19.712,53.1347],[19.6727,53.1127],[19.6342,53.1117],[19.6561,53.0741],[19.654,53.0536],[19.6781,53.032],[19.6804,53.0097],[19.6799,52.9784],[19.6713,52.9556],[19.6241,52.9772],[19.5547,52.9901],[19.5861,52.963],[19.5319,52.9418],[19.4846,52.944],[19.4508,52.9255],[19.4857,52.886],[19.489,52.8668],[19.4533,52.8437],[19.4302,52.8268],[19.4446,52.8089],[19.4813,52.784],[19.5003,52.7636],[19.5195,52.7425],[19.5052,52.729],[19.5168,52.71],[19.4931,52.7146],[19.4474,52.723],[19.4467,52.7056],[19.4403,52.6767],[19.4136,52.6606],[19.3733,52.6378],[19.4193,52.5994],[19.3952,52.5901],[19.3508,52.569],[19.3488,52.5281],[19.3217,52.5292],[19.3716,52.5217],[19.3633,52.5031],[19.3389,52.4798],[19.3033,52.4482],[19.2592,52.4426],[19.298,52.418],[19.3021,52.3915],[19.2906,52.3726],[19.3287,52.3607],[19.3493,52.3471],[19.3969,52.3439],[19.444,52.3446],[19.5021,52.3333],[19.5169,52.3051],[19.5492,52.2941],[19.6137,52.2764],[19.6322,52.262],[19.6895,52.2595],[19.7291,52.2682],[19.7897,52.2758],[19.8293,52.2746],[19.867,52.2824],[19.8856,52.3098],[19.9392,52.2893],[19.9651,52.2683],[20.0421,52.2577],[20.0754,52.2247],[20.0682,52.184],[20.1256,52.1442],[20.1615,52.1426],[20.2023,52.1147],[20.2528,52.1168],[20.2699,52.0771],[20.2478,52.0614],[20.2111,52.0177],[20.2501,52.0062],[20.2722,51.9823],[20.2427,51.9345],[20.3038,51.9362],[20.301,51.9132],[20.3837,51.937],[20.3952,51.9323],[20.4326,51.9374],[20.4755,51.9311],[20.4864,51.8968],[20.5634,51.8876],[20.5843,51.8676],[20.5963,51.8398],[20.6077,51.8161],[20.582,51.8054],[20.5924,51.7768],[20.6022,51.7465],[20.6489,51.7302],[20.6567,51.6938],[20.6209,51.6648],[20.5843,51.6629],[20.5187,51.6739],[20.4672,51.6928],[20.441,51.6901],[20.4085,51.6749],[20.3904,51.6599],[20.4029,51.6343],[20.4253,51.6112],[20.4333,51.5933],[20.462,51.5656],[20.4576,51.5412],[20.4823,51.5015],[20.5227,51.4819],[20.5273,51.4599],[20.4877,51.441],[20.4702,51.4086],[20.444,51.3942],[20.4298,51.3747],[20.4259,51.354],[20.4635,51.3364],[20.5128,51.3087],[20.5092,51.2957],[20.5333,51.2765],[20.5419,51.2339],[20.579,51.2447],[20.6217,51.2301],[20.6558,51.2168],[20.7027,51.1849],[20.6849,51.1544],[20.723,51.1709],[20.813,51.1458],[20.8593,51.1693],[20.9111,51.1892],[21.0008,51.1596],[21.0243,51.1504],[21.0566,51.1571],[21.1106,51.2008],[21.109,51.1748],[21.1282,51.1409],[21.161,51.1254],[21.1509,51.0995],[21.3559,51.082],[21.3719,51.0588],[21.4313,51.0295],[21.4859,51.0238],[21.4899,51.0397],[21.513,51.0561],[21.5569,51.0527],[21.6141,51.0653],[21.6121,51.076],[21.6827,51.0705],[21.7022,51.048],[21.7521,51.0374],[21.7806,51.0455],[21.7818,51.0608],[21.7996,51.0762],[21.7905,51.1161],[21.7859,51.1589],[21.7832,51.1842],[21.8012,51.2207],[21.8082,51.2453],[21.8562,51.2743],[21.83,51.2846],[21.8118,51.2916],[21.8089,51.2992],[21.8283,51.3393],[21.8384,51.378],[21.8066,51.3754],[21.7799,51.3943],[21.7856,51.4149],[21.8128,51.429],[21.851,51.4306],[21.8606,51.4571],[21.8564,51.4776],[21.8515,51.5155],[21.8312,51.5555],[21.7824,51.5686],[21.7253,51.5655],[21.6531,51.5885],[21.6155,51.6176],[21.6362,51.6543],[21.6923,51.644],[21.7573,51.6281],[21.7916,51.6507],[21.8387,51.6522],[21.8558,51.6772],[21.901,51.7071],[21.8699,51.7208],[21.8478,51.7369],[21.8452,51.7529],[21.8904,51.7704],[21.9274,51.7789],[21.9507,51.8094],[21.9263,51.834],[21.8946,51.8328],[21.8509,51.8414],[21.8904,51.8571],[21.9121,51.8865],[21.8856,51.9119],[21.8695,51.9536],[21.9101,51.9777],[21.9467,51.9929],[21.9977,52.0121],[22.0508,52.0206],[22.1137,52.0023],[22.1519,52.0284],[22.2537,52.0045],[22.2975,52.0374],[22.3348,51.9984],[22.3783,52.0147],[22.4349,52.0188],[22.4626,52.0383],[22.4811,52.0602],[22.5169,52.0644],[22.5483,52.0506],[22.5856,52.0374],[22.629,52.024],[22.6599,52.0396],[22.6691,52.063],[22.6505,52.0937],[22.6983,52.1085],[22.7417,52.0969],[22.765,52.0814],[22.8375,52.0799],[22.8682,52.066],[22.8942,52.0913],[22.9082,52.1099],[22.9678,52.1173],[22.9859,52.1589],[23.0288,52.1741],[23.0631,52.1769],[23.03,52.2077],[23.0907,52.2524],[23.1284,52.2878],[23.0912,52.2912],[23.0514,52.2854],[23.0508,52.3143],[23.0003,52.3354],[22.9852,52.3465],[22.9292,52.3736],[22.8655,52.3642],[22.7955,52.3737],[22.7631,52.3805],[22.7337,52.369],[22.7067,52.3922],[22.6457,52.3888],[22.6133,52.3881],[22.5821,52.393],[22.5578,52.4164],[22.5471,52.4547],[22.525,52.4721],[22.5202,52.5152],[22.5003,52.5434],[22.4579,52.5814],[22.4086,52.6097],[22.4383,52.6206],[22.4629,52.6393],[22.4501,52.6543],[22.4356,52.7011],[22.4442,52.7418],[22.4607,52.7707],[22.4221,52.7922],[22.3547,52.7754],[22.3385,52.751],[22.3037,52.748],[22.3075,52.7745],[22.275,52.7922],[22.2625,52.8365],[22.2747,52.8318],[22.3074,52.8577],[22.2783,52.8481],[22.2693,52.885],[22.2416,52.8775],[22.2072,52.883],[22.1131,52.849],[22.0379,52.8511],[22.0386,52.8822],[22.0038,52.8847],[22.0079,52.9062],[22.0275,52.9339],[22.0122,52.951],[22.0018,52.9723],[21.9633,52.9787],[21.9168,52.9922],[21.8832,53.0104],[21.8977,53.0458],[21.9273,53.0396],[21.925,53.0596],[21.9126,53.0759],[21.8892,53.0586],[21.8604,53.0717],[21.8178,53.102],[21.7916,53.1144],[21.695,53.1377],[21.702,53.158],[21.6873,53.1822],[21.675,53.2052],[21.6846,53.2164],[21.6501,53.2487],[21.6338,53.257],[21.649,53.2922],[21.6568,53.3136],[21.6814,53.3095],[21.7005,53.3132],[21.7354,53.3127],[21.6935,53.3281],[21.6537,53.3362],[21.656,53.3528],[21.6544,53.3722],[21.6524,53.3972],[21.6225,53.414],[21.607,53.4452],[21.6058,53.4763],[21.5873,53.4803],[21.5179,53.477],[21.4459,53.4459],[21.4236,53.4297],[21.3774,53.4247],[21.3516,53.4143],[21.3026,53.4239],[21.2843,53.416],[21.2383,53.4155],[21.1758,53.3936],[21.1277,53.3627],[21.0818,53.3438],[21.0068,53.3553],[20.9744,53.3543],[20.9317,53.3525],[20.9123,53.3375],[20.9171,53.3219],[20.8878,53.3177],[20.8578,53.3036],[20.8143,53.3058],[20.7557,53.3129],[20.7455,53.3073],[20.7139,53.2999],[20.6872,53.2871],[20.6119,53.2523]]],[[[21.2083,50.3549],[21.2239,50.3622],[21.2315,50.3743],[21.2513,50.3789],[21.2579,50.3914],[21.2811,50.3937],[21.2995,50.4136],[21.3376,50.4298],[21.3719,50.4411],[21.4013,50.4392],[21.4146,50.4453],[21.4506,50.4693],[21.4456,50.4903],[21.4862,50.4975],[21.5317,50.5142],[21.5655,50.5204],[21.5978,50.5183],[21.6133,50.531],[21.6474,50.5627],[21.6642,50.5876],[21.6694,50.605],[21.7074,50.6276],[21.7226,50.6454],[21.7387,50.6477],[21.7483,50.6552],[21.7612,50.648],[21.7813,50.6497],[21.782,50.6637],[21.7955,50.6818],[21.8189,50.69],[21.826,50.6995],[21.8424,50.7351],[21.8407,50.7516],[21.8542,50.7752],[21.8624,50.8001],[21.869,50.8136],[21.8467,50.8352],[21.8416,50.8443],[21.842,50.8706],[21.829,50.896],[21.8246,50.9171],[21.8118,50.948],[21.8195,50.9641],[21.8172,50.978],[21.8203,50.9955],[21.8195,51.0092],[21.8056,51.0326],[21.8259,51.0439],[21.803,51.0721],[21.7914,51.0679],[21.7818,51.0608],[21.7781,51.0536],[21.7806,51.0455],[21.7584,51.0419],[21.7521,51.0374],[21.7299,51.0473],[21.7052,51.0427],[21.6983,51.0502],[21.6866,51.0698],[21.6763,51.078],[21.6403,51.0763],[21.615,51.0726],[21.6302,51.0634],[21.5901,51.0578],[21.5818,51.0607],[21.5605,51.0555],[21.5421,51.057],[21.5291,51.059],[21.5066,51.0503],[21.5169,51.0365],[21.4861,51.0357],[21.4929,51.0278],[21.4948,51.0214],[21.4432,51.0228],[21.4313,51.0295],[21.4048,51.0354],[21.3719,51.0588],[21.3656,51.0649],[21.3559,51.082],[21.1528,51.0803],[21.1519,51.087],[21.1602,51.1022],[21.1561,51.1149],[21.1641,51.1285],[21.1342,51.1348],[21.1282,51.1409],[21.0967,51.1647],[21.109,51.1748],[21.1183,51.1917],[21.1106,51.2008],[21.0684,51.2069],[21.0698,51.1741],[21.0446,51.1563],[21.019,51.1547],[20.9985,51.1445],[20.9983,51.1499],[20.9654,51.1739],[20.9207,51.1953],[20.9082,51.1783],[20.8798,51.1544],[20.8593,51.1693],[20.8216,51.1784],[20.8217,51.1578],[20.7822,51.1453],[20.7712,51.157],[20.7184,51.1727],[20.6855,51.1512],[20.6887,51.1588],[20.702,51.182],[20.7003,51.196],[20.6868,51.2027],[20.6558,51.2168],[20.6405,51.2217],[20.6217,51.2301],[20.6105,51.2425],[20.6004,51.2446],[20.566,51.2315],[20.5461,51.2304],[20.535,51.2523],[20.537,51.2697],[20.5333,51.2765],[20.5016,51.2869],[20.5092,51.2957],[20.4945,51.2988],[20.5128,51.3087],[20.5165,51.3194],[20.4635,51.3364],[20.4529,51.3384],[20.4328,51.3394],[20.4242,51.3283],[20.4106,51.326],[20.4056,51.3193],[20.3785,51.3138],[20.3644,51.3105],[20.365,51.3075],[20.382,51.2819],[20.3857,51.2633],[20.3797,51.246],[20.3711,51.2366],[20.3344,51.2547],[20.3101,51.2431],[20.2733,51.2456],[20.2605,51.2588],[20.2457,51.2565],[20.2524,51.2409],[20.2513,51.2216],[20.2553,51.2119],[20.2371,51.2081],[20.2212,51.1991],[20.2099,51.2072],[20.2013,51.1992],[20.1924,51.2044],[20.1782,51.2008],[20.1581,51.1979],[20.1404,51.1927],[20.1129,51.1931],[20.0831,51.1937],[20.0681,51.195],[20.0597,51.1996],[20.0251,51.1985],[20.0101,51.1909],[20.0258,51.1647],[20.022,51.1554],[20.0127,51.1552],[19.9927,51.1341],[19.9885,51.13],[19.9902,51.111],[19.9888,51.093],[19.9864,51.0782],[20.0316,51.0701],[20.0446,51.06],[20.0482,51.0544],[20.0489,51.0293],[20.0487,51.0215],[20.0449,51.0071],[20.0351,50.9987],[20.0382,50.9914],[20.0375,50.9764],[20.0259,50.9711],[19.9641,50.9877],[19.9588,51.0022],[19.9357,51.0111],[19.9224,51.0246],[19.8989,51.028],[19.8777,51.0481],[19.872,51.0379],[19.864,51.0302],[19.8607,51.0183],[19.8637,51.0061],[19.8331,50.9766],[19.8304,50.9586],[19.8417,50.9484],[19.8488,50.9357],[19.8325,50.916],[19.8089,50.9071],[19.7931,50.9047],[19.782,50.8847],[19.7768,50.8801],[19.7586,50.8717],[19.7713,50.8585],[19.7923,50.8508],[19.807,50.844],[19.8254,50.832],[19.8297,50.8237],[19.8175,50.8187],[19.8234,50.8056],[19.8046,50.8079],[19.7969,50.8166],[19.7842,50.8178],[19.7761,50.7995],[19.7854,50.7933],[19.7811,50.7805],[19.7647,50.7777],[19.7658,50.7717],[19.734,50.7624],[19.7343,50.7697],[19.7058,50.7618],[19.7044,50.7523],[19.7127,50.7427],[19.7129,50.7292],[19.7638,50.716],[19.7929,50.7182],[19.8044,50.725],[19.8061,50.712],[19.8159,50.704],[19.8333,50.7043],[19.8478,50.697],[19.8575,50.6901],[19.873,50.683],[19.8644,50.6643],[19.837,50.6704],[19.8352,50.6514],[19.8703,50.6455],[19.8829,50.6453],[19.9098,50.642],[19.9202,50.6345],[19.9115,50.6294],[19.8984,50.616],[19.8716,50.6208],[19.8445,50.5986],[19.8409,50.5907],[19.828,50.5833],[19.804,50.5656],[19.7897,50.5685],[19.7969,50.5553],[19.8417,50.5551],[19.8481,50.549],[19.8676,50.5422],[19.8828,50.5425],[19.9082,50.5225],[19.9206,50.5074],[19.9392,50.5026],[19.9651,50.5134],[19.9709,50.5205],[20.0076,50.5155],[20.0271,50.5086],[20.0282,50.5009],[20.0502,50.5052],[20.0757,50.5099],[20.0837,50.4994],[20.097,50.4961],[20.0937,50.4896],[20.1257,50.487],[20.1466,50.4861],[20.1862,50.4932],[20.2054,50.4957],[20.2176,50.4885],[20.2393,50.479],[20.2496,50.4791],[20.2727,50.4699],[20.2714,50.4595],[20.2638,50.4303],[20.2898,50.4191],[20.2905,50.4098],[20.3058,50.389],[20.3222,50.3712],[20.3318,50.3653],[20.3319,50.3575],[20.3272,50.3516],[20.3072,50.3487],[20.2924,50.3458],[20.3023,50.3407],[20.2976,50.3297],[20.2926,50.3222],[20.3279,50.3186],[20.3361,50.3033],[20.3491,50.2989],[20.341,50.2871],[20.3565,50.2889],[20.3558,50.2805],[20.3433,50.2726],[20.3331,50.2675],[20.3578,50.2558],[20.3676,50.2487],[20.3839,50.2446],[20.3994,50.2385],[20.3922,50.2355],[20.3743,50.2272],[20.3744,50.2169],[20.3967,50.2106],[20.4102,50.2118],[20.4119,50.1975],[20.4267,50.1927],[20.4372,50.1929],[20.4515,50.1927],[20.4645,50.1964],[20.4737,50.1913],[20.4772,50.1994],[20.5009,50.1906],[20.532,50.1914],[20.5392,50.1974],[20.5632,50.1997],[20.5829,50.1893],[20.5935,50.2016],[20.6129,50.2039],[20.6257,50.2055],[20.6328,50.2104],[20.6394,50.211],[20.6521,50.2045],[20.6744,50.2019],[20.6797,50.2144],[20.6987,50.2165],[20.7151,50.2293],[20.7295,50.2309],[20.728,50.2503],[20.7405,50.2566],[20.7626,50.2666],[20.7899,50.2896],[20.8058,50.2895],[20.8358,50.2733],[20.8482,50.2788],[20.8499,50.2918],[20.8685,50.2946],[20.8824,50.2969],[20.9162,50.3009],[20.9388,50.3005],[20.9451,50.3125],[20.9719,50.314],[21.004,50.3131],[21.0365,50.3191],[21.0617,50.317],[21.0753,50.3257],[21.0919,50.3387],[21.113,50.3384],[21.1224,50.3514],[21.1447,50.3543],[21.1569,50.3495],[21.1766,50.3298],[21.1865,50.3373],[21.2083,50.3549]]],[[[22.5437,50.3563],[22.5309,50.3547],[22.5165,50.3484],[22.5018,50.3457],[22.4823,50.3551],[22.4446,50.3915],[22.4206,50.4002],[22.4119,50.4234],[22.4595,50.4341],[22.4496,50.4486],[22.4563,50.4522],[22.4633,50.4657],[22.4972,50.4552],[22.5073,50.4675],[22.521,50.4554],[22.5456,50.4521],[22.5651,50.4594],[22.5573,50.461],[22.5729,50.4725],[22.5863,50.483],[22.5672,50.4832],[22.5115,50.4816],[22.5395,50.4841],[22.577,50.5043],[22.5491,50.5079],[22.5367,50.5167],[22.5343,50.5375],[22.5199,50.5432],[22.5355,50.5532],[22.5277,50.576],[22.5115,50.5775],[22.4917,50.5828],[22.4684,50.586],[22.4266,50.5843],[22.3996,50.5938],[22.3789,50.6041],[22.3568,50.609],[22.3435,50.6121],[22.3278,50.6166],[22.3084,50.6165],[22.2823,50.6226],[22.2562,50.6203],[22.2472,50.6332],[22.2325,50.6527],[22.2063,50.6662],[22.1852,50.6663],[22.1418,50.6697],[22.1552,50.6794],[22.1691,50.6889],[22.1704,50.7062],[22.2014,50.7562],[22.1796,50.7674],[22.157,50.7774],[22.1505,50.7997],[22.0943,50.8141],[22.0595,50.8183],[22.0412,50.8099],[22.0197,50.7981],[22.0071,50.7911],[21.9822,50.7874],[21.964,50.7821],[21.9404,50.7718],[21.8954,50.7797],[21.8755,50.7841],[21.8643,50.8027],[21.8542,50.7752],[21.8407,50.7516],[21.8424,50.7351],[21.826,50.6995],[21.8101,50.686],[21.7936,50.6755],[21.7813,50.6497],[21.7612,50.648],[21.7434,50.6492],[21.7334,50.6416],[21.7074,50.6276],[21.6751,50.6095],[21.6642,50.5876],[21.632,50.5525],[21.604,50.5212],[21.5767,50.5177],[21.5317,50.5142],[21.4742,50.4951],[21.4427,50.4847],[21.4437,50.4565],[21.4088,50.4416],[21.3719,50.4411],[21.3376,50.4298],[21.281,50.4084],[21.277,50.3905],[21.2513,50.3789],[21.2315,50.3743],[21.2196,50.3573],[21.2189,50.3414],[21.2185,50.3175],[21.2024,50.3048],[21.1838,50.298],[21.1594,50.268],[21.1537,50.2532],[21.1821,50.2393],[21.1472,50.2389],[21.1549,50.2255],[21.1709,50.2086],[21.1678,50.1887],[21.1708,50.1769],[21.1643,50.136],[21.1485,50.1264],[21.1769,50.1118],[21.1962,50.0969],[21.1638,50.0836],[21.1797,50.0761],[21.1682,50.0612],[21.1446,50.0493],[21.173,50.0392],[21.1929,50.0293],[21.1788,50.0118],[21.1531,49.9963],[21.1507,49.9761],[21.161,49.9509],[21.1715,49.9433],[21.1852,49.9272],[21.2308,49.9287],[21.2693,49.9265],[21.2847,49.9241],[21.2834,49.8977],[21.261,49.8849],[21.2254,49.8841],[21.2278,49.8673],[21.2343,49.8501],[21.2662,49.8415],[21.3168,49.8353],[21.3395,49.8246],[21.3489,49.8147],[21.3357,49.8078],[21.3202,49.8009],[21.2948,49.8006],[21.2761,49.8039],[21.2557,49.7917],[21.2456,49.7845],[21.2448,49.7718],[21.2578,49.7521],[21.2922,49.7494],[21.3014,49.7503],[21.3187,49.7356],[21.3222,49.7271],[21.3279,49.7094],[21.335,49.698],[21.3468,49.69],[21.3578,49.6495],[21.3558,49.6261],[21.3451,49.6082],[21.3313,49.6006],[21.3324,49.5867],[21.3608,49.5759],[21.3795,49.5703],[21.367,49.5513],[21.3696,49.5419],[21.3839,49.5318],[21.3893,49.5209],[21.3988,49.5083],[21.4166,49.4974],[21.3997,49.4909],[21.3927,49.4815],[21.4079,49.4695],[21.3922,49.4558],[21.3987,49.4338],[21.415,49.423],[21.4448,49.4122],[21.4737,49.4136],[21.4889,49.4291],[21.5112,49.4197],[21.5185,49.4243],[21.5342,49.4354],[21.565,49.4412],[21.5922,49.4344],[21.6071,49.4382],[21.6309,49.4473],[21.6566,49.4244],[21.6812,49.4108],[21.7005,49.4184],[21.7152,49.4141],[21.7282,49.3976],[21.7634,49.3835],[21.7663,49.3701],[21.7736,49.3591],[21.7906,49.3595],[21.7951,49.374],[21.8085,49.3815],[21.8402,49.3915],[21.8493,49.3841],[21.8755,49.3736],[21.8893,49.3623],[21.9065,49.3528],[21.932,49.3464],[21.961,49.3491],[21.971,49.3365],[21.9832,49.3104],[22.0013,49.2988],[22.0336,49.2791],[22.0331,49.2647],[22.0414,49.2545],[22.0334,49.2417],[22.0349,49.2225],[22.06,49.2145],[22.0771,49.2091],[22.0981,49.2065],[22.1276,49.2005],[22.1455,49.1916],[22.16,49.1882],[22.1855,49.1785],[22.2096,49.1825],[22.2225,49.1845],[22.2359,49.1685],[22.2361,49.1544],[22.2619,49.1482],[22.2972,49.1415],[22.3205,49.1356],[22.3346,49.1465],[22.3622,49.1445],[22.3735,49.1398],[22.3813,49.1305],[22.3918,49.1181],[22.4227,49.0995],[22.4408,49.103],[22.4778,49.093],[22.4998,49.0859],[22.5348,49.0933],[22.5478,49.0903],[22.5701,49.0911],[22.605,49.0845],[22.6257,49.0803],[22.638,49.0614],[22.6599,49.0471],[22.6833,49.0389],[22.7146,49.0515],[22.7275,49.0483],[22.744,49.0454],[22.7601,49.0473],[22.7731,49.0518],[22.8001,49.0366],[22.8132,49.0251],[22.8385,49.0213],[22.8474,49.0025],[22.8745,49.0039],[22.8898,49.0146],[22.8742,49.0329],[22.8781,49.0399],[22.8758,49.0511],[22.8659,49.0689],[22.8682,49.0773],[22.8928,49.0946],[22.8597,49.1028],[22.8497,49.1146],[22.8294,49.1125],[22.8203,49.1226],[22.8083,49.1323],[22.7926,49.1466],[22.7893,49.1575],[22.7708,49.1553],[22.7423,49.1686],[22.7475,49.1845],[22.7303,49.1756],[22.7208,49.1657],[22.7075,49.1748],[22.7199,49.1886],[22.7289,49.197],[22.7345,49.2119],[22.7421,49.2187],[22.72,49.2213],[22.7213,49.2413],[22.7441,49.2988],[22.7468,49.3599],[22.7255,49.4098],[22.7005,49.4884],[22.6704,49.4975],[22.6408,49.53],[22.6782,49.5607],[22.7163,49.6003],[22.7562,49.6352],[22.7872,49.6765],[22.8478,49.7101],[22.8734,49.7406],[22.8979,49.7645],[22.9105,49.7744],[22.9544,49.8033],[22.9707,49.8386],[23.0333,49.8813],[23.1075,49.942],[23.1786,50.0019],[23.216,50.0475],[23.2793,50.0863],[23.2968,50.1029],[23.3421,50.1336],[23.4294,50.1842],[23.5304,50.2433],[23.5425,50.2586],[23.5135,50.2606],[23.5125,50.275],[23.5019,50.2845],[23.5199,50.2955],[23.4999,50.2995],[23.457,50.3032],[23.4128,50.3077],[23.4362,50.3454],[23.4125,50.3515],[23.4006,50.3629],[23.3739,50.377],[23.375,50.3875],[23.3702,50.3995],[23.3876,50.4054],[23.3535,50.4019],[23.3305,50.3959],[23.3116,50.3877],[23.2791,50.3762],[23.2526,50.3646],[23.2228,50.3821],[23.2155,50.3889],[23.1939,50.3909],[23.1776,50.3921],[23.0891,50.3298],[23.0668,50.3204],[23.0541,50.3058],[23.019,50.2871],[22.9852,50.2943],[22.937,50.2924],[22.8905,50.3015],[22.8552,50.2945],[22.7775,50.3014],[22.7516,50.3032],[22.7503,50.3027],[22.7375,50.3021],[22.7222,50.2969],[22.6986,50.2946],[22.6728,50.3004],[22.6519,50.3025],[22.626,50.3061],[22.6079,50.3108],[22.6066,50.3255],[22.6336,50.3348],[22.668,50.3393],[22.6872,50.3457],[22.6715,50.3549],[22.6687,50.3543],[22.6616,50.3553],[22.6422,50.358],[22.6421,50.358],[22.6188,50.3539],[22.5955,50.3487],[22.5679,50.3576],[22.5437,50.3563]]],[[[23.3817,54.2282],[23.3662,54.2299],[23.3375,54.2517],[23.3149,54.2545],[23.2593,54.2594],[23.2238,54.2719],[23.2055,54.2833],[23.1696,54.295],[23.1404,54.3159],[23.107,54.3041],[23.0608,54.3099],[23.0421,54.316],[23.0632,54.341],[23.0267,54.3523],[22.9939,54.3619],[22.9848,54.3845],[22.9485,54.3928],[22.9019,54.3992],[22.888,54.4091],[22.8676,54.4085],[22.8363,54.4065],[22.792,54.3633],[22.8061,54.3495],[22.7818,54.3334],[22.7928,54.3256],[22.7851,54.3109],[22.7791,54.2936],[22.768,54.2894],[22.7457,54.2912],[22.6929,54.2754],[22.6687,54.2805],[22.6405,54.2857],[22.6153,54.264],[22.5904,54.2629],[22.5688,54.2584],[22.566,54.2498],[22.5319,54.2489],[22.5188,54.2178],[22.5101,54.2202],[22.4974,54.2105],[22.4837,54.1996],[22.5034,54.1933],[22.5006,54.1864],[22.5132,54.174],[22.5265,54.1618],[22.5354,54.1529],[22.5454,54.1485],[22.5792,54.1416],[22.5937,54.1412],[22.6082,54.125],[22.6361,54.1079],[22.625,54.0919],[22.611,54.0856],[22.6016,54.0682],[22.6008,54.0519],[22.623,54.0477],[22.6414,54.0412],[22.6707,54.0289],[22.6848,54.0042],[22.6937,53.9826],[22.6965,53.9735],[22.7092,53.9625],[22.7237,53.9525],[22.7749,53.924],[22.7776,53.9106],[22.7802,53.9016],[22.7815,53.8902],[22.779,53.8656],[22.7583,53.8524],[22.7354,53.8381],[22.7274,53.8274],[22.7249,53.811],[22.7095,53.7803],[22.7036,53.7677],[22.6789,53.7564],[22.6517,53.7502],[22.6403,53.7508],[22.6293,53.7564],[22.6261,53.7422],[22.6109,53.7193],[22.5848,53.7269],[22.5647,53.7221],[22.5142,53.6992],[22.4794,53.7],[22.4748,53.6956],[22.4683,53.6829],[22.467,53.6743],[22.473,53.6631],[22.4406,53.6648],[22.4406,53.6732],[22.423,53.6815],[22.4007,53.6671],[22.3862,53.6636],[22.3266,53.6318],[22.2984,53.6243],[22.272,53.6106],[22.2174,53.5819],[22.1994,53.5692],[22.1617,53.5554],[22.1279,53.5415],[22.0958,53.5323],[22.0663,53.5308],[22.0514,53.5225],[22.0417,53.5082],[22.0158,53.5012],[22.0097,53.5136],[21.9737,53.5148],[21.9356,53.5114],[21.9208,53.5039],[21.902,53.4932],[21.891,53.4665],[21.8736,53.4619],[21.8411,53.4613],[21.8206,53.4668],[21.7749,53.4815],[21.7142,53.489],[21.6867,53.4928],[21.6479,53.4812],[21.5984,53.4766],[21.6046,53.4704],[21.6036,53.4534],[21.607,53.4452],[21.6211,53.4222],[21.6267,53.4073],[21.636,53.4034],[21.653,53.3914],[21.6617,53.378],[21.6702,53.3707],[21.6718,53.3585],[21.656,53.3528],[21.6685,53.3401],[21.6523,53.3313],[21.6845,53.3373],[21.7019,53.3269],[21.7308,53.314],[21.7338,53.3082],[21.7128,53.3046],[21.7005,53.3132],[21.6893,53.3065],[21.6775,53.3125],[21.6676,53.3164],[21.6578,53.3081],[21.6611,53.295],[21.6451,53.2835],[21.6441,53.2634],[21.6338,53.257],[21.6402,53.2464],[21.6585,53.2431],[21.6633,53.2289],[21.6891,53.215],[21.6696,53.2083],[21.6759,53.1991],[21.6802,53.1879],[21.6953,53.1739],[21.7068,53.1659],[21.6979,53.1507],[21.6975,53.1454],[21.7259,53.1151],[21.7844,53.112],[21.7994,53.1129],[21.8185,53.1047],[21.8293,53.0918],[21.8433,53.078],[21.8588,53.0641],[21.8726,53.0588],[21.8982,53.0607],[21.9141,53.0697],[21.9188,53.079],[21.9411,53.0716],[21.9226,53.0462],[21.9385,53.046],[21.9225,53.0377],[21.9068,53.0407],[21.8933,53.0276],[21.8784,53.0158],[21.8836,53.0072],[21.9067,52.9952],[21.9287,52.9858],[21.9535,52.9867],[21.9738,52.9795],[21.9896,52.9735],[21.9992,52.9621],[22.0046,52.9571],[22.016,52.9499],[22.0288,52.9385],[22.0112,52.9276],[21.9917,52.9197],[22.0084,52.9037],[22.0063,52.8967],[22.0077,52.8763],[22.035,52.8851],[22.0345,52.8784],[22.0394,52.8603],[22.084,52.8418],[22.1014,52.862],[22.1424,52.8513],[22.1741,52.8581],[22.2179,52.8829],[22.2322,52.8807],[22.2433,52.8794],[22.2631,52.8819],[22.2837,52.879],[22.2846,52.8643],[22.2869,52.8536],[22.3031,52.856],[22.3085,52.8469],[22.2935,52.8369],[22.2715,52.8393],[22.2612,52.8442],[22.2502,52.8273],[22.2624,52.8154],[22.2842,52.778],[22.3012,52.7747],[22.3037,52.7695],[22.3095,52.7535],[22.3143,52.7471],[22.3344,52.7405],[22.341,52.7648],[22.3446,52.7778],[22.3826,52.7776],[22.3897,52.7955],[22.44,52.7914],[22.4596,52.7739],[22.4552,52.7684],[22.4458,52.7458],[22.4469,52.7267],[22.4392,52.7092],[22.4394,52.6879],[22.4425,52.6649],[22.4678,52.649],[22.4623,52.6454],[22.4495,52.64],[22.4421,52.6238],[22.4321,52.6174],[22.4191,52.6094],[22.4395,52.592],[22.4579,52.5814],[22.4693,52.5652],[22.4902,52.5471],[22.5036,52.5374],[22.5274,52.519],[22.5101,52.4902],[22.5147,52.4783],[22.5487,52.4678],[22.5471,52.4547],[22.5414,52.4393],[22.5457,52.4206],[22.5678,52.4028],[22.5783,52.3953],[22.594,52.3988],[22.6117,52.3949],[22.6223,52.3921],[22.6457,52.3888],[22.6598,52.3886],[22.6869,52.393],[22.7228,52.3833],[22.7298,52.3663],[22.7395,52.3815],[22.7598,52.3829],[22.7682,52.3725],[22.7955,52.3737],[22.8277,52.3657],[22.8578,52.3636],[22.8917,52.3647],[22.9197,52.3745],[22.966,52.3634],[22.9765,52.3468],[22.9866,52.3415],[23.0003,52.3354],[23.016,52.3322],[23.0484,52.3214],[23.0578,52.2996],[23.0483,52.2915],[23.0725,52.2816],[23.0882,52.2906],[23.1097,52.2999],[23.1284,52.2878],[23.1392,52.2867],[23.1723,52.2831],[23.2156,52.3296],[23.2507,52.366],[23.3103,52.414],[23.3415,52.4537],[23.4358,52.53],[23.5041,52.5662],[23.5877,52.5941],[23.6939,52.6125],[23.738,52.6113],[23.7653,52.6177],[23.7808,52.6271],[23.8794,52.6797],[23.9386,52.7129],[23.9246,52.8307],[23.9237,52.8545],[23.9198,52.9044],[23.9463,52.9587],[23.9294,52.9825],[23.9126,53.0291],[23.9168,53.039],[23.9026,53.0582],[23.8823,53.0661],[23.8785,53.0794],[23.8814,53.0924],[23.8859,53.1119],[23.8976,53.128],[23.9158,53.143],[23.9152,53.1623],[23.9077,53.1722],[23.8867,53.1831],[23.8768,53.1907],[23.8624,53.2054],[23.8612,53.2212],[23.8187,53.244],[23.777,53.3141],[23.7474,53.3726],[23.7074,53.4365],[23.6672,53.5126],[23.651,53.5456],[23.6199,53.6144],[23.5853,53.7057],[23.5856,53.7283],[23.5477,53.7792],[23.5497,53.8305],[23.5478,53.8355],[23.5457,53.8478],[23.5482,53.8561],[23.5241,53.8626],[23.5133,53.9089],[23.5116,53.9288],[23.5155,53.9601],[23.4895,53.9748],[23.4886,53.9821],[23.4905,54.0053],[23.5023,54.0085],[23.5115,54.0217],[23.5261,54.0335],[23.5273,54.0473],[23.5286,54.0658],[23.5183,54.0898],[23.502,54.1129],[23.4953,54.1326],[23.4895,54.1446],[23.4733,54.1581],[23.4612,54.1678],[23.451,54.1758],[23.4199,54.187],[23.4038,54.2022],[23.3967,54.2137],[23.3868,54.2248],[23.3817,54.2282]]],[[[23.5479,50.2518],[23.6116,50.2992],[23.6912,50.3469],[23.7087,50.3793],[23.8457,50.4061],[23.9975,50.4121],[24.0425,50.4607],[24.0756,50.5229],[24.0903,50.5779],[24.092,50.6234],[24.0873,50.6422],[24.0867,50.6691],[24.0694,50.6954],[24.0751,50.7107],[24.0461,50.7171],[24.0184,50.7251],[24.0154,50.7474],[24.0238,50.7662],[23.985,50.7701],[23.9684,50.7855],[23.967,50.8102],[23.9896,50.8375],[24.0246,50.8407],[24.0476,50.8358],[24.0968,50.8365],[24.1182,50.8448],[24.1455,50.8649],[24.1171,50.8696],[24.0916,50.8834],[24.0523,50.8914],[24.0329,50.91],[24.0061,50.9254],[23.987,50.9451],[23.9683,50.9578],[23.9596,50.9863],[23.9386,51.003],[23.922,51.012],[23.9167,51.0304],[23.9139,51.0431],[23.9128,51.0636],[23.9052,51.0784],[23.885,51.0822],[23.8714,51.0949],[23.8572,51.0995],[23.8553,51.1143],[23.8625,51.1276],[23.866,51.1467],[23.8579,51.1581],[23.8305,51.1622],[23.8263,51.1673],[23.8143,51.1785],[23.7867,51.189],[23.7631,51.2056],[23.7359,51.2191],[23.7275,51.2357],[23.7242,51.2465],[23.7173,51.2643],[23.7041,51.2818],[23.6857,51.2904],[23.6562,51.287],[23.6519,51.3003],[23.6433,51.3142],[23.6475,51.337],[23.6549,51.3444],[23.6655,51.3645],[23.6866,51.3686],[23.687,51.3891],[23.6825,51.3985],[23.7005,51.4099],[23.6935,51.4187],[23.6768,51.4305],[23.6751,51.4413],[23.649,51.4504],[23.6534,51.4593],[23.6703,51.4825],[23.6434,51.4849],[23.6261,51.4948],[23.6173,51.5102],[23.6051,51.5284],[23.5892,51.5338],[23.569,51.5327],[23.5657,51.5508],[23.564,51.5708],[23.5532,51.5836],[23.5425,51.6003],[23.5429,51.6257],[23.5487,51.641],[23.5398,51.6549],[23.5578,51.6647],[23.5493,51.6867],[23.5581,51.7016],[23.5548,51.7092],[23.5471,51.7238],[23.5323,51.7371],[23.546,51.7484],[23.5739,51.7569],[23.5943,51.7666],[23.6116,51.772],[23.635,51.7909],[23.6307,51.8143],[23.6203,51.8315],[23.6065,51.8398],[23.6103,51.8607],[23.6204,51.8776],[23.6224,51.8839],[23.6318,51.8997],[23.6163,51.9234],[23.6307,51.9295],[23.6402,51.9429],[23.6289,51.9475],[23.6448,51.9564],[23.6703,51.9667],[23.6774,51.9841],[23.6831,52.0011],[23.658,52.0207],[23.6627,52.0399],[23.6435,52.0578],[23.6444,52.0645],[23.6405,52.0804],[23.6116,52.0982],[23.6168,52.1091],[23.5986,52.1174],[23.5613,52.1193],[23.5486,52.1149],[23.5269,52.1314],[23.5143,52.146],[23.4925,52.1492],[23.4859,52.1641],[23.5012,52.1789],[23.463,52.176],[23.4447,52.1828],[23.4177,52.1813],[23.3977,52.1883],[23.3942,52.1956],[23.3803,52.1949],[23.3555,52.2048],[23.3377,52.2062],[23.2991,52.2117],[23.2734,52.2149],[23.239,52.2196],[23.1941,52.2395],[23.2008,52.2644],[23.1844,52.2827],[23.1461,52.2816],[23.1042,52.2654],[23.0948,52.2565],[23.0543,52.2295],[23.0319,52.1984],[23.0631,52.1769],[23.0294,52.1782],[22.977,52.1722],[22.9423,52.1446],[22.9554,52.1215],[22.928,52.1116],[22.893,52.102],[22.8954,52.082],[22.8682,52.066],[22.8499,52.0656],[22.8307,52.0814],[22.765,52.0814],[22.7469,52.0952],[22.7158,52.1037],[22.6833,52.11],[22.6671,52.1033],[22.6667,52.0795],[22.6652,52.0539],[22.6561,52.0357],[22.629,52.024],[22.6074,52.0327],[22.5864,52.0421],[22.5483,52.0506],[22.5216,52.0636],[22.496,52.069],[22.4699,52.0541],[22.4582,52.0373],[22.442,52.0278],[22.4137,52.0153],[22.3719,52.007],[22.3348,51.9984],[22.3227,52.0369],[22.286,52.0195],[22.2537,52.0045],[22.2127,52.0137],[22.1374,52.0062],[22.0766,52.0059],[22.0357,52.0221],[22.0064,52.0089],[21.9713,51.9925],[21.9447,51.9925],[21.9101,51.9777],[21.8768,51.9543],[21.8782,51.9331],[21.8924,51.9085],[21.9103,51.8911],[21.8925,51.8701],[21.8521,51.8497],[21.8571,51.8396],[21.8704,51.8353],[21.9174,51.8396],[21.9337,51.8322],[21.9507,51.8094],[21.9352,51.7854],[21.9003,51.7776],[21.8666,51.7687],[21.8452,51.7529],[21.8357,51.7438],[21.8708,51.7328],[21.8742,51.718],[21.901,51.7071],[21.8798,51.6885],[21.8562,51.6687],[21.8387,51.6522],[21.8021,51.6492],[21.7581,51.6376],[21.7492,51.612],[21.6923,51.644],[21.6392,51.657],[21.6401,51.6259],[21.6254,51.6101],[21.6531,51.5885],[21.6961,51.5701],[21.7558,51.5604],[21.7923,51.5683],[21.8238,51.5622],[21.8406,51.5289],[21.8554,51.5034],[21.8564,51.4776],[21.8681,51.4628],[21.856,51.4449],[21.8402,51.4203],[21.8128,51.429],[21.7876,51.4201],[21.7613,51.4058],[21.7845,51.3975],[21.8066,51.3754],[21.8253,51.3759],[21.8537,51.3519],[21.8351,51.3378],[21.8196,51.2999],[21.7868,51.285],[21.8124,51.2853],[21.83,51.2846],[21.8506,51.2785],[21.8302,51.2667],[21.8133,51.2399],[21.8012,51.2207],[21.7868,51.1931],[21.7925,51.1801],[21.7849,51.1504],[21.7928,51.1271],[21.7998,51.087],[21.8216,51.0587],[21.8056,51.0326],[21.8195,51.0092],[21.8172,50.978],[21.8129,50.9551],[21.8246,50.9171],[21.842,50.8706],[21.8423,50.8402],[21.8665,50.8221],[21.8797,50.7889],[21.8954,50.7797],[21.9502,50.7716],[21.9779,50.7851],[22.0071,50.7911],[22.0197,50.7981],[22.0521,50.8205],[22.0943,50.8141],[22.163,50.7973],[22.1767,50.766],[22.2014,50.7562],[22.1704,50.7062],[22.1595,50.6847],[22.1418,50.6697],[22.1894,50.6644],[22.2232,50.6598],[22.2472,50.6332],[22.2562,50.6203],[22.2944,50.618],[22.3228,50.6184],[22.3493,50.6141],[22.3742,50.6039],[22.3996,50.5938],[22.4266,50.5843],[22.4832,50.5812],[22.5058,50.5756],[22.5277,50.576],[22.5202,50.5488],[22.5343,50.5375],[22.5367,50.5167],[22.5552,50.5055],[22.5709,50.4953],[22.5115,50.4816],[22.5672,50.4805],[22.5729,50.4725],[22.5573,50.461],[22.5542,50.4607],[22.5299,50.4496],[22.5073,50.4675],[22.4655,50.4603],[22.4472,50.4563],[22.4496,50.4486],[22.4501,50.433],[22.4195,50.3969],[22.4446,50.3915],[22.4804,50.3531],[22.5149,50.3458],[22.5297,50.352],[22.5543,50.3565],[22.5915,50.3519],[22.6188,50.3539],[22.6422,50.358],[22.6555,50.3558],[22.6676,50.354],[22.6715,50.3549],[22.6732,50.3438],[22.6336,50.3348],[22.6078,50.3109],[22.6189,50.3084],[22.6442,50.3059],[22.6728,50.3004],[22.7009,50.2947],[22.7375,50.3021],[22.7506,50.3029],[22.7714,50.3024],[22.8214,50.302],[22.8905,50.3015],[22.9443,50.2922],[23.0081,50.2877],[23.0541,50.3058],[23.0753,50.3269],[23.1247,50.3549],[23.1939,50.3909],[23.2196,50.3875],[23.2412,50.3697],[23.2791,50.3762],[23.3176,50.3927],[23.346,50.3995],[23.3876,50.4054],[23.3667,50.3938],[23.3775,50.3782],[23.4006,50.3629],[23.4282,50.3476],[23.4329,50.3399],[23.457,50.3032],[23.5096,50.2947],[23.5048,50.2868],[23.5125,50.275],[23.5278,50.2623],[23.5479,50.2518]]]]}},{"type":"Feature","properties":{"@id":"relation/252148","alt_name:cs":"Bělověžský prales","boundary":"national_park","gid":"2506","heritage":"1","heritage:operator":"whc","image":"http://bialowiezaforest.eu/wp-content/uploads/2015/07/map-of-Belarusian-side-of-Bialowieza-Forest.jpg","kodinspire":"PL.ZIPOP.1393.PN.8","name":"Białowieski Park Narodowy","name:be":"Белавежскі нацыянальны парк","name:cs":"Bělověžský národní park","name:de":"Białowieża-Nationalpark","name:en":"Białowieża National Park","name:fr":"Parc national de Bialowieza","name:lt":"Belovežo nacionalinis parkas","name:lv":"Belovežas nacionālais parks","name:pl":"Białowieski Park Narodowy","name:ru":"Беловежский нациойнальний парк","name:sk":"Bielovežský národný park","protect_class":"2","ref:ckkp":"PD00026","ref:whc":"33bis","start_date":"1932","type":"boundary","whc:criteria":"(vii)","whc:inscription_date":"1979","wikidata":"Q6870388","wikipedia":"pl:Białowieski Park Narodowy"},"geometry":{"type":"MultiPolygon","coordinates":[[[[23.9390124,52.7660941],[23.9391278,52.7823448],[23.9395057,52.8064141],[23.9367333,52.8165086],[23.9318211,52.8167942],[23.9289713,52.8188815],[23.9229322,52.8170127],[23.9163339,52.8157786],[23.9079004,52.8141543],[23.9010599,52.8103277],[23.8939387,52.8091963],[23.8949917,52.8141072],[23.8918722,52.8160684],[23.880889,52.81867],[23.8422482,52.8188704],[23.8356334,52.8188376],[23.8290774,52.8185672],[23.8210827,52.8173143],[23.8205235,52.8170975],[23.8191714,52.8169317],[23.8185179,52.8171228],[23.8173207,52.8164667],[23.8163926,52.8175381],[23.8152924,52.8178271],[23.8143802,52.818273],[23.8131163,52.8185545],[23.8127596,52.8170844],[23.8232306,52.811932],[23.8236566,52.8095515],[23.8269343,52.8026196],[23.8285192,52.7995435],[23.8277662,52.7989399],[23.8298953,52.7967882],[23.8260423,52.7990525],[23.7958074,52.7809434],[23.795897,52.7428965],[23.7958787,52.7418155],[23.7956286,52.7341595],[23.7926474,52.7336542],[23.7896915,52.7335014],[23.7901548,52.7322059],[23.8153207,52.7310908],[23.8189293,52.730733],[23.8184331,52.730098],[23.8187088,52.7280365],[23.8191749,52.7271687],[23.8193142,52.7262881],[23.819488,52.7249161],[23.8196566,52.7237877],[23.8197918,52.721614],[23.8206071,52.7199833],[23.8204086,52.7185698],[23.8205293,52.7173529],[23.8202378,52.7161377],[23.8202683,52.7147566],[23.8224295,52.7127007],[23.8239234,52.711428],[23.8245217,52.7098285],[23.8254927,52.7079565],[23.825887,52.7072512],[23.8260372,52.7069067],[23.8261123,52.7065654],[23.82652,52.706151],[23.8266648,52.7059983],[23.8272254,52.7059771],[23.8275848,52.7059658],[23.8279254,52.7058422],[23.8285105,52.7052189],[23.8288174,52.7050831],[23.8291218,52.7050437],[23.8297286,52.705078],[23.8301731,52.7049955],[23.8305835,52.7049565],[23.8312274,52.7049581],[23.8317826,52.7047935],[23.8341669,52.703789],[23.8346807,52.7035713],[23.8350615,52.703516],[23.8358009,52.7076328],[23.8397514,52.7130212],[23.8447255,52.7146444],[23.8608714,52.7152721],[23.8682753,52.7141374],[23.883537,52.7141699],[23.8871011,52.709054],[23.8921922,52.7078508],[23.8931905,52.7073285],[23.8934531,52.7077704],[23.8932285,52.7085743],[23.8931496,52.7122207],[23.8937514,52.7140813],[23.8945653,52.7158367],[23.8960561,52.7180162],[23.8968873,52.7195377],[23.8976312,52.7198968],[23.9071157,52.721776],[23.9184431,52.7240864],[23.9328954,52.7264899],[23.9389078,52.7538869],[23.9390124,52.7660941]]],[[[23.753317,52.7163345],[23.7503578,52.7162977],[23.7482657,52.7162712],[23.7463778,52.7162469],[23.7434395,52.7162083],[23.7417312,52.7161842],[23.7416369,52.7161828],[23.7405162,52.716167],[23.7399289,52.7161587],[23.7384143,52.7161315],[23.7383737,52.716005],[23.7383431,52.7159098],[23.7378695,52.714435],[23.7373083,52.7126714],[23.737292,52.7126202],[23.7372845,52.7125968],[23.736551,52.7103391],[23.7342768,52.7107521],[23.7339948,52.7108065],[23.7320919,52.7111732],[23.7317539,52.7112394],[23.7316805,52.7112537],[23.7296481,52.711651],[23.7272846,52.7121392],[23.7272567,52.7121451],[23.7271973,52.7121576],[23.7270538,52.7121877],[23.7270049,52.7121979],[23.726739,52.7122538],[23.7266761,52.712267],[23.7240649,52.712815],[23.7224382,52.7115482],[23.7213799,52.7101648],[23.7200671,52.7084173],[23.7206643,52.7076431],[23.7201352,52.7075229],[23.7199497,52.7074808],[23.7192441,52.7073206],[23.7190922,52.7072861],[23.719053,52.7072558],[23.7182222,52.7066126],[23.7179748,52.706421],[23.7178783,52.7063463],[23.717675,52.7052839],[23.7190623,52.7049228],[23.7195765,52.7058203],[23.7204563,52.7056413],[23.7210092,52.7055288],[23.7211108,52.7055058],[23.72135,52.7054515],[23.7213917,52.705442],[23.7220295,52.7052974],[23.724769,52.7046767],[23.726486,52.7047192],[23.7296537,52.7047269],[23.7328946,52.7047207],[23.7349036,52.7047169],[23.7349828,52.7049666],[23.7365839,52.7049888],[23.7405608,52.7050476],[23.7407013,52.7050497],[23.7431582,52.7050904],[23.7470068,52.7051382],[23.7482534,52.7051288],[23.7486751,52.7051398],[23.7494666,52.7051603],[23.7499431,52.7066006],[23.7503051,52.7075946],[23.7505655,52.7084517],[23.7506089,52.7085921],[23.7510211,52.7097635],[23.7516878,52.7117497],[23.7521807,52.7130906],[23.7521901,52.7131175],[23.7526581,52.7144639],[23.753317,52.7163345]]],[[[23.7955725,52.7084963],[23.7955933,52.7070915],[23.7956004,52.7066152],[23.7956266,52.7048471],[23.7956507,52.7037586],[23.8007182,52.7037632],[23.8036922,52.7037652],[23.8036938,52.7036755],[23.8036947,52.7036285],[23.803713,52.7026326],[23.8037341,52.7010227],[23.803733,52.6990633],[23.8117602,52.6988802],[23.8118231,52.6988834],[23.8118137,52.7027574],[23.8118114,52.7037376],[23.811872,52.7059883],[23.809658,52.7060206],[23.8084641,52.7060519],[23.8049455,52.706132],[23.8042151,52.7061499],[23.8037202,52.7061613],[23.8036726,52.7083211],[23.8022434,52.7083599],[23.8002899,52.7083922],[23.800249,52.7082097],[23.7991529,52.7082781],[23.7977957,52.7083639],[23.7977063,52.7083696],[23.797595,52.7083766],[23.7973043,52.708395],[23.7955725,52.7084963]]],[[[23.8493491,52.7056337],[23.8497788,52.7056142],[23.8500803,52.7074478],[23.851409,52.7073595],[23.8514585,52.7076707],[23.8516662,52.7076557],[23.8518612,52.7086578],[23.8503206,52.7087718],[23.843953,52.7091066],[23.8436177,52.7091521],[23.8435695,52.7089522],[23.8436499,52.7089506],[23.8433417,52.7073315],[23.8429432,52.7052787],[23.8427373,52.7042102],[23.8426581,52.7037991],[23.8426105,52.7034327],[23.8425347,52.7025721],[23.8421638,52.7022257],[23.8416687,52.701785],[23.8414336,52.7015322],[23.8414157,52.7015123],[23.841388,52.7014682],[23.8413234,52.7013614],[23.8412678,52.7012734],[23.8412564,52.7012165],[23.8412507,52.7011589],[23.8413263,52.7010688],[23.8414173,52.7010077],[23.8415174,52.7009836],[23.8422783,52.7008696],[23.8436627,52.7006476],[23.8440877,52.7005304],[23.8446526,52.7003086],[23.8447893,52.7002812],[23.8447248,52.7001171],[23.8456066,52.6999774],[23.8467199,52.7000509],[23.8472319,52.6999615],[23.8478774,52.6995918],[23.8490921,52.6993914],[23.8500018,52.7013618],[23.8502145,52.7017141],[23.850055,52.701712],[23.8501382,52.7022435],[23.8496768,52.7022646],[23.8496554,52.7022272],[23.8491511,52.7022239],[23.8492343,52.702679],[23.8498002,52.7026465],[23.8501972,52.7026254],[23.8502213,52.7027603],[23.8500765,52.7027684],[23.850275,52.7030122],[23.8503662,52.7034104],[23.8494945,52.7033438],[23.8493472,52.703874],[23.8493491,52.7056337]]]]}},{"type":"Feature","properties":{"@id":"relation/270329","boundary":"national_park","gid":"2501","kodinspire":"PL.ZIPOP.1393.PN.22","leisure":"nature_reserve","name":"Biebrzański Park Narodowy","name:de":"Nationalpark Bober","name:en":"Biebrza National Park","name:lt":"Bebro nacionalinis parkas","name:pl":"Biebrzański Park Narodowy","protect_class":"2","protection_title":"National Park","protection_title:pl":"Park Narodowy","ramsar":"yes","type":"boundary","website":"https://www.biebrza.org.pl/","wikidata":"Q609383","wikipedia":"pl:Biebrzański Park Narodowy"},"geometry":{"type":"MultiPolygon","coordinates":[[[[22.7421049,53.4901815],[22.7422157,53.4902001],[22.7424191,53.4902363],[22.7424219,53.4902803],[22.7431244,53.4903197],[22.7431386,53.4906768],[22.7425772,53.4907404],[22.7420797,53.4906372],[22.7417164,53.4905455],[22.7419543,53.4901951],[22.7420304,53.4901629],[22.7421049,53.4901815]]],[[[22.6960562,53.6363057],[22.6961104,53.6372559],[22.6961294,53.6376392],[22.6916318,53.6375919],[22.691998,53.6359172],[22.6960562,53.6363057]]],[[[22.6957997,53.6410389],[22.6957622,53.641124],[22.6957221,53.641215],[22.6955117,53.641385],[22.6941358,53.6413154],[22.6941759,53.6409575],[22.6957997,53.6410389]]],[[[22.6772059,53.3428317],[22.6768528,53.3428049],[22.6770867,53.3417923],[22.677629,53.3417409],[22.6774658,53.3425786],[22.6772769,53.3425763],[22.6772059,53.3428317]]],[[[22.7211373,53.5133496],[22.680838,53.4990961],[22.638163,53.4913124],[22.5426173,53.4656938],[22.5148402,53.4469334],[22.5147761,53.4273259],[22.4757807,53.3859399],[22.465069,53.3621257],[22.4629407,53.3359703],[22.4674302,53.3252736],[22.4658053,53.3063932],[22.4686251,53.2931967],[22.4651085,53.2840118],[22.4615635,53.2773078],[22.4574932,53.264263],[22.4513788,53.2504215],[22.4470229,53.2455554],[22.4376856,53.2285814],[22.4392188,53.2150907],[22.4598782,53.2161494],[22.4827832,53.2176758],[22.4659905,53.2348525],[22.468238,53.2497463],[22.4969013,53.260511],[22.5502999,53.2456254],[22.5646253,53.2494199],[22.6218164,53.2374389],[22.6426715,53.2613177],[22.6499111,53.2852461],[22.6003928,53.3262566],[22.6198742,53.3377774],[22.6236287,53.3563192],[22.601453,53.3644509],[22.5888803,53.4030394],[22.5824284,53.4302687],[22.6404187,53.447079],[22.6193275,53.4641356],[22.6547484,53.4759047],[22.6678994,53.4885713],[22.6774878,53.4851845],[22.699971,53.4909642],[22.7278943,53.4924432],[22.7723261,53.5026281],[22.7941979,53.5134536],[22.8157931,53.522696],[22.848262,53.5325276],[22.8773827,53.5471459],[22.9027272,53.5520583],[22.9179768,53.5638933],[22.9321967,53.5794152],[22.988697,53.6007675],[23.0138247,53.6017512],[23.0283045,53.596285],[23.0601086,53.5902977],[23.0655585,53.6382298],[23.0757697,53.6555082],[23.1067367,53.6654346],[23.1649118,53.6867223],[23.205274,53.6913186],[23.2305173,53.684204],[23.2556594,53.7044456],[23.3146504,53.7019883],[23.3578137,53.7126353],[23.3955774,53.6956748],[23.4389444,53.6999899],[23.4995215,53.6920474],[23.5053768,53.6953045],[23.4829852,53.7015282],[23.4531353,53.7065325],[23.4388938,53.7074414],[23.4508742,53.7126248],[23.4265563,53.7191912],[23.3857979,53.7387582],[23.2873634,53.7404027],[23.2824362,53.7202583],[23.2135109,53.730563],[23.1952841,53.7113058],[23.1498955,53.6957871],[23.122592,53.6794427],[23.0944211,53.6749425],[23.0689898,53.6653372],[23.0176583,53.6421608],[22.9892706,53.6365204],[22.9028529,53.6612933],[22.8514627,53.6900131],[22.8198574,53.6758428],[22.7649016,53.6494255],[22.755369,53.6393602],[22.7385904,53.6327958],[22.714733,53.6283222],[22.7041024,53.6248359],[22.6792582,53.6379727],[22.622994,53.6058702],[22.6306996,53.6059318],[22.6452032,53.5990824],[22.6669279,53.5967817],[22.6790516,53.5942074],[22.693849,53.5889352],[22.6967649,53.5778337],[22.7211373,53.5133496]]]]}},{"type":"Feature","properties":{"@id":"relation/271443","boundary":"national_park","gid":"2498","kodinspire":"PL.ZIPOP.1393.PN.2","name":"Wigierski Park Narodowy","name:de":"Nationalpark Wigry","name:en":"Wigry National Park","name:lt":"Vygrių nacionalinis parkas","name:pl":"Wigierski Park Narodowy","protect_class":"2","protection_title":"National Park","ramsar":"yes","type":"boundary","website":"http://www.wigry.org.pl/","wikidata":"Q620407","wikipedia":"pl:Wigierski Park Narodowy"},"geometry":{"type":"MultiPolygon","coordinates":[[[[23.0600766,54.1322796],[23.0565011,54.1279673],[23.0618946,54.1206622],[23.0476309,54.1171213],[23.0326808,54.1121613],[23.0263958,54.1046084],[23.0268031,54.1008515],[23.0247125,54.0966743],[23.0263511,54.0952739],[23.0247218,54.0932468],[23.0203255,54.0925456],[23.0179475,54.0914092],[23.0175836,54.0899325],[23.0145858,54.0867165],[23.0081879,54.0842277],[23.0096276,54.0758483],[23.0085808,54.0693557],[23.0104249,54.0605905],[23.0114416,54.0575278],[23.0133153,54.0554107],[23.0147422,54.0535851],[22.986423,54.0436536],[23.0034825,54.0281679],[23.0178795,54.0285492],[23.0168401,54.0263568],[23.0150779,54.025014],[23.0165852,54.0233715],[23.0129221,54.0185041],[23.0062311,54.018312],[22.9993474,54.016842],[22.9926261,54.0179918],[22.9878951,54.0167944],[22.9944075,54.0157107],[22.9942056,54.0144884],[22.9901178,54.0130854],[23.0023045,54.006841],[23.0253577,53.9991667],[23.0414414,53.9904758],[23.0677305,53.9946576],[23.0914437,53.9896696],[23.093141,53.9787474],[23.1488862,53.9879449],[23.1996597,53.9895588],[23.2064881,54.0015865],[23.20661,54.0046101],[23.2143656,54.0083572],[23.2275054,54.0110718],[23.2239064,54.0249718],[23.2372069,54.0304345],[23.2441185,54.0397289],[23.2433024,54.0426288],[23.239526,54.0441673],[23.2267429,54.0443537],[23.2190541,54.0479774],[23.218872,54.0494449],[23.1984293,54.0503072],[23.1962059,54.054531],[23.1934363,54.0593651],[23.1898977,54.0615167],[23.189872,54.0640137],[23.185921,54.0642584],[23.176533,54.0666844],[23.1799716,54.0551953],[23.1766118,54.0555374],[23.1727481,54.0528013],[23.1681704,54.0516167],[23.1533744,54.0556192],[23.136965,54.0504368],[23.1269746,54.0512471],[23.1237499,54.055876],[23.1209978,54.0588544],[23.1180653,54.0609701],[23.1129872,54.0649718],[23.1172304,54.0695156],[23.1166597,54.073839],[23.1088059,54.0748326],[23.1021786,54.0758607],[23.1028691,54.0779341],[23.0994871,54.0800552],[23.0953258,54.0827919],[23.096029,54.0857694],[23.0949768,54.0887803],[23.0990411,54.0921446],[23.096086,54.0971891],[23.0953186,54.1016915],[23.1088321,54.1118903],[23.1042674,54.119279],[23.0911729,54.116103],[23.0849368,54.1157542],[23.0836423,54.1342942],[23.0889744,54.1479811],[23.0883325,54.1533047],[23.0838828,54.1545963],[23.0879659,54.1630204],[23.0854236,54.1703522],[23.077287,54.1602546],[23.0744565,54.1501801],[23.0649973,54.1466351],[23.0591176,54.1381447],[23.0600766,54.1322796]]],[[[23.0916642,54.1584074],[23.091511,54.158433],[23.0910934,54.158544],[23.0910271,54.1585746],[23.0908157,54.1586724],[23.0903173,54.1587869],[23.090218,54.1585644],[23.0895162,54.1578848],[23.0894371,54.1574293],[23.0926475,54.1564903],[23.0931068,54.1572989],[23.0929104,54.1573347],[23.0930708,54.1576874],[23.0926614,54.1579183],[23.0926261,54.1582398],[23.0919865,54.1583967],[23.0918644,54.1583681],[23.0916642,54.1584074]]],[[[23.1023724,54.0758717],[23.1028513,54.0760549],[23.1027688,54.076115],[23.1039659,54.0759268],[23.1041254,54.0760118],[23.10449,54.0758572],[23.1048913,54.0754686],[23.1049798,54.0754131],[23.1054951,54.0750901],[23.1055072,54.0750956],[23.1065649,54.0755005],[23.1064013,54.075542],[23.1063346,54.075592],[23.1062681,54.075642],[23.106169,54.0757433],[23.1060909,54.075805],[23.1059901,54.07589],[23.1059812,54.075919],[23.1059699,54.0759557],[23.1059322,54.0759942],[23.1059088,54.076018],[23.1058549,54.0760449],[23.1057513,54.0761472],[23.1056919,54.0762869],[23.1056839,54.0763609],[23.1056428,54.0764663],[23.1055112,54.0766406],[23.1055101,54.0766643],[23.1054867,54.0766701],[23.1054588,54.0766771],[23.1054591,54.0767058],[23.105395,54.0767592],[23.1052212,54.0768186],[23.1051288,54.0769087],[23.1051328,54.0769473],[23.1050745,54.0769692],[23.1050218,54.0769595],[23.1049291,54.076992],[23.1048072,54.0769747],[23.1047121,54.0770199],[23.1046963,54.0770952],[23.1046732,54.0771262],[23.104629,54.0771857],[23.1046792,54.0773083],[23.1045447,54.0774353],[23.1045571,54.0774786],[23.1035702,54.0773689],[23.1032063,54.0774526],[23.1024121,54.0766003],[23.102346,54.0765182],[23.1022941,54.0764317],[23.1022605,54.0763395],[23.102244,54.0762424],[23.1022465,54.0761607],[23.1022539,54.076122],[23.102263,54.0760778],[23.1022991,54.0759821],[23.1023531,54.0758942],[23.1023724,54.0758717]]],[[[23.1105889,54.0750702],[23.1105466,54.0759685],[23.1105013,54.0759972],[23.1098943,54.0763828],[23.1092784,54.0759388],[23.1088133,54.0755035],[23.1090172,54.0754799],[23.1092983,54.0754532],[23.1093544,54.0752101],[23.109065,54.0751909],[23.1091013,54.0749704],[23.1092933,54.0749596],[23.1100835,54.0748939],[23.1107598,54.0748554],[23.1108279,54.075065],[23.1105889,54.0750702]]],[[[23.1100148,54.0796501],[23.1099301,54.0796969],[23.1087575,54.0803223],[23.109084,54.0807391],[23.1091195,54.0807844],[23.107157,54.0811647],[23.10717,54.0811082],[23.1073723,54.0802259],[23.1083452,54.0799718],[23.1080944,54.0797957],[23.1096154,54.0793203],[23.1100148,54.0796501]]],[[[23.1099416,54.0797137],[23.1104877,54.080509],[23.1098803,54.0806313],[23.1093828,54.0800139],[23.1099163,54.0797267],[23.1099416,54.0797137]]],[[[23.1099376,54.0788314],[23.109999,54.0788969],[23.1098954,54.0789165],[23.110477,54.0793945],[23.1100372,54.0796377],[23.109632,54.0793132],[23.1092847,54.0790351],[23.1099376,54.0788314]]],[[[23.108714,54.0755135],[23.1092314,54.0759809],[23.1096873,54.0763035],[23.1099835,54.078784],[23.1097662,54.0788637],[23.1091884,54.0790169],[23.1075201,54.0793644],[23.1074592,54.0793725],[23.1075477,54.0793211],[23.1076274,54.0786973],[23.1076749,54.0785576],[23.1079179,54.0781264],[23.1078133,54.0779259],[23.1079862,54.0778091],[23.1080637,54.0777654],[23.1081605,54.0777255],[23.108021,54.0776335],[23.1080897,54.077582],[23.1081258,54.0775549],[23.1083331,54.0772072],[23.1085723,54.0769613],[23.10855,54.0767464],[23.1085821,54.0766052],[23.1085864,54.07647],[23.1086634,54.0762757],[23.1086723,54.0761404],[23.1085577,54.0758412],[23.1084758,54.0757899],[23.1087034,54.0754861],[23.108714,54.0755135]]],[[[23.1260211,54.077831],[23.1257764,54.0781321],[23.1255156,54.0782546],[23.1253156,54.0781821],[23.1253088,54.0780982],[23.1250801,54.0780061],[23.1249795,54.0779508],[23.1249848,54.0779032],[23.1250069,54.0777259],[23.1250349,54.077736],[23.125095,54.0777423],[23.1254283,54.0777762],[23.1256993,54.077804],[23.1259627,54.0778309],[23.1259778,54.0777686],[23.1259881,54.0777256],[23.1260312,54.0775462],[23.1260376,54.0775194],[23.1260421,54.0775008],[23.1261258,54.077153],[23.125739,54.0771179],[23.1254563,54.0770922],[23.1254304,54.07716],[23.1253651,54.0771528],[23.1252051,54.0771351],[23.1253038,54.0765857],[23.1255702,54.0765581],[23.125645,54.0763084],[23.1262832,54.076361],[23.1263156,54.0763637],[23.1266062,54.0763877],[23.1271787,54.0763945],[23.1276555,54.0764001],[23.1275463,54.0766491],[23.1272463,54.0773332],[23.1272354,54.0773536],[23.1271579,54.0774983],[23.1271465,54.0775197],[23.1270779,54.0776479],[23.1260211,54.077831]]],[[[23.1505242,54.0603397],[23.1505854,54.0604229],[23.1506834,54.0605561],[23.1507054,54.0605859],[23.1510926,54.0606206],[23.1512887,54.0606678],[23.151126,54.0610402],[23.1511095,54.0610779],[23.1509182,54.0610681],[23.1506483,54.0609413],[23.1506329,54.0609004],[23.1505725,54.0607402],[23.1506343,54.0605796],[23.1506174,54.0605563],[23.1505766,54.0605],[23.1504802,54.0603673],[23.1504674,54.0603496],[23.1504604,54.06034],[23.1504477,54.0603225],[23.1505083,54.0603181],[23.1505242,54.0603397]]],[[[23.1497109,54.0520806],[23.1497637,54.0520997],[23.1486441,54.0531985],[23.1477669,54.053192],[23.1476193,54.0531909],[23.1472198,54.0530501],[23.14769,54.0525886],[23.1477231,54.0525561],[23.1484875,54.051806],[23.1487657,54.0517715],[23.1488348,54.0517629],[23.1497109,54.0520806]]]]}},{"type":"Feature","properties":{"@id":"relation/303360","boundary":"national_park","gid":"2507","kodinspire":"PL.ZIPOP.1393.PN.23","name":"Park Narodowy Ujście Warty","name:de":"Nationalpark Warthemündung","name:en":"Ujście Warty National Park","name:pl":"Park Narodowy Ujście Warty","protect_class":"2","protection_title":"National Park","ramsar":"yes","type":"boundary","website":"https://www.pnujsciewarty.gov.pl/","wikidata":"Q618092","wikipedia":"pl:Park Narodowy „Ujście Warty”"},"geometry":{"type":"Polygon","coordinates":[[[14.8721707,52.6610999],[14.8644246,52.6608618],[14.8637309,52.6589379],[14.8577356,52.6573277],[14.8599933,52.6525861],[14.8426013,52.6581515],[14.84041,52.6543257],[14.8335111,52.6502328],[14.8301418,52.6506629],[14.8209528,52.6369104],[14.8124367,52.63268],[14.8061111,52.6325002],[14.7835365,52.6355521],[14.792288,52.6270228],[14.7830326,52.6291701],[14.7822943,52.635117],[14.7641505,52.6306806],[14.7620429,52.6344558],[14.7586406,52.633242],[14.7491932,52.6284836],[14.7499633,52.6231739],[14.755907,52.6164592],[14.7240567,52.6089285],[14.7232063,52.6034081],[14.7232151,52.6018938],[14.717886,52.601558],[14.7148822,52.5993878],[14.7151244,52.5963602],[14.7100945,52.594393],[14.7072875,52.5928836],[14.703303,52.5913574],[14.6988771,52.5890726],[14.6930199,52.5884122],[14.6861087,52.5866573],[14.6800777,52.5856732],[14.6761808,52.5843647],[14.6703304,52.5830487],[14.6643061,52.5813014],[14.6588101,52.5799887],[14.654147,52.5807207],[14.6481395,52.5824453],[14.6460099,52.582224],[14.6440247,52.5750524],[14.6443796,52.5748326],[14.6569577,52.5673815],[14.6776078,52.5593787],[14.7080272,52.5482132],[14.7178027,52.5455317],[14.7351908,52.5453568],[14.74137,52.5446481],[14.7429127,52.5442887],[14.7562211,52.5439951],[14.7698524,52.5433714],[14.7730813,52.5435684],[14.7811139,52.5484833],[14.7753559,52.5493322],[14.7676449,52.55037],[14.7676713,52.5540609],[14.7702141,52.5625531],[14.7733503,52.5677142],[14.773355,52.5711907],[14.7759817,52.580948],[14.7742122,52.5841541],[14.7713324,52.5845467],[14.7718524,52.5850216],[14.7751487,52.5864224],[14.7800628,52.5837332],[14.782022,52.585215],[14.7876843,52.5865597],[14.7912425,52.5851599],[14.793721,52.5867887],[14.7974478,52.587338],[14.7972636,52.5888529],[14.7987563,52.5923126],[14.8012394,52.5930758],[14.8003418,52.594914],[14.8014016,52.5964286],[14.8139944,52.6005563],[14.816123,52.6015332],[14.8193196,52.6020788],[14.8264159,52.6038222],[14.8294295,52.6058819],[14.8432659,52.6116346],[14.8526727,52.6152129],[14.858647,52.6166353],[14.8611665,52.61748],[14.8687818,52.6175312],[14.8817985,52.6221264],[14.8935387,52.6284552],[14.8980706,52.6309565],[14.9143903,52.6312816],[14.9138472,52.6351728],[14.914019,52.6376635],[14.9068154,52.6394301],[14.8902701,52.6366564],[14.8790015,52.6359043],[14.8596343,52.6320936],[14.8588816,52.6457196],[14.8632004,52.6501747],[14.8721707,52.6610999]]]}},{"type":"Feature","properties":{"@id":"relation/1329832","boundary":"national_park","name":"Karkonoski Park Narodowy","name:cs":"Krkonošský národní park","name:de":"Nationalpark Riesengebirge","name:en":"Karkonosze National Park","name:pl":"Karkonoski Park Narodowy","protect_class":"2","type":"boundary","website":"https://kpnmab.pl/","wikidata":"Q621423","wikipedia":"pl:Karkonoski Park Narodowy"},"geometry":{"type":"MultiPolygon","coordinates":[[[[15.7300005,50.7698491],[15.7295286,50.7696751],[15.7294234,50.769634],[15.7292253,50.7695794],[15.7289522,50.7695153],[15.7288766,50.7694952],[15.7288493,50.769486],[15.7288086,50.7694726],[15.7287635,50.7694505],[15.7287238,50.7694213],[15.7286926,50.7693795],[15.7287648,50.7694007],[15.7288613,50.7694085],[15.7291075,50.7694276],[15.7294988,50.7695201],[15.7297371,50.7695765],[15.7299587,50.7696292],[15.7304266,50.7696577],[15.7306059,50.7697401],[15.7307889,50.7697408],[15.7308905,50.7697804],[15.7309191,50.7698246],[15.7311876,50.77001],[15.7315824,50.7700881],[15.7318149,50.7702066],[15.7319928,50.7703852],[15.7322089,50.7704701],[15.732374,50.7706074],[15.7328329,50.7705871],[15.733152,50.7707019],[15.7334796,50.7707303],[15.7335941,50.7708056],[15.7335215,50.7708703],[15.7328376,50.7709318],[15.7319107,50.7709484],[15.7316949,50.7708103],[15.7315797,50.770741],[15.7308949,50.7703329],[15.7304263,50.7700542],[15.7303154,50.7699935],[15.7302431,50.7699555],[15.7301513,50.7699121],[15.7300005,50.7698491]]],[[[15.7257711,50.7736362],[15.7259211,50.7733747],[15.7262719,50.7728442],[15.7263197,50.7727423],[15.7263356,50.772606],[15.7263005,50.7724846],[15.7261396,50.7721734],[15.7265958,50.7722584],[15.7266925,50.7717093],[15.726732,50.7714937],[15.7270359,50.7714691],[15.7271425,50.7714762],[15.727371,50.7714761],[15.7276938,50.7715121],[15.727961,50.7715418],[15.7280998,50.7715911],[15.7282445,50.7716423],[15.7283022,50.7717046],[15.7283027,50.7717715],[15.7280209,50.7719446],[15.7277189,50.7721188],[15.7275627,50.7723305],[15.7275043,50.7724096],[15.7274749,50.7724485],[15.7274439,50.7724866],[15.727259,50.7727167],[15.7270411,50.7729438],[15.7268181,50.7731617],[15.7265309,50.7733603],[15.7263974,50.7734844],[15.7261783,50.7737173],[15.7260834,50.7737918],[15.7259738,50.7738525],[15.7257855,50.7739272],[15.7255574,50.7739922],[15.7256522,50.7738408],[15.7257711,50.7736362]]],[[[15.5498848,50.8255415],[15.5501712,50.8254666],[15.5503666,50.8254186],[15.5507182,50.8253442],[15.5508531,50.825297],[15.5510022,50.8252687],[15.5511284,50.825245],[15.5516183,50.8251161],[15.5527512,50.8248529],[15.5533227,50.8247169],[15.556509,50.8239803],[15.5566665,50.8244503],[15.5569928,50.8256222],[15.5585245,50.8278374],[15.5593581,50.8290298],[15.5607165,50.8309985],[15.5614458,50.8320213],[15.5618518,50.8326132],[15.5623065,50.8332223],[15.561941,50.8337344],[15.5617858,50.8344463],[15.5617775,50.8346368],[15.5618259,50.8347491],[15.5615378,50.8348941],[15.5614555,50.8349158],[15.5612274,50.83492],[15.560758,50.8347155],[15.5606432,50.8346143],[15.560576,50.8344913],[15.5605341,50.8342914],[15.5606058,50.8340428],[15.5607468,50.8335762],[15.5606842,50.8333127],[15.5605955,50.8332066],[15.5605078,50.8331278],[15.5603909,50.8330254],[15.5601436,50.8328939],[15.5597291,50.8327237],[15.559494,50.8326395],[15.5588262,50.8323743],[15.5586661,50.832255],[15.5585046,50.8321146],[15.5580838,50.8318544],[15.5579672,50.8317307],[15.5578809,50.8316911],[15.5576414,50.8316097],[15.5574612,50.8315974],[15.557252,50.8315821],[15.5569362,50.8315348],[15.5567531,50.8315336],[15.5565582,50.8315477],[15.5564473,50.8315683],[15.5559958,50.8316569],[15.5554565,50.8316642],[15.5552078,50.8316353],[15.5545906,50.8315016],[15.5543938,50.8314447],[15.553792,50.8312736],[15.5527861,50.8308986],[15.5523411,50.8307165],[15.552272,50.8306607],[15.5519362,50.8305267],[15.5515134,50.830589],[15.5507867,50.8306004],[15.5499764,50.830626],[15.5495598,50.830583],[15.5493552,50.8305572],[15.5491893,50.8305258],[15.5489484,50.8304629],[15.5488659,50.8304426],[15.5487388,50.8303797],[15.5485811,50.8302415],[15.5485159,50.8301293],[15.5484846,50.8298842],[15.5485952,50.8296186],[15.5485918,50.8295422],[15.5485885,50.8293247],[15.5485907,50.8290683],[15.5485914,50.828966],[15.5485785,50.8288727],[15.5484681,50.8287016],[15.548327,50.8285929],[15.5482612,50.8285552],[15.5481773,50.8285081],[15.5478235,50.8283404],[15.5476408,50.828283],[15.5474216,50.8282119],[15.547461,50.8280704],[15.5474852,50.8279563],[15.5475069,50.8278433],[15.5475231,50.8273835],[15.5475293,50.8272585],[15.547822,50.8266808],[15.5483552,50.8265176],[15.5487787,50.8263741],[15.5492901,50.8261897],[15.5496536,50.8258881],[15.5497487,50.8257356],[15.549769,50.8256114],[15.5498848,50.8255415]]],[[[15.8207159,50.749016],[15.8257476,50.7505424],[15.8248252,50.7573476],[15.815879,50.7619143],[15.8069661,50.7610553],[15.8004065,50.7582992],[15.7912593,50.758191],[15.7837321,50.7578215],[15.7809145,50.7526879],[15.7793691,50.7504749],[15.7791189,50.746488],[15.7752444,50.7473149],[15.7674313,50.7501362],[15.7601041,50.749899],[15.7583671,50.7541647],[15.7603039,50.7592476],[15.7605591,50.7635273],[15.7569793,50.7655792],[15.7510856,50.7673193],[15.743415,50.767898],[15.7343421,50.7685929],[15.7286024,50.7695593],[15.7280527,50.7707149],[15.7260551,50.7712373],[15.7247617,50.7748475],[15.7232366,50.7771108],[15.7147672,50.7741341],[15.7098277,50.7680639],[15.7047752,50.7681377],[15.6974455,50.7677448],[15.6919515,50.7717862],[15.6833512,50.7723042],[15.6775543,50.7682741],[15.6702253,50.7683638],[15.6665539,50.7700172],[15.6535535,50.7702229],[15.6462868,50.7701964],[15.6369852,50.769479],[15.6293969,50.770932],[15.624954,50.7734698],[15.6239447,50.7781579],[15.6207917,50.7833581],[15.6209656,50.7870698],[15.621611,50.7922007],[15.6215455,50.7980641],[15.622498,50.8033967],[15.6289285,50.8096169],[15.6356474,50.8250406],[15.6523977,50.8289576],[15.6584629,50.8342724],[15.6411868,50.8408947],[15.6381893,50.834499],[15.6278257,50.8343146],[15.6283177,50.826559],[15.6246483,50.8212303],[15.6164077,50.8191323],[15.615658,50.8138075],[15.6116623,50.8133529],[15.607063,50.8126528],[15.5994857,50.8127414],[15.5983151,50.8160155],[15.6042629,50.8174018],[15.6000153,50.81949],[15.5886273,50.816394],[15.5853286,50.8138601],[15.5842778,50.811274],[15.5841953,50.8074852],[15.5859759,50.8038079],[15.5835303,50.7935274],[15.5754829,50.7897118],[15.5656787,50.7917494],[15.5595218,50.7938143],[15.552908,50.7916138],[15.5410494,50.7933583],[15.5305655,50.7963395],[15.5275283,50.8005008],[15.5183081,50.8075526],[15.5122503,50.8120826],[15.5066389,50.8132458],[15.5026626,50.8159479],[15.4962283,50.8140192],[15.4929842,50.8070018],[15.4902158,50.8043854],[15.4825344,50.799969],[15.4690475,50.8045853],[15.4734803,50.7967543],[15.5043234,50.7895264],[15.53354,50.7790932],[15.5683741,50.7768713],[15.5993348,50.7768978],[15.6221144,50.7652007],[15.646793,50.7606797],[15.6778238,50.7551433],[15.7013959,50.7383278],[15.7275933,50.7393757],[15.7386801,50.7361667],[15.7474565,50.7398731],[15.7695139,50.7427632],[15.7908809,50.7508527],[15.8207159,50.749016]]],[[[15.6395787,50.8468962],[15.6394065,50.8467593],[15.6388995,50.8463574],[15.6388232,50.846261],[15.6387628,50.8462386],[15.6391099,50.8460122],[15.639133,50.845985],[15.6393036,50.8457838],[15.63934,50.8457944],[15.6394641,50.8456283],[15.6394712,50.845631],[15.6394801,50.8456198],[15.6394871,50.845612],[15.6396243,50.8456376],[15.6396365,50.8456387],[15.6397376,50.8456489],[15.639798,50.8456477],[15.6398687,50.8456295],[15.6399166,50.8456111],[15.6399417,50.8455891],[15.6399695,50.8455219],[15.6399902,50.845453],[15.6399911,50.845398],[15.6399834,50.8453338],[15.6399733,50.8453092],[15.6399666,50.8452718],[15.6400182,50.8452663],[15.640073,50.8452175],[15.6402036,50.8454562],[15.6408505,50.8451362],[15.640868,50.8451402],[15.6410262,50.845284],[15.6412233,50.8454626],[15.6412568,50.8454933],[15.6414016,50.8456243],[15.6415456,50.8457551],[15.6415754,50.8457821],[15.641769,50.8459571],[15.6419442,50.8461155],[15.6419994,50.8462143],[15.6419861,50.8462208],[15.6417727,50.8463101],[15.6415266,50.8464194],[15.6415162,50.846438],[15.64152,50.8464963],[15.6415306,50.8466514],[15.6415165,50.84669],[15.6414254,50.8467167],[15.6414875,50.8467805],[15.6415343,50.8468286],[15.6411959,50.8469417],[15.640784,50.8470787],[15.6407227,50.8470994],[15.6403606,50.8471514],[15.6401686,50.8471762],[15.6398396,50.847104],[15.6397508,50.8470337],[15.6395787,50.8468962]]],[[[15.6495925,50.848937],[15.6495104,50.8485866],[15.6494822,50.8483941],[15.6501131,50.8483185],[15.6502112,50.8484671],[15.649991,50.8485114],[15.6499285,50.8485234],[15.6499236,50.8485244],[15.6500093,50.8488055],[15.6499453,50.8488192],[15.6497464,50.8488783],[15.6495925,50.848937]]],[[[15.6591375,50.8438397],[15.6592027,50.8437297],[15.6592719,50.8436293],[15.6603463,50.8423292],[15.6606031,50.8424722],[15.6617125,50.8427884],[15.6612158,50.8433772],[15.6608408,50.8441023],[15.660569,50.8441593],[15.6603601,50.844189],[15.6600854,50.8441383],[15.6597352,50.8439997],[15.6593743,50.8438673],[15.6591375,50.8438397]]],[[[15.5186348,50.8187235],[15.5188711,50.818741],[15.5189121,50.8187485],[15.518973,50.8187774],[15.5189902,50.8187641],[15.5191081,50.8188372],[15.5192867,50.8189534],[15.5192746,50.8189626],[15.5189797,50.8191906],[15.5187863,50.8190984],[15.5187745,50.8190162],[15.5188225,50.8189386],[15.5186655,50.8187896],[15.5186348,50.8187235]]]]}},{"type":"Feature","properties":{"@id":"relation/1561264","boundary":"national_park","gid":"2491","kodinspire":"PL.ZIPOP.1393.PN.9","leisure":"nature_reserve","name":"Kampinoski Park Narodowy","name:de":"Nationalpark Kampinos","name:en":"Kampinos National Park","name:pl":"Kampinoski Park Narodowy","protect_class":"2","short_name":"KPN","type":"boundary","wikidata":"Q619061","wikipedia":"pl:Kampinoski Park Narodowy"},"geometry":{"type":"MultiPolygon","coordinates":[[[[20.5524599,52.2714231],[20.5527174,52.2713846],[20.5525345,52.2728685],[20.5522847,52.2728569],[20.5524599,52.2714231]]],[[[20.5532406,52.2713071],[20.5535417,52.2712675],[20.5538173,52.2714923],[20.5534964,52.2738816],[20.5530263,52.2783214],[20.552423,52.2782981],[20.5532406,52.2713071]]],[[[20.5535632,52.2783411],[20.5536417,52.2773702],[20.5536544,52.2770878],[20.5536819,52.2768057],[20.5536947,52.2765222],[20.5537319,52.2762392],[20.5538114,52.2753852],[20.5538612,52.2751005],[20.5538625,52.274813],[20.5539082,52.2745127],[20.5539408,52.274211],[20.5539795,52.2739231],[20.5540077,52.2736341],[20.5540553,52.2733453],[20.5540644,52.2730542],[20.5541025,52.2727637],[20.5542489,52.2717599],[20.5544764,52.2719372],[20.5540819,52.2753974],[20.5538329,52.2783494],[20.5535632,52.2783411]]],[[[20.6716263,52.3852759],[20.6722317,52.3853197],[20.6721113,52.3866581],[20.671976,52.3861569],[20.6715871,52.3852619],[20.6716263,52.3852759]]],[[[20.6679446,52.3894827],[20.6680425,52.3884181],[20.6681645,52.3887432],[20.6681205,52.3894774],[20.6679446,52.3894827]]],[[[20.6715984,52.3843894],[20.6716043,52.3843938],[20.6718077,52.3845457],[20.6687232,52.384333],[20.6679929,52.3842713],[20.6679542,52.3841478],[20.6715984,52.3843894]]],[[[20.6711422,52.385018],[20.6708169,52.3849007],[20.670607,52.3848438],[20.6706389,52.3844998],[20.6711929,52.3845481],[20.6711422,52.385018]]],[[[20.6697187,52.3844426],[20.6697131,52.3846014],[20.6689522,52.3843951],[20.6697187,52.3844426]]],[[[20.6699335,52.3844559],[20.6704106,52.3844855],[20.6703795,52.3847821],[20.6702351,52.384743],[20.6699192,52.3846573],[20.6699335,52.3844559]]],[[[20.6722484,52.3852392],[20.6722806,52.3848884],[20.6728194,52.3852924],[20.6722484,52.3852392]]],[[[20.6707978,52.3849797],[20.6709755,52.3850433],[20.6711184,52.3850944],[20.6709186,52.3870082],[20.6703933,52.3870269],[20.6705885,52.384917],[20.6707978,52.3849797]]],[[[20.6711137,52.3870114],[20.6712834,52.3851533],[20.6715333,52.3852426],[20.6719329,52.3861624],[20.672074,52.3866853],[20.6720358,52.3871091],[20.6711137,52.3870114]]],[[[20.672068,52.3871399],[20.6718607,52.3894414],[20.6708609,52.3894505],[20.6710893,52.3870361],[20.672068,52.3871399]]],[[[20.6709269,52.3870349],[20.6706709,52.3894523],[20.6701664,52.3894568],[20.6703922,52.3870539],[20.6705807,52.3870472],[20.6709269,52.3870349]]],[[[20.6701727,52.387058],[20.6699335,52.389459],[20.66943,52.3894635],[20.6696778,52.3870672],[20.6701727,52.387058]]],[[[20.6691096,52.3894664],[20.6693314,52.3870736],[20.6694994,52.3870705],[20.6692799,52.3894649],[20.6691096,52.3894664]]],[[[20.6691577,52.3870769],[20.6689226,52.3894681],[20.668332,52.3894735],[20.668349,52.3891145],[20.6682869,52.3889493],[20.6684528,52.3871146],[20.6691577,52.3870769]]],[[[20.6680869,52.3884157],[20.6682002,52.3871282],[20.6683198,52.3871218],[20.6681898,52.3886902],[20.6680869,52.3884157]]],[[[20.6685638,52.3843909],[20.6683128,52.387095],[20.6681987,52.3871012],[20.6684493,52.3843816],[20.6685638,52.3843909]]],[[[20.6692051,52.3845302],[20.6697225,52.3846712],[20.6695043,52.3870435],[20.669326,52.3870467],[20.6694036,52.3862313],[20.6692255,52.386229],[20.6691513,52.38705],[20.6684637,52.3870869],[20.6687181,52.3844033],[20.6692051,52.3845302]]],[[[20.6702266,52.3848087],[20.6703852,52.3848561],[20.6701623,52.3870313],[20.6700317,52.3870337],[20.6698888,52.3870363],[20.6696718,52.3870403],[20.669915,52.3847237],[20.6702266,52.3848087]]],[[[20.7043929,52.244172],[20.7050614,52.2436481],[20.7050642,52.2436897],[20.7043947,52.2442146],[20.7040394,52.2444242],[20.7040375,52.2443817],[20.7043929,52.244172]]],[[[20.6612305,52.2663909],[20.660483,52.2664772],[20.6607011,52.2660009],[20.6616942,52.2663712],[20.6612305,52.2663909]]],[[[20.6593362,52.2627738],[20.6599936,52.2628777],[20.6614654,52.2628793],[20.6630253,52.2629577],[20.6630972,52.2631041],[20.6632018,52.2632958],[20.659731,52.2633081],[20.6578345,52.2632186],[20.6527954,52.2630001],[20.6527548,52.2625288],[20.6549241,52.2622748],[20.6568691,52.2621993],[20.6585221,52.2617099],[20.658796,52.2627909],[20.6593362,52.2627738]]],[[[20.6651018,52.2649832],[20.6641405,52.265055],[20.6638373,52.2650677],[20.6638297,52.2660317],[20.6621258,52.2663563],[20.6618249,52.2663683],[20.6606691,52.2659374],[20.6590087,52.2653081],[20.6575152,52.2648996],[20.6550357,52.2639723],[20.6528537,52.2632273],[20.6588406,52.2634557],[20.6598514,52.263497],[20.6615478,52.2634995],[20.6632997,52.2634829],[20.6649087,52.2634921],[20.6656873,52.2644943],[20.6658155,52.2647118],[20.6657601,52.264795],[20.6655308,52.2649152],[20.6651018,52.2649832]]],[[[20.6604069,52.2664861],[20.6594025,52.2668149],[20.6585553,52.2671632],[20.6565568,52.2670046],[20.6562372,52.2669362],[20.6555592,52.2668925],[20.6545541,52.2669621],[20.6538442,52.2671908],[20.6529823,52.2671591],[20.6520639,52.2663261],[20.6518838,52.2644501],[20.6518852,52.2642677],[20.6519352,52.2636234],[20.6526823,52.2634942],[20.6527853,52.2632554],[20.6550027,52.2640138],[20.6574876,52.2649446],[20.6589865,52.265343],[20.6606359,52.2659774],[20.6604069,52.2664861]]],[[[20.64981,52.2673916],[20.6484289,52.2674025],[20.6484842,52.2662133],[20.6486175,52.2646479],[20.6485983,52.2644172],[20.6494304,52.2644739],[20.6496486,52.2636332],[20.6517504,52.2636552],[20.6517706,52.2636518],[20.6517746,52.2644688],[20.6519458,52.2663625],[20.6528282,52.2671623],[20.6518088,52.2671209],[20.6505709,52.2671295],[20.6502072,52.2671345],[20.6501435,52.2673794],[20.64981,52.2673916]]],[[[20.6484695,52.2645091],[20.64833,52.2661989],[20.6482367,52.2674555],[20.647898,52.2674363],[20.6482939,52.2646345],[20.6484695,52.2645091]]],[[[20.6354716,52.2632589],[20.6355999,52.2623378],[20.6382139,52.2624918],[20.6382268,52.2629713],[20.6382511,52.2638719],[20.6388839,52.2639296],[20.6387567,52.2645489],[20.6385473,52.2645408],[20.6375814,52.2644807],[20.6357699,52.2643759],[20.6353196,52.2643496],[20.6354716,52.2632589]]],[[[20.5572049,52.2595354],[20.557379,52.2604634],[20.555714,52.260584],[20.5555765,52.259864],[20.55609,52.2597099],[20.5572049,52.2595354]]],[[[20.7132051,52.2758145],[20.7131614,52.275723],[20.7137341,52.2756175],[20.715677,52.2752597],[20.7183967,52.2747585],[20.7184316,52.274846],[20.7132051,52.2758145]]],[[[20.7223981,52.2716609],[20.722669,52.2722208],[20.7238445,52.2720017],[20.7233339,52.2709472],[20.7239612,52.2703294],[20.7267474,52.2760193],[20.724989,52.2766919],[20.7239471,52.2770904],[20.7235856,52.2772175],[20.722541,52.2775846],[20.7201147,52.2726177],[20.7202669,52.2725811],[20.7207554,52.2724633],[20.7215793,52.2722646],[20.7223981,52.2716609]]],[[[20.7223784,52.2716193],[20.7220898,52.2718321],[20.7215623,52.2722212],[20.7214542,52.2722565],[20.7209062,52.2723887],[20.7204821,52.2724908],[20.720099,52.2725831],[20.7183212,52.2689372],[20.7184799,52.2689083],[20.7187159,52.2688652],[20.7193891,52.2687424],[20.7196838,52.2687057],[20.7198046,52.2686907],[20.7201482,52.2686479],[20.7204322,52.2686928],[20.7211691,52.2691286],[20.7219423,52.2707222],[20.7223784,52.2716193]]],[[[20.7291003,52.2710373],[20.7251221,52.2725526],[20.7250133,52.2723316],[20.7244291,52.271145],[20.7261236,52.2705278],[20.7277549,52.2707329],[20.7286992,52.2709466],[20.7291003,52.2710373]]],[[[20.7262122,52.2747994],[20.7257614,52.2738596],[20.7255993,52.2735217],[20.7253762,52.2730686],[20.7252131,52.2727375],[20.7251676,52.2726451],[20.7292816,52.2710783],[20.7297916,52.2712381],[20.7299973,52.2713626],[20.7300128,52.2721136],[20.730013,52.2721239],[20.7301672,52.2722168],[20.7303318,52.272316],[20.7305441,52.2724439],[20.7312911,52.2728939],[20.7262122,52.2747994]]],[[[20.6467046,52.3883837],[20.6468208,52.3884157],[20.6473433,52.388508],[20.6477628,52.3885733],[20.6481932,52.3885799],[20.6485108,52.3891252],[20.6484188,52.3891502],[20.6472564,52.3895123],[20.6469447,52.3896208],[20.6467824,52.3896882],[20.6465084,52.3882958],[20.6467046,52.3883837]]],[[[20.6349527,52.411711],[20.6320058,52.4113491],[20.6320076,52.4113218],[20.6349614,52.4116846],[20.6349527,52.411711]]],[[[20.585137,52.2589022],[20.5851482,52.2589527],[20.5838805,52.2589259],[20.5831457,52.2589162],[20.5831386,52.258874],[20.585137,52.2589022]]],[[[20.8277455,52.3481666],[20.827526,52.3482146],[20.8271879,52.3476396],[20.827409,52.3475909],[20.8277455,52.3481666]]],[[[20.6650572,52.3893963],[20.6653568,52.3895604],[20.6650693,52.3895691],[20.6650572,52.3893963]]],[[[20.6701911,52.3839023],[20.6678297,52.3837493],[20.6678096,52.3836852],[20.6698844,52.3838024],[20.6701911,52.3839023]]],[[[20.6718706,52.3845926],[20.6718765,52.384597],[20.6722711,52.3848918],[20.6722392,52.3852388],[20.6716866,52.3852143],[20.6713086,52.385078],[20.6713419,52.3845579],[20.6718706,52.3845926]]],[[[20.8006244,52.2835313],[20.8003771,52.2838758],[20.8001482,52.2830921],[20.8004836,52.2830492],[20.8006244,52.2835313]]],[[[20.4435082,52.3613336],[20.4421554,52.3635788],[20.4417434,52.3634738],[20.4430441,52.3613033],[20.4435082,52.3613336]]],[[[20.3499088,52.373079],[20.3500846,52.3772584],[20.3484497,52.3773137],[20.3482089,52.3730703],[20.3499088,52.373079]]],[[[20.6416741,52.3597128],[20.6410919,52.3604909],[20.6410241,52.3604737],[20.6421955,52.3589083],[20.6431502,52.357601],[20.6442371,52.3561325],[20.6470474,52.3522639],[20.6478786,52.3525008],[20.645024,52.3564122],[20.6441186,52.3576645],[20.6424772,52.3598109],[20.6422284,52.3601477],[20.6418593,52.3600539],[20.6420609,52.3597824],[20.6417331,52.3596987],[20.6416741,52.3597128]]],[[[20.6292632,52.3606753],[20.6299103,52.3608897],[20.6287478,52.3632075],[20.6284174,52.3623328],[20.6292632,52.3606753]]],[[[20.6313386,52.3613542],[20.6318573,52.361633],[20.6296964,52.3657765],[20.6295808,52.3657472],[20.6292296,52.3647136],[20.6310635,52.3612503],[20.6313386,52.3613542]]],[[[20.3105227,52.3468295],[20.3091107,52.3473319],[20.3086546,52.3467509],[20.3100109,52.3462236],[20.3105227,52.3468295]]],[[[20.3183157,52.2933902],[20.3183828,52.2937506],[20.3175707,52.2936264],[20.3174242,52.293389],[20.3183157,52.2933902]]],[[[20.3265116,52.2989681],[20.3256955,52.2991713],[20.325627,52.2990644],[20.3262182,52.2988841],[20.3263716,52.29874],[20.3265116,52.2989681]]],[[[20.3345796,52.2969581],[20.3341444,52.2970668],[20.3339917,52.2967913],[20.3345796,52.2969581]]],[[[20.7233855,52.269972],[20.7239742,52.2702577],[20.7232711,52.2709412],[20.7226989,52.2697013],[20.7233855,52.269972]]],[[[20.3546204,52.3723561],[20.3549243,52.3723599],[20.3549666,52.3729166],[20.3546862,52.3729116],[20.3538829,52.3728765],[20.3537891,52.3716405],[20.3543299,52.371536],[20.3548718,52.3716682],[20.3548765,52.3719091],[20.3546449,52.3718948],[20.3546204,52.3723561]]],[[[20.7796109,52.2759235],[20.7807891,52.2757096],[20.780814,52.2763328],[20.7796159,52.2763098],[20.7796109,52.2759235]]],[[[20.7298193,52.2748712],[20.7315566,52.2783395],[20.7267242,52.2802789],[20.724922,52.2767695],[20.7271928,52.2759014],[20.7298193,52.2748712]]],[[[20.7321107,52.278118],[20.7303684,52.2746512],[20.7313669,52.2742755],[20.7330817,52.2777301],[20.7321107,52.278118]]],[[[20.7321881,52.2734401],[20.7326611,52.2737387],[20.7298573,52.2748003],[20.7267841,52.2760044],[20.7265769,52.2755508],[20.7321881,52.2734401]]],[[[20.7314942,52.273014],[20.7316864,52.2731346],[20.7263672,52.2751262],[20.7262924,52.2749628],[20.7314942,52.273014]]],[[[20.7318836,52.2732522],[20.7320433,52.2733469],[20.7265095,52.275424],[20.7264521,52.2752973],[20.7318836,52.2732522]]],[[[20.725863,52.2690549],[20.7261126,52.2690503],[20.7267978,52.2705846],[20.7264571,52.2705426],[20.725863,52.2690549]]],[[[20.7193158,52.2728093],[20.7199598,52.2726535],[20.722391,52.27764],[20.721757,52.2778584],[20.7193158,52.2728093]]],[[[20.7243754,52.2710421],[20.7240085,52.2702864],[20.7248771,52.2704476],[20.7258418,52.2705098],[20.7243754,52.2710421]]],[[[20.7181639,52.2689671],[20.7199448,52.2726191],[20.7192984,52.2727742],[20.7174987,52.2690931],[20.7181639,52.2689671]]],[[[20.7171842,52.2691542],[20.7189889,52.272849],[20.7187717,52.2728964],[20.7185046,52.2731514],[20.7165926,52.2692703],[20.7171842,52.2691542]]],[[[20.7183998,52.2732522],[20.7183174,52.2733271],[20.7173539,52.2714117],[20.7169995,52.2714774],[20.7159187,52.2694032],[20.7164553,52.2692978],[20.7183998,52.2732522]]],[[[20.7123044,52.2708283],[20.7162182,52.2700982],[20.7167149,52.2710834],[20.7127412,52.2718257],[20.7123044,52.2708283]]],[[[20.7229975,52.2687952],[20.7232047,52.268812],[20.723362,52.2688395],[20.7235042,52.2688533],[20.7239666,52.2702169],[20.7234843,52.2699836],[20.723337,52.269921],[20.7229975,52.2687952]]],[[[20.7166861,52.2653993],[20.717884,52.2665461],[20.7181728,52.2668361],[20.7194212,52.268033],[20.7201037,52.2685802],[20.7193665,52.2686718],[20.7182263,52.2675766],[20.7176555,52.2670284],[20.7170349,52.2664322],[20.716084,52.2655189],[20.7166861,52.2653993]]],[[[20.7151227,52.2656806],[20.7182058,52.2689168],[20.7179539,52.2689608],[20.7149685,52.2657102],[20.7151227,52.2656806]]],[[[20.7145802,52.2657886],[20.7148017,52.2657455],[20.7176834,52.2690182],[20.7174665,52.2690623],[20.7173789,52.2690809],[20.7145802,52.2657886]]],[[[20.7136781,52.2659685],[20.7143415,52.2658337],[20.7170385,52.2691462],[20.7161399,52.2693218],[20.7136781,52.2659685]]],[[[20.7125737,52.2661935],[20.713064,52.2660969],[20.7153121,52.269478],[20.7144635,52.2696308],[20.7125737,52.2661935]]],[[[20.0480901,51.4815207],[20.0468917,51.481476],[20.0471037,51.4808712],[20.0473586,51.4806029],[20.0488291,51.4805029],[20.0488029,51.4812257],[20.0481849,51.481237],[20.0480901,51.4815207]]],[[[20.0929335,51.4772891],[20.0905817,51.4802374],[20.0817511,51.4805209],[20.0783979,51.4785081],[20.0787317,51.4781585],[20.0838602,51.4755691],[20.0840673,51.474382],[20.0842643,51.473039],[20.090633,51.4719467],[20.0901403,51.4749123],[20.0929335,51.4772891]]],[[[20.0995685,51.4719269],[20.0969807,51.4720224],[20.0968721,51.4738886],[20.0933673,51.474199],[20.093378,51.4740654],[20.0915112,51.4740253],[20.0914426,51.4723357],[20.0934629,51.4723559],[20.0936355,51.4709979],[20.1006095,51.4701141],[20.1010471,51.470253],[20.0995685,51.4719269]]],[[[20.2602781,52.3605741],[20.2605433,52.362327],[20.260772,52.3638927],[20.2610212,52.3655698],[20.2613593,52.3678793],[20.2611836,52.3678104],[20.2606082,52.3638135],[20.2600858,52.3606304],[20.2602781,52.3605741]]],[[[20.2598016,52.3614384],[20.2600735,52.3631497],[20.2603772,52.3648564],[20.2608047,52.367605],[20.2605869,52.3675156],[20.2605714,52.3673654],[20.2602674,52.3653876],[20.259916,52.3634093],[20.2594905,52.360835],[20.2596982,52.3607598],[20.2598016,52.3614384]]],[[[20.2597604,52.3645837],[20.2600594,52.366455],[20.260213,52.367318],[20.2599939,52.3672383],[20.2595192,52.3644457],[20.2592317,52.3627246],[20.2589598,52.3610133],[20.259151,52.3609621],[20.2597604,52.3645837]]],[[[20.2602901,52.360327],[20.2601171,52.3603864],[20.260092,52.3601623],[20.2602694,52.3601502],[20.2602901,52.360327]]],[[[20.2597127,52.3605245],[20.2595278,52.3605949],[20.2594529,52.360218],[20.2596484,52.3602051],[20.2597127,52.3605245]]],[[[20.2591869,52.3607082],[20.2589652,52.3607806],[20.2588754,52.3602666],[20.2590901,52.3602479],[20.2591869,52.3607082]]],[[[20.2579128,52.3621678],[20.2574376,52.3624774],[20.2573543,52.36207],[20.2579128,52.3621678]]],[[[20.2580583,52.3628477],[20.2583931,52.3645693],[20.2586914,52.3663244],[20.2587815,52.3667754],[20.2582075,52.3666628],[20.2578577,52.364491],[20.2575023,52.3625175],[20.2579614,52.3622175],[20.2580583,52.3628477]]],[[[20.2577253,52.3644218],[20.2581214,52.3666329],[20.2578934,52.3665869],[20.2575856,52.3665692],[20.2575032,52.3659875],[20.256939,52.3627293],[20.2572163,52.3627081],[20.2574091,52.3625988],[20.2577253,52.3644218]]],[[[20.258859,52.3668832],[20.2590562,52.3680177],[20.2584944,52.368036],[20.2582772,52.3667657],[20.258859,52.3668832]]],[[[20.2578773,52.3666502],[20.2581839,52.3667115],[20.258423,52.3680449],[20.2579009,52.3680539],[20.2576719,52.3666431],[20.2578773,52.3666502]]],[[[20.2570148,52.3680735],[20.2568246,52.3680909],[20.2567385,52.3666623],[20.2569125,52.3666593],[20.2570148,52.3680735]]],[[[20.2800617,52.3680214],[20.2802748,52.3680534],[20.2794049,52.3682126],[20.2791772,52.3682277],[20.2775939,52.3681487],[20.2779377,52.3672422],[20.2783655,52.3673074],[20.2802161,52.3675895],[20.28069,52.367645],[20.280954,52.367676],[20.2807315,52.3678046],[20.2804832,52.3679483],[20.2804665,52.367958],[20.2800931,52.3679322],[20.2800617,52.3680214]]],[[[20.2828716,52.3727549],[20.2821724,52.3727811],[20.2821169,52.3717832],[20.2828099,52.3716893],[20.2828716,52.3727549]]],[[[20.2768323,52.3749558],[20.275416,52.3750322],[20.2753423,52.3733495],[20.2756644,52.3733095],[20.2763089,52.3732291],[20.276669,52.3731486],[20.2767704,52.3731422],[20.2768323,52.3749558]]],[[[20.2722684,52.3746925],[20.2716201,52.3747165],[20.2715754,52.3738172],[20.2721352,52.3737518],[20.272224,52.3737401],[20.2722684,52.3746925]]],[[[20.2710137,52.3751423],[20.2706007,52.3751458],[20.2705512,52.3739369],[20.2706426,52.3739262],[20.2709554,52.3738896],[20.2710137,52.3751423]]],[[[20.3854246,52.3720098],[20.3848895,52.3720103],[20.3848823,52.370795],[20.3854155,52.3704437],[20.3859023,52.3701403],[20.3863577,52.3698583],[20.3868114,52.3695782],[20.3871962,52.3693369],[20.3872072,52.369876],[20.3872079,52.369912],[20.3872579,52.3708196],[20.38676,52.3707506],[20.3866349,52.3707616],[20.3862421,52.3707405],[20.3858333,52.3707358],[20.3854195,52.3707334],[20.3854246,52.3720098]]],[[[20.3957464,52.3702584],[20.395765,52.3706088],[20.3957995,52.3712655],[20.3949808,52.3714826],[20.3948618,52.370223],[20.3957464,52.3702584]]],[[[20.3958343,52.3726741],[20.3951212,52.37286],[20.3950023,52.3716533],[20.3957747,52.3714485],[20.3958343,52.3726741]]],[[[20.4531521,52.3759307],[20.452904,52.3763461],[20.4522078,52.3763791],[20.4519434,52.3764205],[20.4523685,52.3757062],[20.4531521,52.3759307]]],[[[20.4315261,52.3619044],[20.4311179,52.3620347],[20.4306779,52.3621676],[20.4311735,52.3613159],[20.4315761,52.361241],[20.4319501,52.3611752],[20.4315261,52.3619044]]],[[[20.434956,52.3703705],[20.4347103,52.3706897],[20.4341242,52.3714517],[20.4334644,52.3723092],[20.4328844,52.373063],[20.4326691,52.3733427],[20.4323259,52.3737682],[20.4323765,52.3738559],[20.4330194,52.3742329],[20.4327516,52.3745603],[20.4316767,52.3746199],[20.4322577,52.3738574],[20.4314923,52.3733405],[20.4339231,52.3701773],[20.434956,52.3703705]]],[[[20.4250658,52.3649821],[20.4248937,52.3649968],[20.4239362,52.3649605],[20.4235487,52.3649238],[20.4233199,52.3642324],[20.4247587,52.364054],[20.4250658,52.3649821]]],[[[20.4256485,52.369043],[20.4253447,52.3690692],[20.4251241,52.3681254],[20.4249786,52.3675332],[20.4245821,52.3658393],[20.4249398,52.3658368],[20.4252374,52.3671697],[20.4256485,52.369043]]],[[[20.4265964,52.3726177],[20.4262306,52.3726644],[20.4260479,52.3719696],[20.4255677,52.3699907],[20.4254087,52.3693207],[20.4257775,52.3693179],[20.4265964,52.3726177]]],[[[20.4238136,52.3855478],[20.4243388,52.3858129],[20.4252751,52.3863307],[20.4257282,52.3866104],[20.4240163,52.3884548],[20.4238874,52.3885257],[20.4237923,52.3885457],[20.423685,52.3885481],[20.4232035,52.3883718],[20.4228029,52.388167],[20.4224152,52.3880297],[20.4214008,52.3875581],[20.42102,52.3873595],[20.4207726,52.3871471],[20.4204942,52.3869596],[20.4204523,52.3869442],[20.4225083,52.3850333],[20.4232841,52.3853582],[20.423138,52.3854827],[20.4231857,52.3855037],[20.4233675,52.3853486],[20.4238136,52.3855478]]],[[[20.505325,52.3793529],[20.5056606,52.3795813],[20.5059113,52.379752],[20.5059834,52.3798168],[20.5055619,52.3800099],[20.5042435,52.3795059],[20.5041978,52.3793208],[20.5047351,52.3792435],[20.505325,52.3793529]]],[[[20.5059331,52.3763979],[20.4971611,52.3801297],[20.4965379,52.3801279],[20.5054553,52.3762951],[20.5059331,52.3763979]]],[[[20.4997033,52.3749602],[20.5007634,52.3752481],[20.4974614,52.3766916],[20.4967088,52.3765808],[20.4962229,52.3765209],[20.4956209,52.3764705],[20.4993982,52.3748574],[20.4997033,52.3749602]]],[[[20.4938965,52.3731563],[20.4918215,52.374046],[20.4918042,52.3740535],[20.4916862,52.3739505],[20.4915683,52.3738474],[20.4915044,52.3737917],[20.4912734,52.3735898],[20.4930849,52.3727876],[20.4938965,52.3731563]]],[[[20.4862892,52.3723804],[20.4862376,52.3723498],[20.4861933,52.3723673],[20.4857704,52.3720779],[20.4857008,52.3720305],[20.4886215,52.3707712],[20.489399,52.3704359],[20.4902127,52.370687],[20.4862892,52.3723804]]],[[[20.4788404,52.3727225],[20.4781083,52.3723348],[20.4787863,52.3720424],[20.4815376,52.3708559],[20.4822733,52.3705386],[20.4828288,52.370299],[20.4833628,52.3700687],[20.4836362,52.3699413],[20.4838715,52.3702499],[20.4785529,52.3725417],[20.4786253,52.3725749],[20.4840071,52.3702578],[20.4837335,52.369899],[20.4847068,52.3694886],[20.4857727,52.3690391],[20.4869956,52.3692477],[20.4803492,52.3720853],[20.4788404,52.3727225]]],[[[20.4701288,52.3650726],[20.4683092,52.3658846],[20.4680099,52.3656741],[20.4676559,52.3654252],[20.4673443,52.3652061],[20.4673091,52.3651813],[20.4672946,52.3651711],[20.4685238,52.3646504],[20.4701288,52.3650726]]],[[[20.5483918,52.389395],[20.5481689,52.3921696],[20.5481537,52.392168],[20.5475916,52.3921098],[20.5476072,52.3919264],[20.5476266,52.3916964],[20.5476461,52.3914678],[20.5476655,52.3912404],[20.5476846,52.3910144],[20.5477037,52.3907895],[20.5477228,52.3905659],[20.5477416,52.3903435],[20.5477604,52.3901223],[20.547779,52.3899042],[20.5478085,52.3895556],[20.5478431,52.3891478],[20.5483918,52.389395]]],[[[20.5489833,52.3896613],[20.5489807,52.389704],[20.5489467,52.3902003],[20.5489297,52.390447],[20.5489127,52.3906939],[20.5488957,52.3909409],[20.5488589,52.3914685],[20.548807,52.3922338],[20.5482268,52.3921754],[20.5482117,52.3921739],[20.548436,52.3894146],[20.5489833,52.3896613]]],[[[20.5498714,52.3955245],[20.5498627,52.3955624],[20.547858,52.3953995],[20.547876,52.3952229],[20.5479001,52.3949717],[20.5479083,52.3948844],[20.5478229,52.3948804],[20.5473979,52.3948608],[20.5474154,52.3947378],[20.5474263,52.3944278],[20.548028,52.3941359],[20.5482547,52.3940258],[20.5486858,52.39405],[20.5487178,52.3947702],[20.5500554,52.3947296],[20.5498714,52.3955245]]],[[[20.5363828,52.4026205],[20.5356563,52.4039762],[20.535109,52.4038947],[20.5357388,52.4026934],[20.5357771,52.40263],[20.5362905,52.4026042],[20.5363828,52.4026205]]],[[[20.664668,52.3921404],[20.6640681,52.3921293],[20.6641347,52.3906651],[20.6644328,52.3906626],[20.6647411,52.39066],[20.664668,52.3921404]]],[[[20.6633875,52.3871308],[20.6633862,52.3871681],[20.6633423,52.3885319],[20.6629758,52.388366],[20.662485,52.3881205],[20.6624545,52.3875729],[20.6626438,52.3875894],[20.6627931,52.3876023],[20.6628193,52.3870727],[20.6633875,52.3871308]]],[[[20.6624777,52.387036],[20.662367,52.3875383],[20.6622013,52.3875239],[20.6623152,52.3870182],[20.6624777,52.387036]]],[[[20.6625556,52.3896446],[20.662527,52.3891187],[20.6625098,52.3884211],[20.6624874,52.3881912],[20.6629217,52.3884085],[20.6633452,52.3886003],[20.6634717,52.3896171],[20.6625556,52.3896446]]],[[[20.6671825,52.3872101],[20.6670642,52.3885247],[20.6672213,52.3887403],[20.667384,52.3871936],[20.6677734,52.3871618],[20.6676042,52.3892657],[20.6677662,52.389488],[20.6672891,52.3895023],[20.665482,52.3895566],[20.6650521,52.3893209],[20.6648618,52.3872774],[20.6661534,52.3872752],[20.6669511,52.3883696],[20.6670508,52.3872209],[20.6671825,52.3872101]]],[[[20.67187,52.3894414],[20.6721183,52.3866838],[20.6722409,52.3853203],[20.6727994,52.3853723],[20.6750901,52.3855858],[20.6753383,52.3886918],[20.6754994,52.3906022],[20.6803883,52.3903989],[20.679898,52.3906695],[20.6791642,52.3911152],[20.677886,52.3917928],[20.6755851,52.3927897],[20.6755239,52.3928818],[20.6755901,52.3930327],[20.6755807,52.3930365],[20.6785846,52.3942837],[20.6779776,52.3960288],[20.6764032,52.3956246],[20.6748394,52.3952281],[20.6741406,52.3948174],[20.673656,52.3946297],[20.6734594,52.3945824],[20.6727009,52.3943762],[20.6721523,52.3942475],[20.6715596,52.3942056],[20.6705961,52.3941766],[20.6693402,52.3941323],[20.6691838,52.3938235],[20.6678738,52.3932311],[20.6664685,52.3929345],[20.666179,52.3927835],[20.6661543,52.3926303],[20.6656295,52.3924948],[20.6656024,52.3924879],[20.6652569,52.3924351],[20.6646935,52.3923491],[20.6647852,52.3906595],[20.6654962,52.3906505],[20.6679606,52.3907845],[20.6691169,52.390789],[20.669113,52.3907854],[20.6691908,52.3907853],[20.668502,52.3901362],[20.6683757,52.3898007],[20.6683325,52.3894769],[20.6692703,52.3894684],[20.6699239,52.3894625],[20.6704972,52.3894572],[20.6718604,52.3894449],[20.67187,52.3894414]]],[[[20.6935252,52.4197269],[20.6934882,52.4207963],[20.6932673,52.4214955],[20.6930688,52.4218718],[20.6924768,52.4224274],[20.6912958,52.4231252],[20.6904929,52.4233608],[20.690149,52.4234617],[20.6899308,52.4235257],[20.6896658,52.4236034],[20.6886289,52.4224638],[20.68774,52.4212482],[20.6873748,52.4204465],[20.6876474,52.4192228],[20.6887764,52.4197199],[20.6896006,52.419127],[20.6897652,52.4190352],[20.6900792,52.4188599],[20.6903325,52.4187019],[20.6905201,52.4186091],[20.6909052,52.4184066],[20.6913428,52.4187834],[20.6922076,52.41831],[20.693347,52.4182961],[20.6935553,52.4189774],[20.693328,52.418987],[20.6935252,52.4197269]]],[[[20.6131591,52.4061546],[20.62298,52.4094304],[20.6235595,52.4095687],[20.6249135,52.4098723],[20.6249144,52.4098734],[20.6250379,52.4100115],[20.624678,52.4100831],[20.6235086,52.4103306],[20.6228641,52.410032],[20.6224731,52.4098716],[20.6219126,52.4096232],[20.6213996,52.4093957],[20.6213978,52.4093949],[20.6210382,52.4092355],[20.6206305,52.4090783],[20.6202418,52.4089287],[20.6199752,52.4088259],[20.6190704,52.4084772],[20.6183771,52.40821],[20.6183537,52.408201],[20.6176806,52.407943],[20.6172656,52.4077838],[20.6169034,52.4076449],[20.6164626,52.4074742],[20.6152741,52.4070199],[20.6149937,52.4069124],[20.6144651,52.4067097],[20.6141852,52.4066023],[20.6136583,52.4063946],[20.6131506,52.4061945],[20.6131171,52.4061396],[20.6131591,52.4061546]]],[[[20.7978389,52.2965729],[20.797377,52.2967239],[20.7972268,52.2962573],[20.7969392,52.2962921],[20.7966111,52.2953457],[20.7956537,52.2925861],[20.7953952,52.2918405],[20.7953965,52.2915791],[20.7957646,52.2909773],[20.79589,52.2904304],[20.7959486,52.2902908],[20.7973307,52.2945658],[20.7969872,52.2946358],[20.7972038,52.2951605],[20.7973773,52.2955326],[20.7974431,52.2956865],[20.7978389,52.2965729]]],[[[20.797515,52.2898499],[20.7981793,52.2920334],[20.7987945,52.294074],[20.7993942,52.2960602],[20.7992409,52.2961101],[20.7986674,52.2942362],[20.7978414,52.2915284],[20.7969455,52.2886078],[20.7970824,52.2884229],[20.797515,52.2898499]]],[[[20.7962485,52.2858369],[20.7968652,52.28777],[20.7970151,52.2882377],[20.7968714,52.2884035],[20.7963525,52.2867277],[20.7956557,52.2845593],[20.79581,52.2844633],[20.7962485,52.2858369]]],[[[20.801196,52.2852449],[20.8008067,52.285308],[20.8004175,52.2840234],[20.8006878,52.2836201],[20.801196,52.2852449]]],[[[20.8094523,52.2867237],[20.8096209,52.2872617],[20.8094311,52.2872811],[20.8092657,52.2872981],[20.8092083,52.2871166],[20.8091421,52.2869079],[20.8090117,52.2864964],[20.809301,52.2864589],[20.8092984,52.2864508],[20.8090176,52.2864873],[20.8088861,52.2860722],[20.8088777,52.2860732],[20.808874,52.2860619],[20.8088826,52.2860609],[20.8088799,52.2860527],[20.8092351,52.2860123],[20.809238,52.2860217],[20.8092296,52.2860227],[20.8092322,52.2860309],[20.8094523,52.2867237]]],[[[20.801444,52.2860325],[20.8014911,52.2861837],[20.8015629,52.2864154],[20.8016818,52.2867983],[20.8015368,52.2868157],[20.8012875,52.2860009],[20.8014288,52.2859835],[20.801444,52.2860325]]],[[[20.8091776,52.3020465],[20.8086218,52.3021311],[20.8084537,52.3017362],[20.8090142,52.3016568],[20.8091776,52.3020465]]],[[[20.8122399,52.2973723],[20.8114898,52.2975409],[20.8113763,52.2973509],[20.8121375,52.29718],[20.8122399,52.2973723]]],[[[20.8169273,52.2989171],[20.8169313,52.2989239],[20.8163384,52.2990532],[20.8161781,52.2987941],[20.8167678,52.298659],[20.8169273,52.2989171]]],[[[20.8189885,52.294542],[20.8187989,52.294611],[20.8185926,52.2943984],[20.8183865,52.294186],[20.8185732,52.2941172],[20.8189885,52.294542]]],[[[20.8186422,52.2939211],[20.8178775,52.2941934],[20.8176127,52.2937576],[20.818263,52.2935268],[20.8186422,52.2939211]]],[[[20.8420457,52.2821951],[20.8420093,52.2824562],[20.8418474,52.2830394],[20.8418164,52.2831776],[20.8406014,52.2827779],[20.8387157,52.2825254],[20.8385332,52.2825072],[20.8382542,52.2824821],[20.8381378,52.2824656],[20.8378859,52.2824301],[20.8361592,52.2818198],[20.834782,52.2815129],[20.8346141,52.2814754],[20.8345386,52.2814586],[20.8346403,52.2798919],[20.8364789,52.2803182],[20.8366551,52.280359],[20.8376269,52.2805602],[20.837695,52.2805907],[20.8377379,52.2806099],[20.8383474,52.2809929],[20.8386305,52.2811638],[20.8387212,52.2812187],[20.8391038,52.2814018],[20.8394469,52.2815616],[20.839614,52.2816394],[20.8397787,52.2817228],[20.8400786,52.2818126],[20.8404408,52.2819076],[20.8406654,52.2819726],[20.8408863,52.2820285],[20.8410636,52.2820761],[20.8413665,52.2821562],[20.8415694,52.2821808],[20.8416972,52.282179],[20.8418381,52.2821998],[20.841875,52.282194],[20.8419523,52.2821784],[20.8420457,52.2821951]]],[[[20.8350734,52.2732236],[20.8376151,52.2730803],[20.8378604,52.2713943],[20.8384512,52.271414],[20.8386646,52.2714143],[20.8425021,52.271439],[20.8425519,52.2722738],[20.8425912,52.2729159],[20.8426206,52.2730425],[20.8427062,52.2734109],[20.8427098,52.2734324],[20.8428074,52.273917],[20.8430022,52.2748771],[20.8429969,52.2749114],[20.8429756,52.2750443],[20.842853,52.2757891],[20.8427887,52.2761874],[20.8426188,52.2772628],[20.8426166,52.2774801],[20.8412305,52.2774598],[20.840854,52.2782331],[20.841177,52.2787093],[20.8426326,52.2786698],[20.8425595,52.2789593],[20.8426273,52.2795026],[20.8423968,52.2804786],[20.8422256,52.2811431],[20.8421139,52.2816448],[20.8420597,52.2821395],[20.8419761,52.2821377],[20.8418174,52.2821583],[20.8417034,52.282143],[20.8415745,52.2821448],[20.8413841,52.2821216],[20.841087,52.2820432],[20.8409091,52.2819954],[20.8406889,52.2819397],[20.8404644,52.2818746],[20.8401029,52.2817799],[20.8398106,52.2816924],[20.8396511,52.2816116],[20.8391396,52.2813733],[20.8387599,52.2811916],[20.838646,52.2811228],[20.8383886,52.2809673],[20.8377764,52.2805827],[20.8376542,52.2805279],[20.8371722,52.2804281],[20.8366738,52.2803249],[20.8365206,52.2802889],[20.8351531,52.2799673],[20.8346431,52.2798473],[20.8348808,52.2761665],[20.8349172,52.2756008],[20.8350734,52.2732236]]],[[[20.8447457,52.3020522],[20.8451356,52.3020935],[20.8455256,52.3021348],[20.8454925,52.3024615],[20.8442377,52.3024138],[20.8443519,52.3020105],[20.8447457,52.3020522]]],[[[20.8775732,52.3183289],[20.8775742,52.318338],[20.8776453,52.3188066],[20.8776705,52.3189726],[20.8776819,52.3190473],[20.8777542,52.3195245],[20.8775144,52.3195448],[20.877271,52.3195655],[20.8770234,52.3195865],[20.8767716,52.3196079],[20.8765156,52.3196297],[20.8764485,52.3191888],[20.8764121,52.3189482],[20.8763395,52.3184707],[20.8775732,52.3183289]]],[[[20.8874074,52.3132128],[20.8875328,52.3138038],[20.8876041,52.3141406],[20.8876089,52.3141629],[20.8867587,52.3142797],[20.8860188,52.3143814],[20.8853626,52.3144715],[20.8853638,52.3142412],[20.8853643,52.3141693],[20.8853685,52.3133635],[20.8860068,52.3132957],[20.8867387,52.313218],[20.8869089,52.3131999],[20.8874074,52.3132128]]],[[[20.8876194,52.314212],[20.8877058,52.3146196],[20.8877848,52.3149927],[20.8878026,52.3150763],[20.8867863,52.3155426],[20.8860382,52.315886],[20.885352,52.3162009],[20.8853543,52.3160097],[20.8853544,52.316003],[20.8853558,52.315734],[20.8853559,52.3157176],[20.8853589,52.3151734],[20.8853595,52.315036],[20.8853607,52.3148092],[20.8853625,52.3144992],[20.8860218,52.3144087],[20.8867628,52.3143068],[20.8869472,52.3142815],[20.8876147,52.3141897],[20.8876194,52.314212]]],[[[20.864891,52.325626],[20.8649585,52.3256985],[20.86468,52.3258013],[20.8644514,52.3258879],[20.8642386,52.3256579],[20.8647372,52.3254668],[20.864891,52.325626]]],[[[20.872631,52.3257298],[20.8724548,52.326093],[20.8725858,52.3262293],[20.8723436,52.3263223],[20.8722258,52.326367],[20.8713667,52.3266935],[20.8707856,52.3260879],[20.8723803,52.3254817],[20.872631,52.3257298]]],[[[20.7199892,52.3921302],[20.7199212,52.3922584],[20.7197576,52.3924514],[20.7195929,52.392646],[20.7194516,52.3928127],[20.719393,52.3930126],[20.719171,52.3930345],[20.7191421,52.3930373],[20.7189454,52.3928287],[20.718923,52.3928055],[20.7188693,52.3927479],[20.7186347,52.3923025],[20.7180072,52.3920583],[20.717908,52.3920198],[20.7173104,52.3919291],[20.7167569,52.3918483],[20.7166658,52.3917413],[20.7161995,52.3911936],[20.7164814,52.3912358],[20.7166057,52.3912557],[20.7172382,52.3913569],[20.717369,52.3911615],[20.717408,52.3911032],[20.7167643,52.3908878],[20.7165099,52.3912008],[20.7162079,52.3911671],[20.7150079,52.3910515],[20.7148647,52.3908646],[20.7146882,52.3907494],[20.7144058,52.3906958],[20.7142268,52.3906618],[20.7141178,52.390669],[20.7138086,52.3906894],[20.7134407,52.3903448],[20.7130494,52.3899781],[20.7129945,52.3899482],[20.71253,52.3896954],[20.7121469,52.3894868],[20.7129107,52.3886161],[20.7129242,52.3886073],[20.7115456,52.3882174],[20.710811,52.3880234],[20.7104076,52.3877517],[20.7104457,52.3875491],[20.7107802,52.3876249],[20.7111718,52.3877136],[20.7112196,52.3877244],[20.7113732,52.3877736],[20.7115822,52.3878406],[20.7117366,52.38789],[20.7118762,52.3879347],[20.7119631,52.3879626],[20.7123949,52.388101],[20.7129123,52.3882667],[20.7131928,52.3883566],[20.7136219,52.3877849],[20.713776,52.3877546],[20.7146902,52.3874823],[20.7149368,52.3877621],[20.7165669,52.3870094],[20.7176742,52.3872398],[20.7183733,52.3873076],[20.7188112,52.3874803],[20.7192132,52.3875427],[20.7197822,52.3877966],[20.7208371,52.388848],[20.7210154,52.3892091],[20.7211827,52.3895477],[20.7213657,52.3897533],[20.7212119,52.3899561],[20.7213852,52.3910063],[20.721441,52.391344],[20.7215235,52.391727],[20.7215321,52.3917667],[20.7217415,52.3918747],[20.7218181,52.3919263],[20.7222717,52.3922335],[20.7222899,52.3923727],[20.7223026,52.3924952],[20.722404,52.3924211],[20.7224277,52.3925784],[20.7222254,52.3925517],[20.7223018,52.3924958],[20.7221435,52.3924817],[20.7217154,52.3924377],[20.721393,52.3922799],[20.7211902,52.3921808],[20.7204582,52.3918228],[20.7201985,52.3917349],[20.7199892,52.3921302]]],[[[20.69043,52.383923],[20.6922168,52.3839219],[20.6925906,52.3841058],[20.6928309,52.3842241],[20.6931959,52.3844038],[20.6933619,52.3844854],[20.6936341,52.3846351],[20.6938663,52.3847421],[20.6939794,52.3847944],[20.6941074,52.3848562],[20.6947185,52.3848988],[20.6953093,52.3849399],[20.6959147,52.3849826],[20.6965156,52.385025],[20.6964883,52.3852706],[20.6964823,52.3858681],[20.6964778,52.3863111],[20.6965244,52.3868622],[20.6965484,52.3871454],[20.6965528,52.3871975],[20.6964872,52.387436],[20.6964248,52.3876633],[20.6927555,52.3874502],[20.6903091,52.3873995],[20.6904542,52.3866362],[20.6906341,52.3856891],[20.6887802,52.3854477],[20.6892307,52.3838939],[20.69043,52.383923]]],[[[20.7974529,52.292226],[20.797981,52.2938835],[20.798055,52.2940837],[20.7985127,52.2953207],[20.7987194,52.2958078],[20.7983618,52.295873],[20.7982811,52.295678],[20.7978605,52.2946611],[20.797692,52.2941277],[20.7970345,52.2920459],[20.7962747,52.2896399],[20.7963905,52.289392],[20.7964865,52.2892258],[20.7968283,52.2903802],[20.796892,52.2905948],[20.7974529,52.292226]]],[[[20.7079965,52.2798268],[20.7078099,52.2798293],[20.7073878,52.2781636],[20.7074132,52.2775975],[20.7082714,52.2779718],[20.7081134,52.2784024],[20.7075797,52.2783107],[20.7076174,52.2784617],[20.7079965,52.2798268]]],[[[20.7045124,52.2713232],[20.7040955,52.2713814],[20.7040697,52.271385],[20.7024708,52.2672538],[20.7029044,52.2671753],[20.7045124,52.2713232]]],[[[20.7037365,52.272002],[20.7039232,52.2723283],[20.7041109,52.2726565],[20.7042999,52.2729863],[20.7044649,52.2732822],[20.7046565,52.2736096],[20.7048363,52.2739235],[20.705017,52.2742392],[20.7053201,52.2747689],[20.7055033,52.275089],[20.7064221,52.2766939],[20.7066579,52.2771061],[20.7057258,52.2766553],[20.7055312,52.2765798],[20.7026735,52.2715801],[20.7031627,52.2715117],[20.7034341,52.2714737],[20.7037365,52.272002]]],[[[20.7021307,52.2748998],[20.7023922,52.2753627],[20.7013089,52.2749426],[20.7011827,52.2748886],[20.7008616,52.2742878],[20.7004039,52.2743891],[20.7000859,52.2738311],[20.6995654,52.2729178],[20.6990879,52.2720797],[20.6994284,52.2720334],[20.6998883,52.2719691],[20.7003525,52.2719043],[20.7004311,52.2718933],[20.7017454,52.2742184],[20.7021307,52.2748998]]],[[[20.7060414,52.2668831],[20.7064985,52.2672476],[20.7069687,52.2676575],[20.7072794,52.2680126],[20.7075956,52.268495],[20.7077525,52.2687582],[20.7086552,52.2707533],[20.7058489,52.271139],[20.7058298,52.2710942],[20.704204,52.2669629],[20.704162,52.2668557],[20.7041964,52.2668532],[20.7057941,52.2667313],[20.7060414,52.2668831]]],[[[20.7119302,52.2774229],[20.7117955,52.2774444],[20.7113857,52.2775096],[20.7109307,52.2775819],[20.7106599,52.277625],[20.7104345,52.2776608],[20.7102545,52.2776895],[20.7093797,52.2778286],[20.7097097,52.2785286],[20.7096356,52.278492],[20.7091402,52.2782297],[20.7090724,52.2782],[20.7086146,52.2774804],[20.7082505,52.2769077],[20.7076663,52.2769934],[20.7079599,52.2777144],[20.7075563,52.2775383],[20.7061077,52.2749612],[20.7059272,52.2746405],[20.7056289,52.2741097],[20.7054511,52.2737935],[20.7052743,52.2734788],[20.7050984,52.2731658],[20.7049233,52.2728545],[20.7047375,52.272524],[20.7045529,52.2721952],[20.7043692,52.2718682],[20.7041146,52.2714154],[20.7086708,52.270788],[20.7092234,52.2718273],[20.7093241,52.2722476],[20.7098708,52.2735155],[20.7103916,52.2745118],[20.7110613,52.2758193],[20.7119302,52.2774229]]],[[[20.7167723,52.2786155],[20.7164817,52.2786413],[20.7158508,52.2773715],[20.7161445,52.2773669],[20.7167723,52.2786155]]],[[[20.7310842,52.2843227],[20.7305886,52.2842101],[20.7303962,52.2838129],[20.7308096,52.2837688],[20.7310842,52.2843227]]],[[[20.7427934,52.2823492],[20.7424459,52.282393],[20.7423327,52.2821595],[20.7422797,52.2820452],[20.742107,52.2816662],[20.7424344,52.2816049],[20.7427934,52.2823492]]],[[[20.7401351,52.2698438],[20.7401984,52.2719209],[20.7390836,52.2722686],[20.7383274,52.26977],[20.7400753,52.2698414],[20.7401351,52.2698438]]],[[[20.7505839,52.275876],[20.750235,52.2758801],[20.7493789,52.2758901],[20.7481854,52.2759039],[20.7475553,52.2759111],[20.7470144,52.2759173],[20.746667,52.2759207],[20.7457808,52.2759302],[20.7454539,52.2759338],[20.7454099,52.2759342],[20.7443448,52.2759452],[20.7439946,52.2759489],[20.7419881,52.2759838],[20.7401838,52.2760151],[20.7398808,52.2753114],[20.7390222,52.2724419],[20.7401547,52.2720873],[20.7415948,52.2716426],[20.7419145,52.2715129],[20.7423694,52.2713915],[20.7429433,52.2712353],[20.743453,52.2710886],[20.7444782,52.270873],[20.7465705,52.2704324],[20.746791,52.2703369],[20.7473428,52.2700682],[20.7475297,52.2699878],[20.747724,52.269959],[20.7479524,52.2699231],[20.7496858,52.270277],[20.7503981,52.2703487],[20.7505839,52.275876]]],[[[20.6968685,52.2728821],[20.6960993,52.2725171],[20.6966373,52.2724375],[20.6968685,52.2728821]]],[[[20.4670464,52.2622121],[20.4667888,52.2622703],[20.465758,52.2625033],[20.4655003,52.2625615],[20.4645109,52.262785],[20.4644551,52.262769],[20.4643834,52.2626434],[20.4648988,52.262527],[20.4647262,52.262225],[20.4642108,52.2623415],[20.464139,52.2622156],[20.4641655,52.2621805],[20.464894,52.2620096],[20.465407,52.2618892],[20.4666896,52.2615884],[20.4670464,52.2622121]]],[[[20.5853962,52.2612913],[20.5852438,52.2605259],[20.5841095,52.2606095],[20.5839963,52.2597984],[20.5853057,52.2597058],[20.5854681,52.2605074],[20.5867058,52.2604158],[20.5867192,52.2604705],[20.5868521,52.2610108],[20.5868646,52.2610616],[20.5862798,52.2610581],[20.5853962,52.2612913]]],[[[20.4439374,52.2768261],[20.4432179,52.2769377],[20.4433255,52.2772905],[20.44323,52.2773107],[20.4429656,52.2773881],[20.4426345,52.2762728],[20.4430049,52.2762093],[20.4437151,52.2760978],[20.4439374,52.2768261]]],[[[20.4414606,52.2763439],[20.4409788,52.2764281],[20.4404213,52.2747963],[20.4409207,52.2747545],[20.4414606,52.2763439]]],[[[20.4403614,52.276536],[20.4400648,52.2765878],[20.439454,52.2748771],[20.4397827,52.2748496],[20.4403614,52.276536]]],[[[20.4423258,52.2775338],[20.4413723,52.2777793],[20.4411137,52.2778459],[20.4407722,52.2779031],[20.4404941,52.2779497],[20.4404694,52.2779551],[20.4400352,52.2780509],[20.4396341,52.2767203],[20.4400659,52.2766495],[20.4403716,52.2765994],[20.4409987,52.2764966],[20.4419877,52.2763346],[20.4423258,52.2775338]]],[[[20.4413803,52.2779824],[20.4413579,52.2780103],[20.4410631,52.2783461],[20.4408948,52.2785157],[20.4406351,52.2787378],[20.440439,52.2789115],[20.4402592,52.2790165],[20.440007,52.2781305],[20.4404354,52.2780358],[20.4407317,52.2779846],[20.441096,52.2779269],[20.4413454,52.2778629],[20.441524,52.2778189],[20.4413803,52.2779824]]],[[[20.4286177,52.2825529],[20.4282866,52.2826245],[20.4273263,52.2796392],[20.4276735,52.2795457],[20.4286177,52.2825529]]],[[[20.4296609,52.282327],[20.4293419,52.2823961],[20.4289237,52.2824866],[20.4286979,52.2825355],[20.4277405,52.2795276],[20.4279844,52.279462],[20.4284093,52.2793475],[20.428719,52.2792641],[20.4296609,52.282327]]],[[[20.4314454,52.2819406],[20.4311357,52.2820077],[20.4310288,52.2820308],[20.4300465,52.2789067],[20.430182,52.2788702],[20.430465,52.278794],[20.4314454,52.2819406]]],[[[20.4324183,52.2817299],[20.4323528,52.2817441],[20.4320053,52.2805595],[20.4320757,52.2805518],[20.4324183,52.2817299]]],[[[20.4320645,52.2805132],[20.4319938,52.2805201],[20.4314128,52.2785388],[20.4314847,52.2785194],[20.4320645,52.2805132]]],[[[20.4390349,52.2802968],[20.4390135,52.2803014],[20.4384604,52.2804215],[20.4384228,52.2802955],[20.438822,52.2800031],[20.4389125,52.279896],[20.4390349,52.2802968]]],[[[20.4388992,52.2798523],[20.4388734,52.2798837],[20.4387852,52.279988],[20.4384125,52.280261],[20.4379801,52.2788134],[20.4385132,52.2785881],[20.4388992,52.2798523]]],[[[20.4385015,52.2785496],[20.4379683,52.2787741],[20.4374631,52.2770826],[20.4380246,52.2769875],[20.4385015,52.2785496]]],[[[20.4379243,52.2788182],[20.4370008,52.2792764],[20.4364081,52.2773098],[20.4374254,52.2771365],[20.4379243,52.2788182]]],[[[20.4355598,52.2810504],[20.4348161,52.2812113],[20.4345205,52.2802755],[20.434593,52.2802612],[20.4352601,52.2800727],[20.4355598,52.2810504]]],[[[20.4352474,52.2800313],[20.434576,52.2802275],[20.4345096,52.280241],[20.4337714,52.2779035],[20.4345323,52.2776986],[20.4352474,52.2800313]]],[[[20.4330238,52.278046],[20.4322259,52.2782595],[20.4314201,52.2754681],[20.4322508,52.2754008],[20.4330238,52.278046]]],[[[20.4345163,52.2776466],[20.4337546,52.2778504],[20.4335122,52.2769509],[20.4330055,52.2753396],[20.433848,52.2752714],[20.4345163,52.2776466]]],[[[20.4322485,52.2734391],[20.4321696,52.273441],[20.4327807,52.2752734],[20.4301463,52.2754596],[20.4292818,52.272596],[20.4319591,52.2724533],[20.4322485,52.2734391]]],[[[20.4128851,52.269534],[20.4111961,52.2695981],[20.4093916,52.2696772],[20.4081752,52.2697311],[20.4057755,52.2698551],[20.4058511,52.268421],[20.4046252,52.2682879],[20.4037815,52.2684819],[20.4037847,52.2684311],[20.4037844,52.2683364],[20.4037833,52.2680757],[20.4037822,52.267734],[20.4037806,52.2672847],[20.4037782,52.2666196],[20.4018969,52.2665846],[20.3999557,52.2665534],[20.398062,52.2665175],[20.3960227,52.2664787],[20.3960156,52.2663532],[20.3958152,52.2663382],[20.3954344,52.266307],[20.3948102,52.2663051],[20.3934258,52.2664128],[20.3933527,52.2664185],[20.3928475,52.2663144],[20.391376,52.2662616],[20.3907119,52.2662888],[20.3904978,52.2658102],[20.3904752,52.2657597],[20.391192,52.2657028],[20.3913426,52.2656917],[20.3918429,52.265662],[20.3923234,52.2656279],[20.3927188,52.2655887],[20.3931114,52.2655593],[20.3932088,52.2655524],[20.3935211,52.2655303],[20.3938341,52.2655081],[20.3944733,52.2654627],[20.3955509,52.2653767],[20.3958094,52.2653561],[20.39581,52.2652175],[20.396056,52.2652107],[20.3964613,52.2651949],[20.3968904,52.2651784],[20.3973275,52.2651616],[20.3985422,52.2651148],[20.3991312,52.265092],[20.4000949,52.2650548],[20.4001077,52.2650543],[20.4001828,52.2650514],[20.4019239,52.2649796],[20.4027386,52.2649606],[20.4027339,52.2648254],[20.4027326,52.2647888],[20.4032825,52.2647647],[20.4034901,52.2647672],[20.4035596,52.2647681],[20.4038851,52.2647719],[20.4044133,52.264803],[20.4044644,52.264806],[20.4045082,52.264796],[20.4045042,52.2646823],[20.4044938,52.2643813],[20.4052997,52.2643681],[20.4061955,52.2643535],[20.4066755,52.2643453],[20.4070743,52.2643385],[20.4097774,52.2643033],[20.4106329,52.2640818],[20.4106728,52.2640714],[20.4133917,52.2638836],[20.4142313,52.2636905],[20.4141578,52.2641191],[20.4141042,52.2644181],[20.4137168,52.2658149],[20.413694,52.2658978],[20.4134971,52.2661402],[20.4134887,52.266292],[20.4133925,52.2663519],[20.4131233,52.2665207],[20.4129699,52.2665711],[20.4127468,52.2666437],[20.4126576,52.266673],[20.4124564,52.2667874],[20.4121522,52.2669602],[20.4118884,52.2673253],[20.4120374,52.2677013],[20.4120959,52.2678626],[20.4121145,52.2679144],[20.412181,52.2680835],[20.4122468,52.268249],[20.4122656,52.2682971],[20.4126125,52.2691868],[20.4128851,52.269534]]],[[[20.4058677,52.2700688],[20.4064338,52.2712783],[20.405931,52.2713595],[20.4053275,52.2700741],[20.405766,52.2700676],[20.4058677,52.2700688]]],[[[20.4191907,52.2818358],[20.4182661,52.2800527],[20.4174215,52.278134],[20.4168696,52.2770035],[20.4177445,52.2768577],[20.4197416,52.2817012],[20.4191907,52.2818358]]],[[[20.3101975,52.3189839],[20.310593,52.3192965],[20.31083,52.3194795],[20.3110101,52.3196214],[20.3111812,52.3197562],[20.3113702,52.3199049],[20.3115338,52.3200318],[20.311717,52.3201742],[20.3118533,52.32028],[20.3119897,52.3203858],[20.3125067,52.3207874],[20.3119625,52.3220346],[20.3116998,52.3220958],[20.3094911,52.3229935],[20.3077699,52.3236943],[20.3076754,52.3237327],[20.3071111,52.3237919],[20.3065594,52.3238497],[20.3057578,52.3239337],[20.3054891,52.3239452],[20.3043444,52.3240426],[20.3038523,52.3240947],[20.3033286,52.3241389],[20.3024872,52.32421],[20.3022017,52.3242329],[20.3016518,52.3242771],[20.3010839,52.3243226],[20.3006619,52.3243565],[20.2999295,52.3244154],[20.2988181,52.3245045],[20.2984984,52.3245301],[20.2977598,52.3245911],[20.2967031,52.3246784],[20.2959703,52.324746],[20.2964911,52.3231363],[20.296891,52.3219048],[20.2968899,52.3218902],[20.2982194,52.3216683],[20.300666,52.3211496],[20.301955,52.3207223],[20.3042889,52.3199784],[20.306315,52.3193105],[20.3085182,52.3184764],[20.3093028,52.3182771],[20.3101975,52.3189839]]],[[[20.30466,52.2896161],[20.3046145,52.2896261],[20.3042228,52.2897229],[20.3038584,52.289813],[20.3037527,52.2898391],[20.3034033,52.2894191],[20.3027115,52.2894017],[20.3019408,52.289487],[20.3013231,52.2895377],[20.2991781,52.2898729],[20.2988175,52.2888545],[20.2988964,52.2878199],[20.2989164,52.2849106],[20.3004368,52.2842242],[20.3013709,52.2832841],[20.3024654,52.282328],[20.303181,52.2820725],[20.3033368,52.281996],[20.3033836,52.281973],[20.303664,52.2818974],[20.3039183,52.2818287],[20.3045311,52.2816634],[20.3045483,52.2816588],[20.3051737,52.2814901],[20.3052214,52.2814885],[20.3054385,52.2814815],[20.3056712,52.2814741],[20.3057941,52.2814578],[20.305901,52.2814474],[20.3060579,52.281432],[20.3064171,52.2813836],[20.3071379,52.2812807],[20.3077748,52.2811967],[20.3080397,52.2811618],[20.308265,52.2811648],[20.3089518,52.2811739],[20.3092507,52.2811771],[20.310153,52.2811874],[20.3106894,52.2811932],[20.3113626,52.2812005],[20.3117652,52.2811768],[20.3118229,52.2811734],[20.311846,52.2811721],[20.3119305,52.2811671],[20.3122522,52.2810811],[20.3123202,52.2810629],[20.3141688,52.2827539],[20.315568,52.2840348],[20.3155699,52.2840365],[20.3152486,52.2842023],[20.3137255,52.2849808],[20.3115337,52.2860625],[20.3116296,52.2861073],[20.3116598,52.2861158],[20.3138513,52.2870438],[20.3148971,52.2867903],[20.3151955,52.2866751],[20.3152728,52.2871398],[20.3130563,52.2876566],[20.3106214,52.2882269],[20.3104645,52.2882602],[20.307868,52.2888964],[20.3060231,52.2893139],[20.30466,52.2896161]]],[[[20.319874,52.2949437],[20.3188567,52.2958241],[20.3184404,52.2951026],[20.3182475,52.2947587],[20.3180328,52.2943758],[20.3176067,52.2936845],[20.3183937,52.293809],[20.3185341,52.2945641],[20.3189826,52.2945204],[20.319363,52.294481],[20.3195908,52.294466],[20.319874,52.2949437]]],[[[20.3263529,52.2987261],[20.3261981,52.2988701],[20.325611,52.2990492],[20.3248589,52.2977893],[20.3256426,52.2976366],[20.3263529,52.2987261]]],[[[20.3376834,52.2961565],[20.3374841,52.2962197],[20.3345804,52.2969385],[20.3339827,52.2967744],[20.3342776,52.2966763],[20.3345894,52.2965725],[20.3348639,52.2964811],[20.3351347,52.2963884],[20.3359213,52.2961292],[20.3368241,52.2958287],[20.336177,52.2947679],[20.3366468,52.2946176],[20.3376834,52.2961565]]],[[[20.3155897,52.3351279],[20.3168714,52.336686],[20.3209753,52.3417247],[20.3208332,52.3417673],[20.3187732,52.3391911],[20.3167082,52.3367049],[20.3154183,52.3351436],[20.3077473,52.3322451],[20.3078638,52.3321934],[20.3155897,52.3351279]]],[[[20.281966,52.3456911],[20.2821003,52.3459511],[20.2817169,52.3459579],[20.2814514,52.3461074],[20.2794493,52.3466173],[20.2792246,52.3466812],[20.2791753,52.3468525],[20.279199,52.3478361],[20.2791357,52.3480539],[20.2788681,52.3482814],[20.2786615,52.3483806],[20.277659,52.3486824],[20.277345,52.3487493],[20.2770896,52.3487622],[20.2766763,52.3487346],[20.2759724,52.3486063],[20.2751947,52.3483953],[20.2742186,52.3477451],[20.2729533,52.3469631],[20.2727014,52.346863],[20.2721513,52.3467128],[20.2710738,52.3465064],[20.2686947,52.3463644],[20.2677474,52.3462921],[20.2673433,52.3461743],[20.2669946,52.3459345],[20.2664708,52.3452722],[20.2657076,52.3443453],[20.2654583,52.3441176],[20.2653395,52.3440695],[20.2652904,52.3440548],[20.2650959,52.3440133],[20.2646818,52.3440193],[20.2641184,52.343441],[20.2640878,52.3434095],[20.2634863,52.342792],[20.266586,52.3426675],[20.269166,52.3424723],[20.2691502,52.3422719],[20.2692205,52.3422625],[20.269297,52.3421727],[20.269513,52.3420993],[20.2695989,52.3421229],[20.2696336,52.3420578],[20.2700157,52.3419282],[20.270099,52.3418963],[20.270081,52.3418004],[20.2699617,52.3417991],[20.2695921,52.3419212],[20.2695265,52.3419154],[20.2694923,52.3419605],[20.2692727,52.3420162],[20.2691672,52.3420203],[20.2692537,52.3414785],[20.2693712,52.3413736],[20.2694453,52.3413472],[20.2695712,52.3413025],[20.2695588,52.3407822],[20.2693978,52.3399894],[20.2719673,52.3398588],[20.275174,52.3396806],[20.275681,52.3396527],[20.2760229,52.3418237],[20.2755598,52.3418625],[20.2758318,52.3425442],[20.2773927,52.3423761],[20.2774496,52.3426306],[20.2775435,52.3430527],[20.2777234,52.3438595],[20.2784863,52.3438436],[20.2791329,52.3438405],[20.279273,52.3441471],[20.2794652,52.3445671],[20.2796946,52.344536],[20.279921,52.3445054],[20.2799848,52.3444986],[20.2802594,52.3444694],[20.2808536,52.3444697],[20.281383,52.34447],[20.2818411,52.3444689],[20.281966,52.3456911]]],[[[20.2762749,52.3540424],[20.2772582,52.3534788],[20.2787527,52.3525943],[20.2788271,52.3525503],[20.2797217,52.3520208],[20.2807869,52.3520738],[20.2806359,52.3525642],[20.2806124,52.3526408],[20.2805106,52.3529714],[20.2801077,52.3537604],[20.2798113,52.3531834],[20.2762749,52.3540424]]],[[[20.28451,52.3531231],[20.2843587,52.3534899],[20.2843986,52.3535994],[20.2805987,52.3531314],[20.2807214,52.3526928],[20.28451,52.3531231]]],[[[20.2786478,52.3525489],[20.2785779,52.3525899],[20.2769439,52.3535502],[20.2762389,52.3539674],[20.2759557,52.3534652],[20.2754869,52.3525132],[20.2761722,52.3525297],[20.2761862,52.3517507],[20.2770929,52.3517508],[20.2771725,52.3513551],[20.2776525,52.3513554],[20.2781395,52.3516497],[20.2784735,52.3519705],[20.2795463,52.3520236],[20.2791204,52.3522711],[20.2786478,52.3525489]]],[[[20.2614281,52.3679669],[20.2612457,52.3679694],[20.2612402,52.3678782],[20.2614281,52.3679669]]],[[[20.2608728,52.3677026],[20.2609061,52.3679682],[20.2607081,52.3679757],[20.2606583,52.3676253],[20.2608728,52.3677026]]],[[[20.2602665,52.3674352],[20.2603616,52.3679879],[20.2601558,52.3679954],[20.260047,52.36737],[20.2602665,52.3674352]]],[[[20.6675528,52.3830921],[20.6678039,52.383177],[20.6682891,52.3833234],[20.6685153,52.3833979],[20.6676832,52.3833422],[20.6676333,52.3832466],[20.6675528,52.3830921]]],[[[20.8551686,52.3461461],[20.8548188,52.3462008],[20.8543162,52.3462794],[20.8541537,52.3459077],[20.8546204,52.3458297],[20.8549819,52.3457692],[20.8551686,52.3461461]]],[[[20.8660275,52.3398619],[20.8657184,52.3399804],[20.8658636,52.3396807],[20.8660275,52.3398619]]],[[[20.4694625,52.2753372],[20.4698891,52.2754601],[20.4708228,52.2755296],[20.4711397,52.2755649],[20.4719516,52.2756328],[20.471899,52.2758612],[20.4682209,52.276397],[20.4676082,52.2757783],[20.4679825,52.2756717],[20.4690926,52.2751697],[20.4694625,52.2753372]]],[[[20.3710641,52.2762857],[20.3699032,52.2811614],[20.3698928,52.281162],[20.3688102,52.2812184],[20.3700054,52.2761857],[20.3710641,52.2762857]]],[[[20.8271005,52.2916103],[20.8271258,52.2916373],[20.827458,52.2920377],[20.8279792,52.2926665],[20.8274271,52.2920614],[20.8272124,52.291826],[20.8270352,52.2916321],[20.8271005,52.2916103]]],[[[20.824287,52.2816507],[20.8171947,52.2836267],[20.8036613,52.2834294],[20.796454,52.2839211],[20.7961136,52.2895922],[20.7812502,52.2980423],[20.7765397,52.3004338],[20.7717883,52.3036651],[20.7652389,52.3056974],[20.7650626,52.3104326],[20.7752976,52.3065293],[20.7835888,52.3035516],[20.7886029,52.3016812],[20.7923773,52.3016744],[20.7931011,52.2931383],[20.8107159,52.3057777],[20.8242866,52.29254],[20.8355655,52.2876176],[20.8342895,52.2998794],[20.8423574,52.3027478],[20.8496282,52.2995209],[20.8514432,52.2969356],[20.8598825,52.2912001],[20.8783282,52.312055],[20.8630716,52.3323518],[20.8614996,52.3428681],[20.8326584,52.3485099],[20.8175209,52.3458377],[20.8079376,52.3561912],[20.7909087,52.361631],[20.775235,52.3654025],[20.7372053,52.3695462],[20.702068,52.361413],[20.6747513,52.3590236],[20.6475637,52.3523162],[20.622645,52.3475199],[20.6196393,52.3776211],[20.6117844,52.385027],[20.6409772,52.3935433],[20.651739,52.3882804],[20.650927,52.4057421],[20.6375934,52.4112569],[20.6252091,52.4101529],[20.6289999,52.409902],[20.5973752,52.4008794],[20.5684154,52.3907849],[20.5138286,52.3824687],[20.5066119,52.3757978],[20.4926001,52.3690719],[20.4604901,52.3656773],[20.4450336,52.3614977],[20.4176618,52.3670856],[20.3927103,52.3660943],[20.3707935,52.3712832],[20.3466551,52.3728822],[20.319992,52.3688218],[20.2983304,52.3719417],[20.2858105,52.3691446],[20.2865292,52.3641102],[20.297381,52.3616278],[20.2975038,52.3547203],[20.3168859,52.3448674],[20.3201569,52.3330233],[20.3215234,52.3245699],[20.3291403,52.3054733],[20.3436907,52.3023242],[20.3476833,52.288043],[20.3626729,52.286479],[20.384946,52.2811141],[20.4059812,52.2857388],[20.4328981,52.2804327],[20.4402764,52.2790658],[20.449136,52.2754466],[20.4670464,52.2755441],[20.4692688,52.2774551],[20.4849386,52.2708165],[20.5076415,52.2693944],[20.5231873,52.27462],[20.5331649,52.2767764],[20.5436988,52.278041],[20.5672945,52.270411],[20.5834903,52.2633322],[20.5890623,52.2618396],[20.6124461,52.2624236],[20.6255755,52.2694286],[20.6303002,52.268172],[20.6350545,52.2696506],[20.6429555,52.2721591],[20.6510333,52.2724461],[20.6742651,52.2753561],[20.687425,52.2682737],[20.7014278,52.2776666],[20.7238362,52.2857164],[20.7303471,52.2842468],[20.7377476,52.2839349],[20.7583859,52.2786738],[20.7616397,52.276145],[20.8011438,52.2762243],[20.807139,52.2802647],[20.824287,52.2816507]]]]}},{"type":"Feature","properties":{"@id":"relation/1567260","boundary":"national_park","iucn_level":"2","name":"Park Narodowy Gór Stołowych","name:de":"Nationalpark Heuscheuergebirge","name:en":"Table Mountains National Park","name:pl":"Park Narodowy Gór Stołowych","protect_class":"2","type":"boundary","wikidata":"Q619001","wikipedia":"pl:Park Narodowy Gór Stołowych"},"geometry":{"type":"Polygon","coordinates":[[[16.3652717,50.5051933],[16.356304,50.5004838],[16.3490108,50.4987494],[16.3410175,50.4973627],[16.3324964,50.5035235],[16.3252536,50.5050731],[16.3192612,50.507841],[16.3103103,50.5049457],[16.3121408,50.4959265],[16.3074955,50.4920902],[16.3055294,50.4913694],[16.302618,50.491033],[16.3007614,50.4907676],[16.3015775,50.4894329],[16.296555,50.4822316],[16.2841172,50.4797841],[16.2772273,50.479565],[16.2779915,50.4752621],[16.2785636,50.4732667],[16.2760613,50.4727618],[16.2763618,50.4708124],[16.2706263,50.4711869],[16.271817,50.4698742],[16.2711347,50.4680243],[16.2708174,50.4659772],[16.2689547,50.4635401],[16.2709445,50.4640505],[16.2752307,50.4621644],[16.276867,50.4598783],[16.2826164,50.4604716],[16.282724,50.4565866],[16.275532,50.4554454],[16.2730054,50.4549001],[16.279984,50.4517889],[16.2776502,50.45047],[16.2743352,50.4481455],[16.2746411,50.4454335],[16.2705123,50.4472654],[16.2693847,50.445684],[16.2686817,50.4420994],[16.2719667,50.4394976],[16.2729477,50.4402326],[16.2762077,50.4415993],[16.2803928,50.438555],[16.2802327,50.4362197],[16.280978,50.4319399],[16.2839702,50.429956],[16.2881625,50.4282617],[16.2894331,50.431047],[16.2923621,50.4306218],[16.2967155,50.4315868],[16.3006578,50.4346966],[16.3082396,50.4416395],[16.3124803,50.4458949],[16.3130161,50.4480877],[16.3144386,50.448803],[16.3149354,50.4452995],[16.3219042,50.4459651],[16.3285102,50.4477306],[16.3305158,50.4427273],[16.3361172,50.4455956],[16.3428082,50.4516348],[16.3445581,50.4508404],[16.3501194,50.4469571],[16.3541266,50.4454362],[16.3607403,50.4413606],[16.3704929,50.4403992],[16.3793841,50.4381941],[16.3873864,50.4333537],[16.390671,50.4293513],[16.3934069,50.4311022],[16.4065863,50.4322128],[16.4132761,50.4331051],[16.4177291,50.4309598],[16.426691,50.4327129],[16.4310065,50.4291483],[16.438242,50.4288362],[16.4341702,50.4330507],[16.4312355,50.4338589],[16.4242548,50.4374799],[16.4197593,50.440605],[16.4266387,50.4469352],[16.4287018,50.4507515],[16.434147,50.4512573],[16.4386676,50.4540071],[16.4374811,50.4576179],[16.4335493,50.4623229],[16.4316818,50.4689588],[16.4227254,50.4707088],[16.4187528,50.4722755],[16.4180501,50.4740088],[16.41783,50.4783789],[16.4109802,50.4828029],[16.4040546,50.4858959],[16.3976702,50.4871798],[16.3894083,50.487284],[16.3784169,50.4898516],[16.3726052,50.4936335],[16.3649565,50.4981561],[16.3652717,50.5051933]]]}},{"type":"Feature","properties":{"@id":"relation/1984482","boundary":"national_park","gid":"2497","kodinspire":"PL.ZIPOP.1393.PN.21","leisure":"nature_reserve","name":"Gorczański Park Narodowy","name:de":"Nationalpark Gorce","name:en":"Gorce National Park","name:pl":"Gorczański Park Narodowy","payment:website":"https://gorce.eparki.pl/","protect_class":"2","short_name":"GPN","source:natura2000:MS":"PL","source:natura2000:RELEASE_DA":"2456583.5","source:natura2000:SITECODE":"PLB120001","source:natura2000:SITENAME":"Gorce","source:natura2000:SITETYPE":"A","type":"boundary","website":"https://www.gorczanskipark.pl/","wikidata":"Q618174","wikipedia":"pl:Gorczański Park Narodowy"},"geometry":{"type":"MultiPolygon","coordinates":[[[[20.1070154,49.5928026],[20.1020314,49.5901286],[20.0967842,49.5908169],[20.0874238,49.5857058],[20.0842582,49.5816645],[20.0831522,49.5789984],[20.0761526,49.5813324],[20.0665028,49.5817256],[20.0589761,49.5798959],[20.0543371,49.5753612],[20.0535049,49.5726649],[20.0449592,49.5705233],[20.0380315,49.5688049],[20.0393239,49.5639173],[20.03833,49.5610334],[20.0487451,49.5595394],[20.0634558,49.5596267],[20.0810845,49.5567736],[20.0921189,49.5543279],[20.0984965,49.5492463],[20.1099968,49.5494147],[20.119764,49.5517756],[20.1191388,49.5432732],[20.1182418,49.5353786],[20.1172644,49.5274172],[20.1190059,49.5215892],[20.1256386,49.5199395],[20.1261211,49.51859],[20.1252337,49.521963],[20.1269983,49.5238455],[20.1339157,49.5235801],[20.1337606,49.5203381],[20.1328344,49.5171487],[20.1401689,49.5177179],[20.1441663,49.5167508],[20.1471785,49.5135541],[20.1469848,49.5111493],[20.1507299,49.5093987],[20.1482013,49.5126112],[20.1483446,49.517374],[20.1473303,49.5236279],[20.1524384,49.5248464],[20.1531733,49.5263274],[20.155459,49.5274025],[20.1589292,49.528264],[20.160422,49.5321816],[20.1658745,49.5329914],[20.1733936,49.5343127],[20.1743427,49.5330169],[20.1882379,49.5303885],[20.1973263,49.5293864],[20.2041632,49.5309632],[20.2052947,49.5334333],[20.2043537,49.534995],[20.2033629,49.5365805],[20.2009204,49.5365963],[20.1965813,49.537516],[20.193793,49.5385398],[20.1962233,49.5403355],[20.2051154,49.5417939],[20.2130057,49.541893],[20.2187577,49.5438443],[20.2137828,49.5487135],[20.2063655,49.5500402],[20.2168984,49.5517748],[20.2190311,49.5534377],[20.2339765,49.5569428],[20.2518216,49.5644073],[20.2482771,49.5685761],[20.2420034,49.5736591],[20.2392058,49.5780333],[20.2352039,49.5782329],[20.2329842,49.5786321],[20.2312585,49.5804324],[20.2289622,49.5817906],[20.2260813,49.5825667],[20.2227519,49.5835728],[20.2206434,49.5875688],[20.2121522,49.5890148],[20.2084559,49.5876502],[20.1977596,49.5877321],[20.1878544,49.5856553],[20.183335,49.5892894],[20.1779748,49.5895247],[20.1777908,49.5853442],[20.1675611,49.5825741],[20.1618822,49.58602],[20.1554962,49.5867481],[20.1447647,49.5857909],[20.1449402,49.5831968],[20.1410564,49.5849717],[20.1398232,49.5870009],[20.1341352,49.5868461],[20.1345106,49.5836976],[20.1326763,49.5828121],[20.1262054,49.5838108],[20.117552,49.5864774],[20.1202163,49.590837],[20.1144021,49.5901395],[20.1070154,49.5928026]]],[[[20.0226165,49.5844918],[20.0223985,49.5844598],[20.0238559,49.5832766],[20.0243985,49.5830107],[20.0254617,49.5822989],[20.0256715,49.5818742],[20.026061,49.5810965],[20.0257237,49.5804325],[20.0256178,49.5802525],[20.0255722,49.5801633],[20.0254959,49.5800566],[20.0254592,49.579997],[20.025378,49.5798729],[20.0253444,49.5798282],[20.0252071,49.5797024],[20.0251958,49.5796261],[20.025176,49.5794256],[20.0251716,49.5793117],[20.0251933,49.5788702],[20.0251427,49.5788127],[20.0251273,49.5786054],[20.0251198,49.5785154],[20.0251008,49.578275],[20.0251163,49.5780382],[20.0250754,49.5776177],[20.0251492,49.5775616],[20.0251963,49.577462],[20.0252483,49.5773759],[20.0253324,49.5772483],[20.0253898,49.5771493],[20.0255209,49.5769271],[20.025578,49.5768459],[20.0257642,49.5765486],[20.0258699,49.576379],[20.0260019,49.5762723],[20.0262539,49.5760768],[20.0262972,49.5760482],[20.0263565,49.575902],[20.0263706,49.575853],[20.0264037,49.5756794],[20.02642,49.5756078],[20.0264712,49.575359],[20.0264871,49.5752636],[20.0265258,49.5751137],[20.0265548,49.5749717],[20.026607,49.5748382],[20.0266432,49.5747236],[20.0267209,49.5745683],[20.0267525,49.5745062],[20.0268197,49.5743953],[20.0268664,49.5743162],[20.0269678,49.5741864],[20.0270127,49.5741062],[20.0271098,49.573973],[20.0271816,49.5738894],[20.0274415,49.5736225],[20.027521,49.5735075],[20.027595,49.5733637],[20.0276214,49.5733024],[20.0276685,49.5731607],[20.0276814,49.5730869],[20.0277383,49.572934],[20.0277834,49.5728456],[20.0279145,49.572699],[20.0280321,49.5726174],[20.0283801,49.5724312],[20.0294363,49.5721107],[20.0295421,49.5720937],[20.0304146,49.571991],[20.0307588,49.5719778],[20.0315338,49.5719107],[20.0316392,49.5718319],[20.0318696,49.5716502],[20.0320341,49.5715154],[20.0323362,49.5712923],[20.0325158,49.5711792],[20.0328241,49.5709927],[20.0330026,49.5708912],[20.0338751,49.570266],[20.0351197,49.5707422],[20.036098,49.5707817],[20.0367666,49.5707541],[20.0367326,49.5720105],[20.0365828,49.5725071],[20.0356278,49.5753896],[20.0349129,49.5773974],[20.0343024,49.5791699],[20.0338232,49.5805464],[20.0322985,49.5818999],[20.0311649,49.5822318],[20.0294319,49.5827426],[20.0284289,49.5829964],[20.0269497,49.583238],[20.026508,49.5832775],[20.0264609,49.5831359],[20.0260895,49.5832025],[20.0254071,49.5836155],[20.024763,49.5837787],[20.0233172,49.5842721],[20.0226165,49.5844918]]],[[[20.0604918,49.6209789],[20.0606226,49.6208865],[20.0607529,49.620778],[20.061044,49.6206764],[20.0614656,49.6206613],[20.0619624,49.6205289],[20.062169,49.6204534],[20.0624387,49.6203392],[20.0628458,49.6202779],[20.0629392,49.6202346],[20.0631566,49.6201008],[20.0638817,49.6197217],[20.0643276,49.6195421],[20.0645169,49.6194648],[20.0647924,49.6193624],[20.0651697,49.6190721],[20.0654674,49.6189418],[20.0658423,49.6186793],[20.0651784,49.6182016],[20.0653146,49.6181025],[20.0640009,49.6169729],[20.0635334,49.6171989],[20.0633927,49.6172665],[20.0632102,49.61739],[20.0630452,49.6175018],[20.0623438,49.6169192],[20.0618464,49.6164657],[20.0616876,49.6165337],[20.0610708,49.6159569],[20.0607426,49.6156482],[20.0608159,49.6156157],[20.0614635,49.615468],[20.0616897,49.6154467],[20.0617607,49.6154426],[20.0619755,49.6154299],[20.062106,49.6152318],[20.0620767,49.6149766],[20.0618873,49.6146875],[20.061931,49.6145833],[20.0623572,49.614432],[20.0628775,49.6142469],[20.0629995,49.6142033],[20.0617508,49.6126272],[20.0623727,49.6128342],[20.0628626,49.6129004],[20.0636335,49.6139189],[20.0640948,49.6137423],[20.064402,49.6140654],[20.0647968,49.6138834],[20.0648622,49.6139405],[20.0649514,49.6140177],[20.0658666,49.6143861],[20.0664235,49.614434],[20.0665862,49.6144717],[20.0667187,49.6145462],[20.0668214,49.6145986],[20.0669526,49.6146557],[20.0670153,49.6147161],[20.067112,49.6148083],[20.0673138,49.6148797],[20.0674887,49.6149535],[20.0676845,49.6151017],[20.0678141,49.615193],[20.0679626,49.6153292],[20.0685002,49.6159292],[20.0688554,49.6163181],[20.068935,49.6164433],[20.0689487,49.6165289],[20.0689808,49.6166497],[20.0689726,49.6167952],[20.0689055,49.6169846],[20.0688449,49.6171532],[20.0687972,49.6172408],[20.0686674,49.6173641],[20.068625,49.6174087],[20.0687609,49.6174841],[20.0685348,49.6176277],[20.0680123,49.6180384],[20.0677919,49.6181545],[20.0672033,49.6182108],[20.0669427,49.6183451],[20.0666837,49.6186516],[20.0663073,49.6189057],[20.0664118,49.6191587],[20.0659609,49.6194161],[20.065862,49.6196361],[20.0653898,49.6197097],[20.0647068,49.6200207],[20.0644034,49.6200096],[20.0640756,49.6200867],[20.0637218,49.6201676],[20.0635083,49.6202832],[20.0629693,49.6204496],[20.0625432,49.6205149],[20.0622407,49.6206631],[20.0620321,49.6208765],[20.0616494,49.6209333],[20.0615092,49.6211389],[20.0604918,49.6209789]]],[[[20.0589541,49.6217315],[20.0586154,49.6218775],[20.0583692,49.621533],[20.0582043,49.6212687],[20.0581751,49.6207298],[20.0583564,49.6202146],[20.0584321,49.6202313],[20.0586454,49.6197611],[20.0587414,49.6195973],[20.0592336,49.6191498],[20.059601,49.6187498],[20.0599028,49.6180994],[20.0604281,49.6178461],[20.0609014,49.6182091],[20.0613367,49.6184075],[20.0618071,49.6188253],[20.0615293,49.618953],[20.06118,49.619026],[20.0610372,49.6189087],[20.0605917,49.6187836],[20.0603709,49.6188356],[20.0600124,49.6192208],[20.0596342,49.6197578],[20.0599607,49.6198644],[20.0598238,49.6200793],[20.0598009,49.6202255],[20.0595873,49.6208337],[20.0595288,49.6213095],[20.0593248,49.6215055],[20.0589541,49.6217315]]],[[[20.1581682,49.5935566],[20.1579332,49.5933206],[20.1578121,49.5933255],[20.1576191,49.5931556],[20.1579729,49.593188],[20.1580478,49.5929803],[20.1579589,49.5928346],[20.158521,49.5926008],[20.1584352,49.5937476],[20.1581682,49.5935566]]],[[[20.1591392,49.5890585],[20.1582173,49.5883031],[20.1586407,49.5877703],[20.1588923,49.5877273],[20.1590546,49.5884649],[20.1591392,49.5890585]]],[[[20.2170097,49.6039745],[20.2168335,49.6040513],[20.2167049,49.6039867],[20.2165913,49.6039088],[20.2164834,49.6038291],[20.216409,49.6037485],[20.2163533,49.6036954],[20.2164113,49.6035133],[20.2164671,49.6033697],[20.2165074,49.6032123],[20.2165454,49.6030874],[20.2166542,49.6030674],[20.2167944,49.6030451],[20.2169258,49.6030045],[20.2170625,49.6029442],[20.2171391,49.6029268],[20.2172356,49.6029242],[20.2172734,49.6028551],[20.2172264,49.6027778],[20.2171953,49.6027297],[20.2171783,49.6025782],[20.2173382,49.602318],[20.2175081,49.6017883],[20.2176165,49.6016831],[20.2174536,49.6015526],[20.2173149,49.6014377],[20.2171369,49.6012874],[20.2172638,49.6008808],[20.2173169,49.600668],[20.2173821,49.6004329],[20.2177145,49.6006437],[20.217955,49.6006987],[20.2180871,49.6006609],[20.2182306,49.6005946],[20.2183309,49.60057],[20.2184289,49.6005385],[20.2185562,49.6005011],[20.2187108,49.6004614],[20.218885,49.6002543],[20.2187644,49.6000759],[20.2186857,49.5999016],[20.2186155,49.5997374],[20.2184688,49.5996546],[20.2182176,49.5995915],[20.2179151,49.5994989],[20.2173124,49.5993308],[20.2162207,49.5989553],[20.2161334,49.5985669],[20.2165331,49.5986798],[20.2167035,49.5987005],[20.2169754,49.5986166],[20.2170987,49.5987279],[20.2171405,49.5988931],[20.2172374,49.5989805],[20.2174082,49.5990186],[20.2175847,49.5990586],[20.2177099,49.599093],[20.2179266,49.5991179],[20.2181215,49.5991697],[20.2184311,49.599569],[20.2187575,49.5996543],[20.218881,49.5997775],[20.2188963,49.5999463],[20.2191306,49.6002112],[20.2193427,49.6001544],[20.2189339,49.5994142],[20.2191486,49.5982664],[20.2193001,49.5974841],[20.2194513,49.597282],[20.2201463,49.5971164],[20.2205753,49.5970156],[20.2205703,49.5973703],[20.2204463,49.5978045],[20.2202007,49.5982817],[20.2200016,49.5984227],[20.2197646,49.5985934],[20.219571,49.5987311],[20.2193964,49.5988419],[20.2193414,49.5992052],[20.2195153,49.5996261],[20.2195552,49.6000369],[20.2194338,49.6003426],[20.2193336,49.600527],[20.2190673,49.6008903],[20.2192404,49.6009928],[20.2193987,49.6011268],[20.2193078,49.6013492],[20.2191649,49.6014073],[20.2190057,49.6015566],[20.2198292,49.6009962],[20.2210885,49.6016414],[20.2204151,49.6025647],[20.2199986,49.6031807],[20.2183725,49.6031223],[20.2179963,49.6032748],[20.2175085,49.6036862],[20.217363,49.6037968],[20.217216,49.6038603],[20.217096,49.6039133],[20.2170097,49.6039745]]],[[[20.2434868,49.5583482],[20.243254,49.5583201],[20.2427643,49.5582611],[20.242938,49.5579611],[20.2427159,49.5578617],[20.2421851,49.557683],[20.2417481,49.557573],[20.2411128,49.5574357],[20.2404091,49.5572134],[20.240664,49.5569618],[20.2412299,49.5566621],[20.2416077,49.5562507],[20.2417117,49.5560314],[20.2419375,49.5557675],[20.2419979,49.5557221],[20.2415305,49.5553686],[20.2414321,49.5551664],[20.2414071,49.5551142],[20.2407636,49.554806],[20.2400672,49.5541177],[20.2400582,49.5539892],[20.2400717,49.5539587],[20.240113,49.5538671],[20.2398493,49.5536291],[20.2397164,49.5536205],[20.2391393,49.5530728],[20.2388674,49.5528154],[20.2384659,49.5522071],[20.2376051,49.552126],[20.2373842,49.5520131],[20.2371993,49.5520193],[20.2370275,49.5519096],[20.2364508,49.5517899],[20.235912,49.5515316],[20.2363978,49.5514101],[20.2369919,49.5512782],[20.2373925,49.5511895],[20.237979,49.551046],[20.238753,49.5508491],[20.2394781,49.5506263],[20.2390717,49.550202],[20.238689,49.5498598],[20.2384975,49.5496408],[20.2383254,49.5493591],[20.2390377,49.5493301],[20.2394641,49.5492961],[20.238902,49.5487867],[20.2372698,49.5478187],[20.2372803,49.5475125],[20.2378103,49.5476327],[20.2383366,49.5476695],[20.2386091,49.5476459],[20.2396579,49.5476868],[20.2404616,49.547718],[20.2407396,49.5484194],[20.2411637,49.5491189],[20.2414339,49.5490796],[20.2420039,49.5489851],[20.2421534,49.549333],[20.2425465,49.5496762],[20.2431189,49.5499493],[20.2435075,49.5501017],[20.2436518,49.5506532],[20.2438199,49.5512218],[20.2439162,49.5515994],[20.2439453,49.5521644],[20.2439478,49.5522198],[20.2441449,49.5529637],[20.2439765,49.553559],[20.2438489,49.5539442],[20.2437624,49.5542488],[20.2437607,49.5546472],[20.2438009,49.5548709],[20.2438056,49.5548965],[20.2442056,49.5548983],[20.2450551,49.5549346],[20.2461323,49.5549891],[20.246983,49.5550049],[20.247387,49.5550236],[20.2477384,49.5550334],[20.2476603,49.5552571],[20.2476923,49.5557089],[20.247708,49.5560971],[20.2475157,49.5564796],[20.2473191,49.556658],[20.2470837,49.5572341],[20.246984,49.5577049],[20.2468966,49.5580137],[20.2467492,49.5583456],[20.2465645,49.5583386],[20.2457973,49.5583372],[20.2452815,49.5583349],[20.2451977,49.5583357],[20.2443007,49.5583434],[20.2434868,49.5583482]]],[[[20.2328594,49.5559074],[20.2329051,49.5543816],[20.2328941,49.5538268],[20.2329116,49.5536626],[20.2329716,49.5530984],[20.2331058,49.5523418],[20.2334977,49.5515207],[20.2343815,49.5520101],[20.2343275,49.552133],[20.2342289,49.5527317],[20.234337,49.5537655],[20.2340617,49.5540425],[20.2339603,49.5548022],[20.2342122,49.554973],[20.2341661,49.5555366],[20.2339447,49.555943],[20.2328594,49.5559074]]],[[[20.2157259,49.5381896],[20.2158198,49.5376243],[20.2149961,49.537472],[20.2143973,49.5373424],[20.2145309,49.5369191],[20.2144123,49.536649],[20.2142541,49.5362723],[20.2141252,49.5359957],[20.2141773,49.5357361],[20.2142064,49.5354132],[20.2142594,49.5349606],[20.2146952,49.5350226],[20.2152631,49.5349929],[20.2157946,49.5350228],[20.2159223,49.5355585],[20.2166624,49.5357499],[20.2173605,49.5358768],[20.2178281,49.5359531],[20.2182461,49.5361926],[20.2184855,49.5363631],[20.218641,49.5364738],[20.2188203,49.5366845],[20.2189648,49.5369613],[20.2184147,49.5370102],[20.2179709,49.5370996],[20.2174745,49.537188],[20.2171138,49.537461],[20.2168888,49.5376847],[20.2164937,49.5380467],[20.2157259,49.5381896]]],[[[20.2267636,49.5322295],[20.2261886,49.5319313],[20.2264322,49.5316805],[20.2264431,49.5315294],[20.2264886,49.5314204],[20.2268074,49.5309664],[20.2274801,49.5297875],[20.2279553,49.5294286],[20.2281547,49.5291513],[20.2282486,49.5290522],[20.2284289,49.5288653],[20.2286744,49.5286052],[20.2292188,49.5290704],[20.2296432,49.5295378],[20.2297745,49.5297338],[20.2300081,49.5301486],[20.2293897,49.5302547],[20.2289791,49.5303281],[20.2286196,49.5303946],[20.228277,49.5302836],[20.2281087,49.530624],[20.2285438,49.5307279],[20.2287722,49.5308816],[20.2287988,49.5309605],[20.2286354,49.531018],[20.2285935,49.5310424],[20.2285152,49.5310792],[20.2283564,49.5311235],[20.2282883,49.5311643],[20.2279996,49.5313266],[20.2278338,49.5314243],[20.2274526,49.5317415],[20.2273338,49.5317987],[20.22714,49.531892],[20.2267636,49.5322295]]],[[[20.1918106,49.5280125],[20.1906981,49.5279836],[20.1896503,49.5277729],[20.1897372,49.5276513],[20.1903431,49.5267702],[20.1905219,49.5265752],[20.1908138,49.5261486],[20.1908214,49.5259714],[20.1907286,49.5258538],[20.1904771,49.5255831],[20.1903829,49.525305],[20.1900548,49.5250232],[20.1900119,49.5248219],[20.1898004,49.5245853],[20.1896071,49.5243452],[20.1892171,49.5238631],[20.1891629,49.5238053],[20.1891239,49.5237671],[20.1890907,49.5236446],[20.1890756,49.5235773],[20.1890544,49.5235097],[20.1890322,49.5233991],[20.1890416,49.5232637],[20.1890339,49.523217],[20.189027,49.5231692],[20.1891021,49.5229348],[20.189149,49.5228261],[20.1891734,49.5227651],[20.1892002,49.5227155],[20.1892985,49.5225795],[20.1893063,49.5224862],[20.1893486,49.5224391],[20.1894514,49.522344],[20.1895052,49.5222801],[20.1895635,49.5222106],[20.1896043,49.5221488],[20.1899846,49.5218443],[20.190328,49.5215269],[20.1902898,49.5213487],[20.1906107,49.5209432],[20.1903916,49.5206481],[20.1903558,49.5203401],[20.1902397,49.5200798],[20.1899494,49.5196254],[20.189891,49.5194653],[20.189828,49.5194174],[20.1889186,49.518971],[20.1886867,49.5187186],[20.1884937,49.5185077],[20.188499,49.5182697],[20.1884772,49.5179531],[20.1888086,49.5179563],[20.1892488,49.5178659],[20.1899525,49.5175782],[20.1902088,49.5170193],[20.1910781,49.5167355],[20.1913861,49.5165075],[20.1921906,49.5161813],[20.192631,49.5160296],[20.1932443,49.5158666],[20.1938118,49.5158007],[20.1942521,49.5156077],[20.1943299,49.5156491],[20.1938206,49.5160745],[20.1939891,49.5166322],[20.193901,49.5169199],[20.1938585,49.5171663],[20.193497,49.5177202],[20.1928921,49.518556],[20.1927532,49.5186901],[20.1921454,49.5188391],[20.1915734,49.5191963],[20.1915709,49.5195172],[20.1925971,49.5193439],[20.1931219,49.5193027],[20.1932729,49.5200132],[20.1936103,49.5202111],[20.1940754,49.5207888],[20.1939872,49.5210343],[20.1935702,49.5208931],[20.1931648,49.5212042],[20.1925764,49.5215084],[20.1918257,49.522007],[20.1915118,49.5221774],[20.1914237,49.5222256],[20.1910348,49.5225753],[20.190985,49.5226547],[20.1906595,49.5231712],[20.1910065,49.5234591],[20.1918664,49.5241223],[20.1922329,49.5246144],[20.1923678,49.5246975],[20.1929873,49.5250035],[20.1935223,49.5251603],[20.1939793,49.5254274],[20.1946044,49.5256644],[20.1942908,49.5268096],[20.1937144,49.5274473],[20.1936131,49.5275586],[20.1918106,49.5280125]]],[[[20.1318462,49.4705695],[20.1316697,49.4706112],[20.1315862,49.4704576],[20.1314607,49.470227],[20.1315268,49.4702131],[20.1315825,49.4702015],[20.1316184,49.470194],[20.131712,49.470232],[20.1317839,49.4703547],[20.1318134,49.4704051],[20.1318932,49.4705414],[20.1319019,49.4705564],[20.1318797,49.4705616],[20.1318462,49.4705695]]],[[[20.1476889,49.5843061],[20.1478491,49.5845807],[20.1478082,49.5847313],[20.1473268,49.5845916],[20.1474344,49.5843017],[20.1476889,49.5843061]]],[[[20.1148472,49.5519359],[20.1147326,49.5510058],[20.1155674,49.5504955],[20.1161847,49.5511823],[20.1158711,49.5517216],[20.1158277,49.551764],[20.1156823,49.5519061],[20.1148472,49.5519359]]]]}},{"type":"Feature","properties":{"@id":"relation/1984552","boundary":"national_park","name":"Pieniński Park Narodowy","name:de":"Pieninen-Nationalpark","name:en":"Pieniny National Park","name:pl":"Pieniński Park Narodowy","protect_class":"2","type":"multipolygon","wikidata":"Q625500"},"geometry":{"type":"Polygon","coordinates":[[[20.461249,49.4147882],[20.4597129,49.4174101],[20.4563656,49.4185587],[20.456687,49.4255324],[20.4407501,49.426778],[20.4388485,49.430172],[20.436754,49.4326235],[20.4351539,49.4315979],[20.431992,49.4323875],[20.4303621,49.4332646],[20.4281945,49.4344271],[20.4261582,49.4339461],[20.4265011,49.4325152],[20.4225698,49.4306149],[20.4216494,49.4314423],[20.422249,49.4336401],[20.419823,49.4349974],[20.4165064,49.4357262],[20.4130507,49.4362182],[20.4118446,49.4364395],[20.4078632,49.4360371],[20.4006409,49.4352589],[20.3967401,49.4333982],[20.3950451,49.4310304],[20.3932666,49.4298824],[20.3902387,49.4284534],[20.38809,49.4279335],[20.3860195,49.4283441],[20.3823975,49.427201],[20.3772344,49.4284644],[20.3744146,49.4286989],[20.372229,49.4279206],[20.3693175,49.4266761],[20.3678543,49.4265284],[20.3652886,49.4282793],[20.3622784,49.4275931],[20.3620599,49.4274721],[20.3621589,49.4255233],[20.3593207,49.4256681],[20.3544361,49.4285516],[20.3530074,49.4341458],[20.3510884,49.4382205],[20.346038,49.4388161],[20.3429841,49.4384679],[20.3373788,49.43864],[20.3307157,49.4370035],[20.3276368,49.4331142],[20.3247229,49.432053],[20.324782,49.4304698],[20.3220197,49.4282844],[20.3248017,49.4245797],[20.3280065,49.4214858],[20.3274881,49.4195948],[20.3266791,49.4163675],[20.3314216,49.4139111],[20.3343042,49.4116635],[20.3371534,49.4115237],[20.3394046,49.410873],[20.3404054,49.4108056],[20.3419087,49.4108977],[20.343643,49.4121539],[20.3434503,49.4144892],[20.344304,49.4141187],[20.3479199,49.4129515],[20.3513677,49.4122066],[20.3539736,49.4121804],[20.3563686,49.4121722],[20.3591693,49.4126327],[20.3621357,49.4107858],[20.3670759,49.4083032],[20.372341,49.409414],[20.3781786,49.406895],[20.3887539,49.4072961],[20.3927396,49.4073906],[20.3957035,49.4076825],[20.3982394,49.4087341],[20.4006319,49.4088302],[20.403575,49.4087235],[20.4074992,49.4087639],[20.4119687,49.4057067],[20.4167131,49.4063427],[20.422395,49.4043],[20.426903,49.402723],[20.42897,49.39975],[20.431134,49.395948],[20.434487,49.398058],[20.4340738,49.401453],[20.436529,49.405226],[20.434336,49.408085],[20.429126,49.407858],[20.429235,49.411984],[20.430014,49.416382],[20.43534,49.417941],[20.438246,49.414776],[20.443941,49.413083],[20.450784,49.412599],[20.448057,49.414177],[20.446613,49.416231],[20.453597,49.415049],[20.461249,49.4147882]]]}},{"type":"Feature","properties":{"@id":"relation/2125165","boundary":"national_park","name":"Roztoczański Park Narodowy","name:en":"Roztocze National Park","name:pl":"Roztoczański Park Narodowy","protect_class":"2","short_name":"RPN","start_date":"1974","type":"boundary","wikidata":"Q626392","wikipedia":"pl:Roztoczański Park Narodowy"},"geometry":{"type":"MultiPolygon","coordinates":[[[[23.0489555,50.6649398],[23.0464777,50.6576953],[23.0324422,50.6620452],[23.0262204,50.6544825],[23.0117801,50.6494349],[23.0076399,50.6336549],[23.0116199,50.6050155],[23.0212908,50.6052154],[23.0250861,50.603775],[23.0336955,50.6020219],[23.0346933,50.6022006],[23.0378165,50.6030493],[23.0358745,50.6013216],[23.0329326,50.6007643],[23.0365507,50.5941526],[23.0417611,50.5846393],[23.0409222,50.5790869],[23.0288664,50.5766006],[23.0216892,50.5809029],[23.0143764,50.5947374],[22.9959384,50.5915088],[22.9840048,50.6032465],[22.9736531,50.6071518],[22.9670262,50.6061678],[22.9616653,50.608556],[22.9539457,50.6100803],[22.9403987,50.6057864],[22.9188496,50.6073925],[22.8950224,50.6054273],[22.897642,50.5975417],[22.9086797,50.5973559],[22.9150257,50.5979421],[22.9254859,50.6001537],[22.9344537,50.5981521],[22.9364835,50.5945908],[22.9462806,50.5921717],[22.9563883,50.5909604],[22.9626397,50.5894823],[22.9782759,50.5877567],[22.9844389,50.5769968],[22.9751971,50.5664737],[22.9749607,50.5529887],[22.9829669,50.5471727],[22.9876905,50.5413452],[22.9995995,50.5312722],[23.0047986,50.5290903],[23.0011979,50.5241898],[23.0041745,50.522005],[23.0134665,50.5200312],[23.0234846,50.5242659],[23.0268415,50.5286138],[23.0301933,50.5327505],[23.0328892,50.5415807],[23.0388939,50.548273],[23.0427617,50.5554849],[23.045395,50.560236],[23.0465292,50.5641946],[23.0475385,50.5693647],[23.0546022,50.5675547],[23.0619382,50.5674278],[23.0684449,50.5705516],[23.0664557,50.5752634],[23.0610773,50.5838756],[23.0681058,50.5886053],[23.0713526,50.5899332],[23.0897562,50.5932193],[23.0941096,50.5998465],[23.0980099,50.6025501],[23.1032448,50.6053032],[23.1053145,50.6088297],[23.1044929,50.6105303],[23.1060395,50.6155852],[23.1108723,50.6115649],[23.1155611,50.6179075],[23.1222571,50.6214214],[23.1247236,50.6264903],[23.1209308,50.6338387],[23.1135288,50.6313716],[23.1117873,50.6291954],[23.1090381,50.6287106],[23.1074016,50.6286295],[23.1060909,50.6297836],[23.1032368,50.6295033],[23.0986737,50.6301397],[23.1006159,50.6235271],[23.096492,50.6213371],[23.0870881,50.6190934],[23.0784419,50.6191834],[23.0739983,50.6255542],[23.0730526,50.6301697],[23.0756644,50.6319522],[23.0718101,50.6380752],[23.0783523,50.6490739],[23.0896322,50.6462744],[23.0983412,50.6437161],[23.1095435,50.6492824],[23.09368,50.6569888],[23.0809726,50.6613595],[23.0693313,50.6678744],[23.0489555,50.6649398]]],[[[23.0812864,50.6299171],[23.0813876,50.6296153],[23.081476,50.6293691],[23.0815485,50.6293688],[23.0815814,50.6292729],[23.0817403,50.6288118],[23.0817553,50.6287679],[23.0821268,50.6288395],[23.082366,50.6288856],[23.0823149,50.6290211],[23.0821924,50.6293468],[23.0820997,50.6295929],[23.0819743,50.629937],[23.0812864,50.6299171]]]]}},{"type":"Feature","properties":{"@id":"relation/2226518","boundary":"national_park","hazard":"wild_animals","name":"Tatrzański Park Narodowy","name:de":"Tatra-Nationalpark","name:en":"Tatra National Park","name:hu":"Tátrai Nemzeti Park","name:pl":"Tatrzański Park Narodowy","payment:website":"https://tpn.pl/zwiedzaj/e-bilety","protect_class":"2","short_name":"TPN","short_name:en":"tnp","short_name:pl":"tpn","source:hazard":"signage at NP boundary","species":"Arctos ursus","species:en":"Brown Bear","species:pl":"Niedźwiedź brunatny","type":"boundary","website":"https://tpn.pl/","wikidata":"Q609353","wikipedia":"pl:Tatrzański Park Narodowy (Polska)"},"geometry":{"type":"MultiPolygon","coordinates":[[[[20.0206286,49.3032289],[20.0208357,49.3031763],[20.0213212,49.3029679],[20.0215621,49.3027905],[20.0220239,49.3025651],[20.0221833,49.3025414],[20.0225239,49.302517],[20.0227653,49.3025084],[20.0230059,49.3024893],[20.0232982,49.3031527],[20.0232607,49.3031852],[20.0233781,49.3033749],[20.0234559,49.30352],[20.0242037,49.3035052],[20.0244178,49.3034838],[20.024991,49.3034931],[20.0251004,49.3038581],[20.0254823,49.3043643],[20.0269534,49.3063645],[20.0273303,49.3052352],[20.0274929,49.3048868],[20.0276351,49.3045643],[20.0279658,49.3036776],[20.0299369,49.3045767],[20.0297649,49.305353],[20.029434,49.3068375],[20.0294876,49.3070443],[20.0295726,49.3073707],[20.0295888,49.3074729],[20.0296777,49.3074956],[20.0294196,49.3076176],[20.029233,49.3075729],[20.029054,49.307463],[20.0289409,49.3073979],[20.0285455,49.3076351],[20.028268,49.3079183],[20.0272939,49.3089052],[20.0271095,49.3091023],[20.0266168,49.3095891],[20.0261638,49.3100931],[20.0261333,49.3101167],[20.0260476,49.310203],[20.0255746,49.3106849],[20.0244759,49.3105483],[20.0238428,49.3102661],[20.0234864,49.3100648],[20.0234048,49.3100993],[20.023503,49.3099609],[20.0235852,49.3098433],[20.0235359,49.309742],[20.0232147,49.3094717],[20.0232112,49.3094059],[20.0230943,49.3092747],[20.0229698,49.3091734],[20.0229594,49.3090175],[20.0229897,49.3088457],[20.022788,49.3087466],[20.0226097,49.3086197],[20.0225886,49.3086086],[20.0223659,49.3082987],[20.0222917,49.3081865],[20.0221638,49.3080672],[20.0220195,49.3077798],[20.0219182,49.3077232],[20.0219491,49.3075116],[20.0219996,49.30748],[20.0220233,49.307405],[20.0217431,49.3072778],[20.0215572,49.3072407],[20.0212831,49.3071538],[20.0212533,49.3071222],[20.0213352,49.3070435],[20.0212973,49.3070098],[20.0209536,49.3069231],[20.0209085,49.3068607],[20.0210597,49.3067155],[20.0209697,49.3065966],[20.0206168,49.3064177],[20.0204431,49.3062605],[20.0202914,49.3060713],[20.020324,49.3058913],[20.0203323,49.3058054],[20.0204437,49.305673],[20.0203636,49.3055475],[20.0202824,49.3053702],[20.0201062,49.3049807],[20.0200361,49.3049391],[20.019973,49.304888],[20.0199991,49.3048515],[20.0203277,49.3046753],[20.0203577,49.3046387],[20.0202478,49.304528],[20.0204013,49.3042554],[20.0204837,49.3040747],[20.0205673,49.3038737],[20.0206035,49.3038338],[20.0205311,49.3036988],[20.0205599,49.3036223],[20.0207446,49.3034465],[20.0206286,49.3032289]]],[[[19.8607248,49.28257],[19.8613149,49.282381],[19.8623985,49.2823321],[19.8628706,49.28271],[19.8616582,49.2835008],[19.8606068,49.2834938],[19.8601347,49.282801],[19.8607248,49.28257]]],[[[19.9737385,49.2849194],[19.9738066,49.284932],[19.9738639,49.2849346],[19.9739121,49.2849317],[19.9741171,49.2848953],[19.9743421,49.2848626],[19.9747321,49.2849539],[19.9753403,49.2850927],[19.9756212,49.285168],[19.9754843,49.2854017],[19.9753309,49.2856098],[19.9750907,49.2858975],[19.9748914,49.2860801],[19.9742525,49.2864637],[19.9740075,49.2866113],[19.9736888,49.2867546],[19.9731033,49.2870096],[19.9724753,49.2872763],[19.9716198,49.2867793],[19.9725664,49.2859437],[19.9737385,49.2849194]]],[[[19.9707179,49.2849368],[19.9711203,49.2841993],[19.9711785,49.2840688],[19.9717284,49.2835718],[19.9734724,49.2846304],[19.9734659,49.284659],[19.9734714,49.2847082],[19.973496,49.2847665],[19.9735494,49.2848285],[19.9733371,49.2850086],[19.9729486,49.2853368],[19.9723958,49.2858126],[19.972206,49.2859937],[19.9717788,49.2858006],[19.9714933,49.2856706],[19.9712368,49.2855555],[19.9710435,49.2857961],[19.9709682,49.2859435],[19.9708748,49.2859855],[19.9709446,49.2859164],[19.9709902,49.2858125],[19.9708018,49.2857111],[19.9710008,49.285557],[19.9708183,49.285473],[19.9707841,49.2854022],[19.9705887,49.2850103],[19.9707179,49.2849368]]],[[[20.128367,49.2801431],[20.127925,49.285803],[20.130659,49.291201],[20.1300489,49.2956076],[20.1187703,49.3015692],[20.1046798,49.3014498],[20.1027462,49.3025478],[20.1023168,49.3071801],[20.1012698,49.3102872],[20.0988673,49.3139271],[20.0971609,49.3200042],[20.0944766,49.3228529],[20.0913603,49.3274835],[20.0876417,49.3295624],[20.0814133,49.3310011],[20.0723633,49.332306],[20.063397,49.3289587],[20.0805529,49.3236272],[20.0827426,49.320519],[20.0798394,49.3194235],[20.0854664,49.3101568],[20.0988607,49.30916],[20.0927739,49.3012707],[20.0799937,49.2960329],[20.0739595,49.3004562],[20.0664165,49.3081186],[20.0601658,49.3174265],[20.0523089,49.3230271],[20.0522405,49.3208421],[20.0497217,49.3045746],[20.0356856,49.2971914],[20.0184474,49.2998173],[20.0172243,49.2949726],[20.020195,49.2881177],[20.0074099,49.2843182],[19.9965788,49.2853412],[19.9829218,49.2814012],[19.9769058,49.280188],[19.9570689,49.2778147],[19.9155981,49.2776785],[19.9042914,49.2784628],[19.8878244,49.2762343],[19.8781372,49.2780673],[19.8670237,49.2763899],[19.8477726,49.2780903],[19.8318435,49.2777021],[19.808623,49.27437],[19.792029,49.263549],[19.7846935,49.2462266],[19.7682626,49.2280767],[19.7750795,49.2052502],[19.783829,49.199363],[19.798336,49.200945],[19.814804,49.202954],[19.830806,49.20071],[19.837718,49.196411],[19.851147,49.196252],[19.869438,49.195797],[19.875801,49.201672],[19.884582,49.204705],[19.901927,49.21441],[19.90408,49.225407],[19.9058724,49.2309407],[19.933857,49.235437],[19.9692441,49.2303687],[19.994388,49.22446],[20.008925,49.215732],[20.008597,49.211428],[20.0143985,49.2064019],[20.019937,49.20187],[20.02786,49.200045],[20.038806,49.197662],[20.0465575,49.1911693],[20.057221,49.187625],[20.062762,49.184564],[20.067933,49.181892],[20.071392,49.180247],[20.075071,49.178964],[20.079245,49.17856],[20.084077,49.179457],[20.088001,49.179559],[20.088057,49.182125],[20.0869619,49.1845672],[20.08903,49.187826],[20.084576,49.193278],[20.0871947,49.1993859],[20.097068,49.220315],[20.100034,49.221831],[20.1018166,49.2263541],[20.099649,49.2312],[20.097967,49.236543],[20.100766,49.241141],[20.101363,49.248066],[20.104876,49.254183],[20.111476,49.258703],[20.11393,49.263319],[20.118848,49.266631],[20.124319,49.270417],[20.127071,49.276133],[20.128367,49.2801431]]],[[[19.9794329,49.2813191],[19.9789872,49.2816392],[19.9789076,49.2815496],[19.9788731,49.2815325],[19.9789189,49.2814795],[19.9788726,49.2814464],[19.978876,49.281361],[19.9789281,49.2812749],[19.9790068,49.2812195],[19.9790303,49.2811791],[19.9790772,49.2810988],[19.9789918,49.2810043],[19.9789991,49.2809587],[19.9790497,49.2809103],[19.9791916,49.2807747],[19.979265,49.2807046],[19.9793739,49.2804507],[19.979374,49.2802333],[19.9793461,49.280007],[19.9795097,49.2797948],[19.9795839,49.2797689],[19.9796361,49.2799113],[19.9797146,49.2803596],[19.9796909,49.2805064],[19.9796522,49.2807892],[19.9795888,49.2808255],[19.9795537,49.2809921],[19.9794055,49.2812456],[19.9794329,49.2813191]]],[[[20.0497514,49.3274204],[20.049641,49.3274425],[20.0494535,49.3275652],[20.0491505,49.3276773],[20.0487871,49.3279937],[20.0485246,49.3283414],[20.0485618,49.328361],[20.0483,49.3287435],[20.0478571,49.3291368],[20.0473924,49.3295121],[20.0469565,49.3298151],[20.0467843,49.3298829],[20.0465968,49.3299426],[20.0460437,49.3300959],[20.0455671,49.3302733],[20.0455484,49.3302892],[20.0446791,49.3300502],[20.045039,49.3297504],[20.0448845,49.3295174],[20.0446264,49.3292373],[20.0443333,49.3293427],[20.0440252,49.3293364],[20.0432029,49.3292825],[20.0422485,49.3293383],[20.0424078,49.328842],[20.0459896,49.3287682],[20.0478752,49.3282537],[20.049405,49.3273416],[20.04958,49.3272273],[20.0497514,49.3274204]]],[[[20.0418342,49.3302436],[20.0414207,49.3311471],[20.041184,49.3312209],[20.0408832,49.3313486],[20.0407971,49.3316526],[20.040945,49.3318459],[20.0407284,49.3318532],[20.0406496,49.3319595],[20.0406001,49.3319281],[20.0400885,49.3316155],[20.0396308,49.3314866],[20.0388716,49.3312765],[20.0387238,49.331149],[20.0387786,49.3305902],[20.0398777,49.3307236],[20.0400176,49.330507],[20.0402305,49.3303858],[20.0404531,49.3303325],[20.0418342,49.3302436]]],[[[20.0963533,49.3302193],[20.0963788,49.330453],[20.096383,49.3308729],[20.0962001,49.3313095],[20.0961481,49.3315933],[20.0961709,49.3319352],[20.0962626,49.3322987],[20.0961825,49.3323417],[20.0958477,49.3323341],[20.0958306,49.3321339],[20.0960798,49.3321124],[20.0959551,49.3315761],[20.0960625,49.3310507],[20.0960509,49.3303857],[20.0963533,49.3302193]]],[[[20.0961953,49.3323936],[20.0961924,49.3325195],[20.0958678,49.3325408],[20.095848,49.332389],[20.0961953,49.3323936]]],[[[20.1452773,49.3177235],[20.1469494,49.3186623],[20.1483458,49.3191333],[20.1493818,49.3193397],[20.1498088,49.3193331],[20.1504912,49.3192807],[20.1512261,49.3191143],[20.1513922,49.3191358],[20.151441,49.3193918],[20.1513808,49.3195571],[20.1507632,49.3200538],[20.1505863,49.3202216],[20.1504606,49.3207385],[20.1500785,49.3215531],[20.1497139,49.3224013],[20.1489418,49.324106],[20.1468696,49.3221064],[20.145914,49.3211207],[20.1454361,49.3207912],[20.1413249,49.3189826],[20.1452773,49.3177235]]],[[[20.0399468,49.3334884],[20.0404034,49.3336746],[20.0406195,49.3337028],[20.0410533,49.3338286],[20.0417824,49.334126],[20.0431872,49.3342413],[20.0434666,49.3342139],[20.0435996,49.3341002],[20.0441954,49.3341214],[20.0443555,49.3341741],[20.0441674,49.3339791],[20.0438947,49.3336981],[20.043835,49.3333611],[20.0440084,49.3335434],[20.0444483,49.333773],[20.0452768,49.3341718],[20.0456834,49.3344736],[20.046855,49.3348708],[20.0472367,49.33504],[20.0476207,49.3352029],[20.0475024,49.3353062],[20.0474878,49.3355016],[20.0474951,49.3359592],[20.0472074,49.3365328],[20.0468528,49.3369357],[20.0466642,49.3372342],[20.0461415,49.3380266],[20.0456379,49.3385774],[20.0453647,49.3385051],[20.0449983,49.3391515],[20.044187,49.3390671],[20.0436932,49.3390269],[20.0434791,49.3390201],[20.0415223,49.3391437],[20.0410676,49.3390845],[20.0407933,49.3391751],[20.0404872,49.3389153],[20.0404018,49.3388664],[20.040475,49.3385419],[20.0405019,49.3384768],[20.0403763,49.3382758],[20.0403681,49.3379456],[20.0403179,49.3378497],[20.0401129,49.3375999],[20.0401483,49.3375343],[20.040106,49.3373964],[20.0399521,49.3372681],[20.0399271,49.3371421],[20.0399297,49.3370802],[20.0398599,49.3370095],[20.0395636,49.3367555],[20.0396278,49.3366903],[20.0393034,49.336585],[20.0392339,49.3365497],[20.0391067,49.3362479],[20.0389253,49.3358098],[20.0388947,49.3357327],[20.0387483,49.3352558],[20.0386735,49.3350261],[20.0385921,49.334655],[20.0386121,49.3345054],[20.0385658,49.3343846],[20.0385682,49.3339476],[20.0385658,49.3337887],[20.0384606,49.3335275],[20.0384761,49.3332671],[20.0385219,49.3331023],[20.0384385,49.3329145],[20.0382878,49.3326733],[20.0387145,49.332883],[20.039585,49.3329323],[20.0399047,49.33295],[20.0408359,49.3332517],[20.0413172,49.3332884],[20.0426306,49.3330308],[20.0428037,49.3328036],[20.0424965,49.333258],[20.042138,49.3334344],[20.0419429,49.3335568],[20.0418917,49.3335043],[20.041743,49.3335425],[20.0415382,49.33349],[20.041348,49.3335091],[20.0411651,49.3336203],[20.0410432,49.3335425],[20.0405287,49.3335123],[20.0403458,49.3333804],[20.0397956,49.3331655],[20.0388682,49.3330419],[20.0389169,49.3334058],[20.039088,49.334434],[20.038771,49.3348034],[20.0388627,49.3350591],[20.0389255,49.3352077],[20.0393773,49.3353077],[20.0396941,49.3350205],[20.0396726,49.3344207],[20.0398895,49.3341731],[20.0399174,49.333935],[20.0399468,49.3334884]]],[[[20.1187654,49.3068799],[20.1192196,49.3070994],[20.1196859,49.3073254],[20.120443,49.3073986],[20.1201237,49.3085724],[20.1200686,49.3087723],[20.1198228,49.3097532],[20.1197377,49.3101509],[20.1196631,49.3105379],[20.1194991,49.3113643],[20.1190096,49.3110333],[20.1182834,49.3113145],[20.1173335,49.3117135],[20.1168232,49.3119167],[20.1167077,49.3119634],[20.1163159,49.3121167],[20.1159972,49.3122253],[20.1153232,49.3124239],[20.1151104,49.3124959],[20.1147594,49.3121928],[20.1143247,49.31245],[20.114118,49.3126341],[20.1137114,49.3130038],[20.1134956,49.313196],[20.1136441,49.3135872],[20.1123791,49.3135606],[20.1127233,49.3143285],[20.1128853,49.3145515],[20.11306,49.3147765],[20.113403,49.3152093],[20.1135895,49.3155317],[20.1138997,49.31593],[20.114031,49.3164443],[20.1141521,49.3169443],[20.1137448,49.3169156],[20.1136588,49.3164439],[20.1132617,49.316096],[20.1131908,49.3159076],[20.1130034,49.3157488],[20.1127754,49.3156613],[20.1127087,49.3154042],[20.112485,49.3149376],[20.1115207,49.314522],[20.1102653,49.31424],[20.110624,49.3135347],[20.1111672,49.3136838],[20.1117348,49.3138443],[20.1116652,49.3133654],[20.1115635,49.3128757],[20.111329,49.3128118],[20.11123,49.3126133],[20.1113052,49.3122157],[20.110817,49.3117711],[20.1112476,49.3113083],[20.1112078,49.3110173],[20.1116144,49.310748],[20.1121015,49.310581],[20.1123471,49.3104677],[20.1125229,49.3103007],[20.1127431,49.3098989],[20.1127537,49.3101695],[20.1128847,49.3103231],[20.1126097,49.310719],[20.1126777,49.3109812],[20.113783,49.310719],[20.1146936,49.3104843],[20.1149753,49.310436],[20.1154518,49.3101212],[20.1156699,49.3099224],[20.1158901,49.3097442],[20.1163095,49.3094571],[20.1167796,49.3092389],[20.1174891,49.309],[20.1181348,49.3083708],[20.118652,49.3070685],[20.1187654,49.3068799]]],[[[20.1170995,49.301764],[20.1174045,49.3017645],[20.1176815,49.3020179],[20.1176474,49.3020609],[20.1175705,49.3021351],[20.1171043,49.3025003],[20.1166909,49.3027159],[20.1162845,49.3028157],[20.1160723,49.3028664],[20.11596,49.302944],[20.1159183,49.3030062],[20.1152401,49.3027244],[20.1148377,49.3025349],[20.1147807,49.3024412],[20.1148745,49.3023055],[20.1151624,49.3021246],[20.1170995,49.301764]]],[[[20.1171236,49.303212],[20.1169549,49.3035046],[20.1167277,49.3038158],[20.1164857,49.3044342],[20.1164495,49.3046968],[20.1165639,49.3052908],[20.1159862,49.3064714],[20.1166332,49.3068576],[20.1171546,49.3068898],[20.1170593,49.3072025],[20.1165403,49.3078182],[20.1163651,49.3083217],[20.1161742,49.3084897],[20.1156289,49.308047],[20.1144422,49.3070831],[20.1143544,49.3069061],[20.1143195,49.3060709],[20.1143134,49.3057903],[20.1144236,49.3056603],[20.1147386,49.3054996],[20.1151162,49.3053076],[20.1151299,49.3051827],[20.1164072,49.3039234],[20.1167759,49.3035691],[20.1168618,49.3033936],[20.1171236,49.303212]]]]}},{"type":"Feature","properties":{"@id":"relation/2924964","boundary":"national_park","gid":"44118","kodinspire":"PL.ZIPOP.1393.PN.24","name":"Słowiński Park Narodowy","name:csb":"Słowińsczi Nôrodny Park","name:de":"Slowinzischer Nationalpark","name:en":"Słowiński National Park","name:pl":"Słowiński Park Narodowy","note":"Rozporządzenie Rady Ministrów z dnia 2 marca 2004 r. w sprawie Słowińskiego Parku Narodowego (Dz.U. 2004 nr 43 poz. 390)","protect_class":"2","protection_title":"National Park","ramsar":"yes","source":"GDOŚ","type":"boundary","url":"http://isap.sejm.gov.pl/DetailsServlet?id=WDU20040430390","website":"https://slowinskipn.pl/","wikidata":"Q1572525","wikipedia":"pl:Słowiński Park Narodowy"},"geometry":{"type":"MultiPolygon","coordinates":[[[[17.5337692,54.7308888],[17.5383244,54.7389815],[17.5380279,54.7485935],[17.5392592,54.7554005],[17.4765222,54.790625],[17.0563148,54.6680592],[17.0599264,54.6656914],[17.0642027,54.6635577],[17.0666279,54.6580935],[17.0655501,54.6540882],[17.0606188,54.6507538],[17.0550005,54.6462821],[17.0572791,54.6422097],[17.05894,54.6399578],[17.0686282,54.6367345],[17.0836318,54.6329484],[17.1001107,54.6239164],[17.1117156,54.6259968],[17.1172969,54.6304336],[17.1207997,54.6317038],[17.1263998,54.6341039],[17.134201,54.6340899],[17.1419232,54.6328528],[17.1522798,54.6358501],[17.1586889,54.6359363],[17.1631542,54.6376278],[17.1659085,54.6389466],[17.1709116,54.6418059],[17.1719126,54.6524118],[17.1661751,54.6607958],[17.1692378,54.6636945],[17.1826519,54.6674563],[17.1928415,54.6713961],[17.2043473,54.6710171],[17.2137167,54.6711518],[17.2064858,54.6724951],[17.1972069,54.673171],[17.1945734,54.6745846],[17.1980961,54.6777675],[17.204664,54.6788953],[17.2118881,54.6787658],[17.2219561,54.6778817],[17.2328129,54.6832363],[17.2267886,54.6860511],[17.2193691,54.6873119],[17.2181325,54.6883894],[17.2146716,54.6909224],[17.211236,54.6945719],[17.2109437,54.6991451],[17.2218868,54.6994167],[17.2313307,54.7009558],[17.2386153,54.7043022],[17.2500126,54.705581],[17.2678808,54.7126325],[17.2861271,54.7083621],[17.2989026,54.702749],[17.2929718,54.7006922],[17.2985023,54.6990155],[17.3027425,54.694673],[17.2969689,54.6885144],[17.2919214,54.6826941],[17.2931797,54.672305],[17.2975272,54.6660843],[17.3115362,54.6614085],[17.3123892,54.6596078],[17.3176585,54.659272],[17.3216352,54.6582988],[17.3246901,54.657981],[17.3281721,54.6586017],[17.3299403,54.6560743],[17.3582581,54.6648403],[17.3618116,54.6680382],[17.3709169,54.6639275],[17.3734986,54.6673768],[17.3824217,54.6679131],[17.3952502,54.6699979],[17.4025008,54.6764044],[17.4162484,54.6809069],[17.4235225,54.6800712],[17.4302722,54.6809381],[17.4346776,54.6820056],[17.4389916,54.6835358],[17.4432636,54.6883881],[17.4504511,54.691539],[17.4592879,54.6868818],[17.4693383,54.679466],[17.4792703,54.6770474],[17.4845153,54.6801427],[17.4972723,54.6877025],[17.5078656,54.6899012],[17.5197574,54.6901674],[17.5378971,54.6917208],[17.5339425,54.7089292],[17.5261546,54.716233],[17.5240219,54.7194115],[17.521869,54.7225926],[17.5234923,54.7229541],[17.5253534,54.7264185],[17.5272501,54.7305834],[17.5337692,54.7308888]]],[[[17.2265273,54.6730791],[17.2262913,54.6733004],[17.2243249,54.6731368],[17.2220638,54.6729441],[17.2221515,54.6728281],[17.2223724,54.6726714],[17.2242194,54.6713583],[17.2253996,54.671455],[17.2257519,54.6709621],[17.2260248,54.6709831],[17.2262048,54.6709972],[17.2276717,54.6711141],[17.2280757,54.6704297],[17.229704,54.6705705],[17.2297459,54.670574],[17.227823,54.6698489],[17.2268452,54.6695973],[17.2238398,54.669334],[17.2236692,54.669319],[17.2236569,54.6693181],[17.2230769,54.6692671],[17.2199306,54.6689986],[17.2187025,54.6688965],[17.218723,54.6683781],[17.2188219,54.6680141],[17.2189543,54.6675287],[17.220037,54.6676778],[17.2202895,54.666761],[17.2203139,54.6666765],[17.2213683,54.6667726],[17.2231963,54.666905],[17.2233486,54.6660792],[17.223716,54.6661181],[17.2268951,54.6664609],[17.2295394,54.666768],[17.2297466,54.6669634],[17.2303151,54.6675032],[17.230311,54.6676002],[17.2325486,54.6677839],[17.2345213,54.6688493],[17.2355476,54.6694368],[17.2359612,54.6696669],[17.2360327,54.6697072],[17.2366064,54.6700268],[17.2353461,54.6702907],[17.2351898,54.6703241],[17.2343165,54.6705072],[17.2334637,54.670171],[17.2321079,54.6713989],[17.2320586,54.6714448],[17.2309124,54.671013],[17.2306968,54.6712829],[17.2300886,54.6720387],[17.2286541,54.6716414],[17.2285936,54.6716254],[17.2282512,54.6719512],[17.2282034,54.6719962],[17.2280277,54.6721636],[17.2276368,54.6721409],[17.227533,54.6721348],[17.2265273,54.6730791]]],[[[17.2006183,54.6621525],[17.199867,54.661894],[17.1998666,54.661797],[17.1982095,54.6616981],[17.1974037,54.6617281],[17.1972937,54.6617318],[17.1972254,54.6610339],[17.1971474,54.6602435],[17.196959,54.6590282],[17.1969398,54.6589087],[17.196852,54.6583357],[17.1970026,54.6584155],[17.1970554,54.6584433],[17.199426,54.6596991],[17.2004797,54.6600172],[17.2008971,54.6601442],[17.2011671,54.6602273],[17.2014171,54.6603033],[17.2016482,54.6603748],[17.2021821,54.6605383],[17.2020463,54.6606769],[17.20196,54.660766],[17.2010778,54.6616702],[17.2006183,54.6621525]]],[[[17.196591,54.6581969],[17.1966733,54.6582444],[17.1967784,54.6588479],[17.1967959,54.6589522],[17.1970156,54.6602212],[17.1971653,54.6617841],[17.1965346,54.6617744],[17.1959394,54.6600584],[17.1954853,54.6590278],[17.194268,54.6588518],[17.1941883,54.6587108],[17.1945176,54.6585083],[17.1954091,54.6579607],[17.1954972,54.6579066],[17.1957784,54.6577337],[17.196591,54.6581969]]],[[[17.2035419,54.6642779],[17.203474,54.6643382],[17.2035488,54.6644234],[17.2016528,54.6653096],[17.20146,54.6651508],[17.2010526,54.6648865],[17.1989797,54.6647064],[17.1987978,54.66458],[17.1990109,54.6644144],[17.1986612,54.6641939],[17.1982011,54.6639045],[17.1981218,54.6638516],[17.197822,54.6640281],[17.1975683,54.6631248],[17.1974437,54.6626785],[17.1973763,54.6624863],[17.199065,54.6624011],[17.1991576,54.6626516],[17.1991066,54.662675],[17.1992741,54.6630475],[17.199343,54.6632011],[17.1993834,54.6631939],[17.2004951,54.6629801],[17.2002928,54.6624962],[17.2002146,54.6623085],[17.200662,54.6622126],[17.200699,54.6621865],[17.200972,54.6619031],[17.2027596,54.6624069],[17.2033164,54.6621482],[17.20344,54.6620815],[17.2038007,54.6610317],[17.2041422,54.6611344],[17.2061737,54.6617519],[17.2055864,54.6617745],[17.2058084,54.6618451],[17.2058456,54.6618576],[17.2076183,54.6624467],[17.2062879,54.6635934],[17.2063129,54.6636267],[17.203824,54.6642774],[17.2036642,54.6642616],[17.2035419,54.6642779]]],[[[17.2281883,54.6587389],[17.2283291,54.6589928],[17.2283402,54.6593405],[17.2284479,54.6594706],[17.2284493,54.6597275],[17.2282709,54.6599893],[17.227574,54.6597929],[17.2268199,54.6595813],[17.2262088,54.6591961],[17.2281773,54.6587173],[17.2281883,54.6587389]]],[[[17.2372723,54.6621244],[17.2368365,54.6626328],[17.2374186,54.6628015],[17.2366472,54.6636923],[17.2354739,54.6634124],[17.2341301,54.6630924],[17.2335637,54.6629577],[17.232423,54.6623849],[17.2317659,54.6631365],[17.2314211,54.663056],[17.2313459,54.6628697],[17.2303354,54.6626411],[17.2307416,54.6620978],[17.2280747,54.6614259],[17.2282381,54.6612104],[17.2252027,54.6603155],[17.2253875,54.6600941],[17.2282778,54.6610017],[17.2294981,54.6596771],[17.2303564,54.659946],[17.2317737,54.6603899],[17.234346,54.6611991],[17.2372723,54.6621244]]],[[[17.2154911,54.6572347],[17.2156323,54.6582047],[17.2141164,54.6590455],[17.2138281,54.6596434],[17.2127182,54.6602229],[17.2114549,54.660755],[17.2105394,54.6611527],[17.2089063,54.6615292],[17.2056141,54.6613926],[17.2012857,54.6600807],[17.1976757,54.6585258],[17.1952756,54.6572259],[17.1937208,54.6557011],[17.1919188,54.654332],[17.190764,54.6531972],[17.1896717,54.651784],[17.188861,54.6499453],[17.1877273,54.6482337],[17.1864351,54.6471261],[17.1845956,54.6466086],[17.1822275,54.6456264],[17.1808678,54.6438837],[17.1818935,54.643576],[17.1825001,54.640879],[17.1848133,54.6403169],[17.1878733,54.6386995],[17.1925623,54.6382024],[17.1946936,54.6372055],[17.1973281,54.6368601],[17.1997631,54.636249],[17.2021165,54.6377608],[17.2042205,54.6385598],[17.2026364,54.635019],[17.2044239,54.6328206],[17.2035825,54.6317519],[17.2025247,54.6307465],[17.20713,54.6303896],[17.2084961,54.6310935],[17.2074232,54.6324222],[17.2074158,54.6331454],[17.2081455,54.6341576],[17.208414,54.6349127],[17.2091593,54.635932],[17.209254,54.6363146],[17.2080684,54.6364351],[17.2077713,54.6374751],[17.2094189,54.6383573],[17.2080442,54.6388114],[17.2091097,54.6391008],[17.2101387,54.6395482],[17.2116033,54.6381629],[17.2182688,54.6380163],[17.2221516,54.6387114],[17.2300993,54.638706],[17.237477,54.6410399],[17.2384823,54.6440943],[17.234392,54.64647],[17.2350394,54.6470178],[17.2371338,54.6467228],[17.2386328,54.6468915],[17.2416062,54.6470081],[17.2434854,54.647813],[17.2457586,54.6508694],[17.2476824,54.6513167],[17.2443399,54.6523042],[17.2416975,54.652975],[17.2390102,54.653706],[17.2374709,54.6541114],[17.2369082,54.6549147],[17.2387591,54.6558886],[17.2376271,54.6562798],[17.2346684,54.6595392],[17.2313868,54.6582102],[17.2277544,54.6567102],[17.2241843,54.6567067],[17.223559,54.6544834],[17.2236476,54.6536576],[17.2246389,54.6524314],[17.2228052,54.652847],[17.2192218,54.6559365],[17.2192262,54.6577054],[17.2185441,54.6576437],[17.2184987,54.6581325],[17.2180557,54.6584862],[17.2182367,54.6587177],[17.2182226,54.6590097],[17.2179431,54.6594872],[17.2171983,54.6596062],[17.2167822,54.6597687],[17.2163725,54.6599679],[17.2160197,54.6600484],[17.2163161,54.6595233],[17.2169339,54.6594144],[17.2175075,54.6591556],[17.217659,54.6584996],[17.2170583,54.6579947],[17.2171583,54.6575365],[17.2157619,54.6565515],[17.2145323,54.6570216],[17.2154911,54.6572347]]],[[[17.2183174,54.6614819],[17.2183441,54.6615609],[17.2181423,54.6617742],[17.2177292,54.6616383],[17.2178722,54.6614063],[17.2183174,54.6614819]]],[[[17.2193385,54.6644645],[17.2191063,54.6648244],[17.218796,54.664762],[17.2190066,54.6644148],[17.2193385,54.6644645]]],[[[17.2179081,54.6641984],[17.2180898,54.664243],[17.217893,54.664573],[17.2174478,54.6644714],[17.2171717,54.6644423],[17.2168973,54.664414],[17.2166227,54.6643857],[17.2162615,54.6643476],[17.2164696,54.6641362],[17.2167009,54.6639032],[17.2179081,54.6641984]]],[[[17.2150101,54.6623473],[17.2148276,54.6624357],[17.2147966,54.6624501],[17.2146885,54.6625059],[17.2145988,54.662551],[17.2145385,54.6625816],[17.2144658,54.6626177],[17.2143685,54.6626655],[17.2136895,54.6623207],[17.213651,54.6623478],[17.2135283,54.6622887],[17.2132937,54.6622082],[17.2130608,54.6621143],[17.2133642,54.6620491],[17.2136139,54.6620685],[17.2138432,54.66206],[17.2141017,54.6619994],[17.2142656,54.6619182],[17.2143832,54.6618758],[17.2145267,54.6617857],[17.214672,54.661693],[17.2147599,54.6616119],[17.2150306,54.6615064],[17.2153896,54.6614088],[17.2154051,54.6614168],[17.2154657,54.6614437],[17.2156738,54.6615232],[17.2157666,54.6617989],[17.2157419,54.661825],[17.2156971,54.6618574],[17.2156154,54.661925],[17.2155196,54.6619898],[17.2154841,54.662015],[17.2153884,54.6620826],[17.2151135,54.6622779],[17.2150101,54.6623473]]],[[[17.2121245,54.6648685],[17.2127461,54.6651819],[17.2124989,54.665362],[17.2118604,54.6650441],[17.2110897,54.6646618],[17.2111315,54.6646366],[17.2111067,54.6646169],[17.2113073,54.6644584],[17.2121245,54.6648685]]],[[[17.2111212,54.6644228],[17.2108464,54.6646505],[17.2104004,54.6644033],[17.2101595,54.6642689],[17.210084,54.6643419],[17.2096281,54.6639931],[17.2096931,54.6639651],[17.2103449,54.6641528],[17.2105732,54.6642512],[17.2106866,54.6642996],[17.2107206,54.6642806],[17.2111212,54.6644228]]],[[[17.5328447,54.7243868],[17.5329361,54.7247422],[17.532276,54.724834],[17.5323368,54.7243576],[17.5328447,54.7243868]]],[[[17.5343599,54.7249014],[17.5344648,54.7250923],[17.5345014,54.7251586],[17.5345109,54.7251747],[17.5345141,54.7251829],[17.5350879,54.7262314],[17.5349713,54.7262211],[17.5347506,54.7261997],[17.5343746,54.7261635],[17.5343233,54.7261584],[17.5342222,54.7261489],[17.5341709,54.7261438],[17.5337358,54.7261016],[17.5334022,54.7253808],[17.5331503,54.7248616],[17.5342376,54.7246846],[17.5343599,54.7249014]]],[[[17.2831186,54.6992882],[17.2832393,54.7006246],[17.2828219,54.7006202],[17.2813481,54.7006029],[17.2801164,54.7005894],[17.2815306,54.6993609],[17.2820011,54.6989592],[17.2826489,54.698407],[17.2829049,54.6981872],[17.2829608,54.6981862],[17.2829762,54.6981852],[17.2830289,54.6981843],[17.2831186,54.6992882]]],[[[17.2822022,54.6965681],[17.2815448,54.697044],[17.2808485,54.6975468],[17.2794747,54.698539],[17.2778502,54.698707],[17.2773787,54.6984807],[17.2776965,54.698206],[17.2791183,54.6976728],[17.2806616,54.6964782],[17.2818355,54.6964567],[17.2826396,54.6963165],[17.2829063,54.6963213],[17.2831314,54.6963486],[17.2848085,54.6966306],[17.2846389,54.6967854],[17.2833469,54.6965467],[17.2829323,54.6964875],[17.2822022,54.6965681]]],[[[17.2478371,54.6993812],[17.2484951,54.6997114],[17.2481036,54.6998747],[17.2477715,54.7001072],[17.2476543,54.700217],[17.2476064,54.7002603],[17.2474772,54.7004447],[17.2464883,54.7003154],[17.2458426,54.7002313],[17.2460516,54.6996488],[17.2462568,54.6991687],[17.2478371,54.6993812]]],[[[17.2311063,54.6910571],[17.2295947,54.6911461],[17.2281802,54.6911109],[17.2274216,54.6910674],[17.2274253,54.6908913],[17.228226,54.6906787],[17.2293444,54.6907368],[17.2294117,54.6905634],[17.2303906,54.6906218],[17.2311133,54.690634],[17.2311063,54.6910571]]],[[[17.2525367,54.6917825],[17.2516966,54.6918488],[17.2507745,54.6919513],[17.2505708,54.6915942],[17.2497049,54.6915069],[17.2496445,54.6912698],[17.2503951,54.6912531],[17.2504365,54.6914579],[17.2511603,54.6913864],[17.2511139,54.6908573],[17.2497878,54.690842],[17.2509541,54.6903222],[17.2512928,54.6901724],[17.2515078,54.6903481],[17.2521157,54.6900917],[17.2522137,54.690662],[17.2526572,54.6906467],[17.2528635,54.6909257],[17.2530118,54.6913485],[17.2525162,54.6914528],[17.2525367,54.6917825]]],[[[17.2564034,54.6931447],[17.2553861,54.6931531],[17.2552256,54.6932666],[17.2546268,54.6932543],[17.2537375,54.6931357],[17.2538047,54.692973],[17.2544766,54.693039],[17.2546493,54.6928581],[17.2548496,54.6926475],[17.2539214,54.6925263],[17.2540006,54.6922853],[17.2534377,54.6923036],[17.2533562,54.6926558],[17.2530923,54.6926241],[17.2529032,54.6918599],[17.2534178,54.691814],[17.2542397,54.6918114],[17.2542407,54.6917036],[17.2542476,54.6913047],[17.2542523,54.6910604],[17.2545297,54.6907786],[17.2549169,54.6906745],[17.2551201,54.6904289],[17.2547304,54.6901008],[17.2530888,54.6899379],[17.2530151,54.6898177],[17.2526922,54.6897573],[17.2527003,54.6895551],[17.2531183,54.6894384],[17.2537269,54.6893042],[17.2536847,54.6894947],[17.2554691,54.6899314],[17.2551851,54.69093],[17.2551395,54.6910909],[17.2557852,54.6911588],[17.2560179,54.6911835],[17.2561234,54.691195],[17.2561054,54.6912848],[17.2560708,54.6914735],[17.2562336,54.6914687],[17.2567453,54.6914533],[17.2566559,54.6917876],[17.2566315,54.6918749],[17.2561352,54.6918776],[17.2558154,54.6920616],[17.2564034,54.6931447]]],[[[17.2559085,54.6882173],[17.2551491,54.6882808],[17.255101,54.6882853],[17.255137,54.6883356],[17.2551417,54.6883428],[17.2554999,54.688865],[17.2543736,54.6890442],[17.2542837,54.6890587],[17.253142,54.6892605],[17.2521739,54.6891977],[17.2513181,54.6889469],[17.251334,54.688761],[17.2513354,54.6887457],[17.2513543,54.6885264],[17.2532564,54.6884059],[17.2533753,54.6883356],[17.2533316,54.6882728],[17.2518133,54.686179],[17.2527108,54.6861072],[17.2527898,54.6861016],[17.2536888,54.6860297],[17.2537368,54.686026],[17.2546125,54.6859569],[17.2559085,54.6882173]]],[[[17.2505082,54.6846723],[17.2496143,54.6848188],[17.2495818,54.6848233],[17.2488956,54.6849361],[17.2488491,54.6849433],[17.2482093,54.6850488],[17.2480803,54.6844597],[17.2486965,54.6843085],[17.2487429,54.6842967],[17.2493267,54.6841528],[17.2494134,54.6841319],[17.2494474,54.6841238],[17.2500048,54.6839861],[17.2505082,54.6846723]]],[[[17.2566636,54.6776886],[17.2567907,54.6776928],[17.2573567,54.6777115],[17.256786,54.6784502],[17.2564891,54.6788344],[17.2559245,54.6795668],[17.2553877,54.6802623],[17.255343,54.6803199],[17.255283,54.6803964],[17.2552523,54.680436],[17.2533611,54.6818008],[17.2531604,54.6819467],[17.2529975,54.6819165],[17.252833,54.6818864],[17.2523642,54.6818001],[17.2521652,54.68093],[17.2522361,54.6808544],[17.2525832,54.6808268],[17.2533193,54.6807678],[17.2535053,54.680753],[17.2539795,54.6807153],[17.2544938,54.6798581],[17.2545198,54.6798149],[17.2545275,54.6798032],[17.2545505,54.6797646],[17.2545904,54.6796962],[17.2552597,54.6785817],[17.2558123,54.6776616],[17.2566636,54.6776886]]],[[[17.2185076,54.6595707],[17.2184336,54.6596517],[17.2183294,54.6595989],[17.2184021,54.6595565],[17.2184652,54.6594693],[17.2185404,54.6593344],[17.218534,54.6592958],[17.2185633,54.6592616],[17.2186093,54.6591663],[17.2186211,54.6590531],[17.2186159,54.6589614],[17.2186078,54.6588923],[17.2187025,54.6589029],[17.2187304,54.6589199],[17.2187597,54.6588803],[17.2187302,54.6588714],[17.2186493,54.6588042],[17.2186011,54.6587666],[17.2185855,54.6587549],[17.2185278,54.6586984],[17.21852,54.6586903],[17.2184734,54.658649],[17.2184561,54.6586132],[17.2184139,54.6585522],[17.2183874,54.6584992],[17.2184166,54.6584425],[17.2184766,54.6583931],[17.2185446,54.6583426],[17.2186265,54.658294],[17.2186559,54.6582768],[17.2188119,54.6581849],[17.2189679,54.6580921],[17.2190285,54.6581172],[17.2190485,54.6580965],[17.219019,54.6580759],[17.2191503,54.6579894],[17.2185076,54.6595707]]],[[[17.2158844,54.6596668],[17.2155629,54.659821],[17.2155088,54.659831],[17.2149143,54.6599398],[17.2148661,54.6599327],[17.2148056,54.6598942],[17.2149876,54.6597232],[17.2152251,54.659508],[17.2152774,54.6594352],[17.2155149,54.6595246],[17.2155305,54.6595309],[17.2156376,54.6595757],[17.2156594,54.6595828],[17.2156903,54.6595917],[17.2157618,54.6596294],[17.215799,54.6596068],[17.2158844,54.6596668]]],[[[17.1722019,54.6394684],[17.1719839,54.639555],[17.1716218,54.6392626],[17.171795,54.6391833],[17.1722019,54.6394684]]],[[[17.0534427,54.6679587],[17.0541836,54.6680259],[17.0539933,54.6683179],[17.053364,54.668267],[17.0534427,54.6679587]]],[[[17.2468552,54.646812],[17.2468286,54.6475613],[17.2464678,54.6475854],[17.2462526,54.6475993],[17.246043,54.646721],[17.2458162,54.6463451],[17.2458384,54.6461599],[17.2458605,54.6459749],[17.2455118,54.6454212],[17.2452493,54.6450292],[17.2439585,54.6441333],[17.243626,54.6437161],[17.2432974,54.642848],[17.2438916,54.6419179],[17.2498154,54.6422864],[17.2529921,54.6422387],[17.2535002,54.643022],[17.2536012,54.6441125],[17.2559533,54.6465271],[17.2549276,54.6470269],[17.2537652,54.6472026],[17.2525561,54.6475976],[17.2524253,54.6474793],[17.2518238,54.64767],[17.2514985,54.6474182],[17.2500619,54.6470707],[17.2499536,54.6470736],[17.2487633,54.6469888],[17.2487602,54.6472628],[17.2479522,54.6471135],[17.2475396,54.6467666],[17.2468552,54.646812]]]]}},{"type":"Feature","properties":{"@id":"relation/3425382","boundary":"national_park","gid":"2504","kodinspire":"PL.ZIPOP.1393.PN.3","name":"Park Narodowy Bory Tucholskie","name:de":"Nationalpark Tucheler Heide","name:en":"Bory Tucholskie National Park","name:pl":"Park Narodowy Bory Tucholskie","protect_class":"2","ref:ckkp":"PM00504","short_name":"Bory Tucholskie","short_name:de":"Tucheler Heide","short_name:pl":"Bory Tucholskie","start_date":"1996-07-01","type":"boundary","website":"https://park.borytucholskie.info/","wikidata":"Q1619225","wikipedia":"pl:Park Narodowy „Bory Tucholskie”"},"geometry":{"type":"MultiPolygon","coordinates":[[[[17.5124511,53.8053811],[17.5106799,53.8046286],[17.5076968,53.8037469],[17.5075772,53.8030412],[17.5089418,53.8016374],[17.5110061,53.8003003],[17.5121262,53.7988582],[17.5129404,53.7972005],[17.5136354,53.7961838],[17.5138103,53.7953271],[17.5139161,53.7935845],[17.5142946,53.792314],[17.5143716,53.7914989],[17.5150568,53.79121],[17.5152415,53.7903035],[17.5153931,53.7897653],[17.5188708,53.7888415],[17.5196143,53.7892858],[17.5202188,53.7898119],[17.5183988,53.7915255],[17.5180106,53.7939837],[17.5460415,53.776913],[17.5739261,53.7779842],[17.5801223,53.7727073],[17.5937052,53.7730647],[17.6109264,53.7897846],[17.6183911,53.7996193],[17.6100935,53.8037056],[17.611676,53.8102272],[17.6113369,53.8244189],[17.6113089,53.8409632],[17.6083387,53.8418422],[17.6043803,53.8426313],[17.6029101,53.842927],[17.6007981,53.8433508],[17.5973886,53.8443756],[17.5938283,53.8458768],[17.5928495,53.8463316],[17.5900491,53.8464581],[17.5848986,53.8475781],[17.5830844,53.8492131],[17.5811468,53.8507699],[17.579484,53.8519308],[17.57892,53.8521715],[17.5775757,53.8517684],[17.5753568,53.852162],[17.5718076,53.8515357],[17.5679101,53.8518473],[17.5608423,53.8537838],[17.5424609,53.8546959],[17.5245736,53.8545031],[17.5282713,53.8526395],[17.5302146,53.8514224],[17.5309594,53.8503193],[17.5304332,53.8490348],[17.530839,53.8453111],[17.533381,53.8389364],[17.5301202,53.8376706],[17.5246066,53.8370379],[17.5199545,53.8355377],[17.5189766,53.8347548],[17.519879,53.8320894],[17.5192912,53.8303954],[17.5188213,53.8288979],[17.5181883,53.8275769],[17.5185062,53.8254039],[17.5184743,53.8228912],[17.5175461,53.8200503],[17.5188935,53.8190994],[17.5240688,53.8188468],[17.5268724,53.8188653],[17.5263005,53.8171279],[17.5252059,53.8176094],[17.5251698,53.8161196],[17.5245817,53.8150061],[17.5226144,53.8159621],[17.5207728,53.8160518],[17.51843,53.8144592],[17.5195632,53.8128745],[17.5220201,53.8135424],[17.5244915,53.813568],[17.5253247,53.8119367],[17.5235305,53.8108298],[17.5215953,53.8100779],[17.5195602,53.8094505],[17.5143786,53.8161387],[17.5123183,53.8165388],[17.509283,53.8167559],[17.5068561,53.8161499],[17.5022917,53.8152489],[17.5044864,53.814053],[17.5056111,53.8140813],[17.5071076,53.8141077],[17.5091849,53.8130064],[17.5109151,53.8123945],[17.5130009,53.812751],[17.5137904,53.8111169],[17.513051,53.8107675],[17.5123053,53.8087842],[17.5124511,53.8053811]]],[[[17.4485543,53.8343417],[17.4482731,53.8343293],[17.4478272,53.834259],[17.4473976,53.8341393],[17.4473398,53.8341395],[17.4472256,53.8341085],[17.4469795,53.8340647],[17.4468299,53.834047],[17.4462275,53.8338377],[17.4458419,53.8338107],[17.4455124,53.8337193],[17.4452784,53.83373],[17.444845,53.8334355],[17.4456456,53.8324536],[17.4451986,53.8318876],[17.4457066,53.8315079],[17.4456029,53.8314634],[17.4460898,53.8310977],[17.445607,53.8308839],[17.4461933,53.8304377],[17.446268,53.8304185],[17.4468823,53.8306818],[17.4471201,53.8307958],[17.4472761,53.8308742],[17.4472813,53.8309028],[17.447398,53.8310093],[17.4474721,53.8310971],[17.4475413,53.8312015],[17.4478057,53.8315146],[17.4478986,53.8315993],[17.4480903,53.831778],[17.4486549,53.8322299],[17.4488425,53.8325569],[17.4486723,53.8329844],[17.4486886,53.8331486],[17.4487141,53.8332767],[17.4488344,53.8335274],[17.4488387,53.8336487],[17.4488421,53.8337267],[17.4488233,53.8339139],[17.4487756,53.8341477],[17.4485543,53.8343417]]],[[[17.5097061,53.73357],[17.5101885,53.7336085],[17.5105936,53.7336382],[17.5106394,53.733665],[17.5105347,53.7340384],[17.5104939,53.7341778],[17.5104734,53.7343666],[17.5104565,53.7344745],[17.5103534,53.734475],[17.5103231,53.7344751],[17.5101867,53.7344712],[17.5101182,53.734449],[17.5099383,53.7342341],[17.5099377,53.7341847],[17.5090904,53.7341384],[17.5090306,53.734066],[17.5087839,53.7337671],[17.5091239,53.7336758],[17.5095998,53.7335525],[17.5097061,53.73357]]]]}},{"type":"Feature","properties":{"@id":"relation/4524956","boundary":"national_park","gid":"2485","kodinspire":"PL.ZIPOP.1393.PN.6","name":"Świętokrzyski Park Narodowy","name:de":"Nationalpark Heiligkreuz","name:en":"Świętokrzyski National Park","name:it":"Parco nazionale della Santacroce","protect_class":"2","start_date":"1950-05-01","type":"boundary","wikidata":"Q387818","wikipedia":"pl:Świętokrzyski Park Narodowy"},"geometry":{"type":"MultiPolygon","coordinates":[[[[21.1630728,50.8887095],[21.1629679,50.8887213],[21.1628123,50.8887173],[21.1626211,50.8886901],[21.1617011,50.8884177],[21.1614892,50.8883568],[21.1613014,50.8883213],[21.1599898,50.8882401],[21.1595795,50.8882401],[21.1595097,50.8882688],[21.1594158,50.8883179],[21.159161,50.888345],[21.1589679,50.8883027],[21.1583483,50.8881301],[21.1582598,50.8880945],[21.1579943,50.8878898],[21.1578387,50.8877815],[21.1577234,50.8877054],[21.1575785,50.8876123],[21.1570904,50.8872502],[21.1569133,50.8870979],[21.1568302,50.8870522],[21.1565512,50.8869727],[21.1563152,50.8869355],[21.1561087,50.8868949],[21.1560282,50.8868746],[21.1558512,50.8867697],[21.1556849,50.8866461],[21.1555347,50.8865565],[21.1554059,50.8864955],[21.1550868,50.8864329],[21.1549526,50.8863788],[21.1547971,50.8863229],[21.1545208,50.8861943],[21.1544672,50.8861351],[21.1544403,50.8860201],[21.1544618,50.8859253],[21.1545235,50.8857646],[21.1546174,50.8856783],[21.15484,50.8855124],[21.1550465,50.8853466],[21.155355,50.8850488],[21.155414,50.8849523],[21.1554489,50.8848305],[21.1566317,50.8848017],[21.1575222,50.884311],[21.1574739,50.884179],[21.1583537,50.8840233],[21.157431,50.8838135],[21.1570609,50.884091],[21.1564922,50.8840267],[21.1565566,50.8838643],[21.1566424,50.8837661],[21.1568624,50.8837323],[21.1570126,50.8837069],[21.1573425,50.883695],[21.1575758,50.8837357],[21.1578038,50.8837796],[21.1580479,50.8838016],[21.1585656,50.8837864],[21.158748,50.8837813],[21.1589116,50.8837881],[21.1595124,50.8838338],[21.1601213,50.8838389],[21.1605638,50.8838338],[21.1609259,50.8837949],[21.1614677,50.8836561],[21.1618727,50.8835884],[21.1624655,50.8835157],[21.1626747,50.8834632],[21.1632621,50.8832669],[21.1636189,50.8831417],[21.1639059,50.8830368],[21.1641178,50.8829403],[21.1643752,50.8828388],[21.1644638,50.8828269],[21.1645737,50.8828252],[21.1648232,50.8828709],[21.1652765,50.8829928],[21.1656868,50.883096],[21.1658317,50.8831045],[21.1659846,50.8830875],[21.1663628,50.8829911],[21.1666658,50.8829166],[21.1668938,50.8828794],[21.167467,50.8828382],[21.1676716,50.883224],[21.1674704,50.8832196],[21.1671051,50.8847484],[21.1670515,50.8847284],[21.166643,50.8849259],[21.1654603,50.8853236],[21.1663203,50.8865326],[21.1664744,50.8867748],[21.1660434,50.8871131],[21.1656327,50.887348],[21.1660323,50.887663],[21.1642954,50.8882142],[21.1631959,50.8886933],[21.1630728,50.8887095]]],[[[21.1674092,50.8827169],[21.1670065,50.8828083],[21.1667705,50.8828659],[21.1666363,50.882876],[21.1660784,50.8830182],[21.1658531,50.8830588],[21.1656976,50.8830554],[21.1651826,50.88292],[21.1647695,50.8828016],[21.1645979,50.8827745],[21.1643296,50.8827982],[21.164217,50.8828354],[21.1639756,50.8829471],[21.1633694,50.8831738],[21.1630046,50.8832923],[21.162715,50.8833904],[21.1622214,50.883492],[21.1617333,50.8835563],[21.1614329,50.8836037],[21.1611164,50.8836917],[21.1605424,50.8837864],[21.1599201,50.8837966],[21.1594963,50.8837932],[21.1587346,50.8837255],[21.1584341,50.8837323],[21.1581713,50.8837492],[21.1577529,50.8837052],[21.1574417,50.8836578],[21.1572325,50.8836443],[21.1568087,50.8836984],[21.1565298,50.8837323],[21.1563474,50.8837357],[21.1570126,50.8835698],[21.1572915,50.8835292],[21.1575705,50.8835055],[21.1581016,50.8834649],[21.1590725,50.8833938],[21.1593729,50.88336],[21.1595285,50.8833566],[21.1598557,50.8833126],[21.1601829,50.8832923],[21.1606228,50.8832754],[21.1612934,50.8832449],[21.1615509,50.883184],[21.1618459,50.8830892],[21.1622322,50.8828659],[21.1623502,50.882788],[21.1624414,50.8826797],[21.1627042,50.8822465],[21.1629564,50.8818268],[21.1630851,50.881617],[21.163187,50.8813801],[21.1633962,50.8808521],[21.1634928,50.8806693],[21.1635625,50.880561],[21.1637878,50.8803951],[21.1639434,50.8803207],[21.1640936,50.8802665],[21.164571,50.8801244],[21.164791,50.8800702],[21.1651182,50.8799551],[21.1658049,50.8796268],[21.1661965,50.8793662],[21.1668241,50.878933],[21.1676717,50.8784692],[21.168074,50.8782526],[21.1683798,50.8781003],[21.1686587,50.8779108],[21.1690235,50.8776129],[21.1691737,50.8775249],[21.1694258,50.8773624],[21.1698201,50.8772253],[21.1699623,50.877205],[21.1701071,50.8771881],[21.1703432,50.8770882],[21.1704773,50.8770138],[21.1706087,50.8769291],[21.1708072,50.8768124],[21.1709386,50.8767954],[21.1709923,50.8767565],[21.1710727,50.8766313],[21.1711237,50.8765822],[21.1711264,50.876528],[21.1711451,50.8764468],[21.1718134,50.8766455],[21.1723124,50.8771834],[21.1724249,50.8773169],[21.1726619,50.8776699],[21.1728802,50.8777455],[21.1732487,50.8778099],[21.1742393,50.8782938],[21.174574,50.8786202],[21.1748433,50.8787593],[21.1679004,50.8809845],[21.1676419,50.8808052],[21.1673858,50.8808495],[21.1667247,50.8812479],[21.1667077,50.8812951],[21.1670141,50.8818452],[21.1674092,50.8827169]]],[[[20.8724532,50.9430904],[20.8721936,50.9413211],[20.8729073,50.9412052],[20.8731993,50.9429541],[20.8724532,50.9430904]]],[[[21.0996012,50.8970125],[21.0997039,50.8970716],[21.0995669,50.8971398],[21.1012034,50.8986426],[21.1021081,50.8985039],[21.1022415,50.8977196],[21.1026704,50.8978173],[21.1030453,50.8977878],[21.1034742,50.8978014],[21.1036689,50.8978742],[21.1037302,50.8979401],[21.1037121,50.8979856],[21.1041411,50.8983993],[21.1041807,50.898463],[21.1041807,50.8985016],[21.104087,50.8986244],[21.1041267,50.8986903],[21.1042348,50.8987721],[21.1040582,50.8989426],[21.1044258,50.8997792],[21.1034238,50.8998338],[21.1014881,50.8997406],[21.1010484,50.8986641],[21.1011241,50.8986494],[21.0994804,50.8971239],[21.0996012,50.8970125]]],[[[21.0565245,50.8757146],[21.056633,50.8759366],[21.0568802,50.876155],[21.0566555,50.8761971],[21.0560501,50.8763106],[21.0555403,50.8764063],[21.053818,50.8767291],[21.0531066,50.8768624],[21.052296,50.8770143],[21.0503237,50.8773983],[21.0500349,50.8766637],[21.0519745,50.8762954],[21.052841,50.8761375],[21.053356,50.8760436],[21.0552187,50.8757041],[21.0557355,50.8756033],[21.0563342,50.8754865],[21.0565825,50.8754275],[21.0565245,50.8757146]]],[[[20.9513788,50.9381152],[20.9511362,50.9374639],[20.9511339,50.9374579],[20.9510859,50.9373006],[20.951076,50.9372681],[20.9510538,50.9372165],[20.9509229,50.9369122],[20.9506956,50.936222],[20.9505701,50.935841],[20.9504545,50.935403],[20.9504393,50.9353453],[20.9510306,50.9353287],[20.9510824,50.9353201],[20.9513086,50.935964],[20.9517756,50.9367795],[20.9519341,50.9370182],[20.9520523,50.9371963],[20.9520542,50.9371961],[20.9524261,50.9371558],[20.9526039,50.9375348],[20.9526428,50.937753],[20.9526552,50.9378224],[20.9519494,50.9380728],[20.9519406,50.9380728],[20.9517674,50.938073],[20.9513788,50.9381152]]],[[[20.9467287,50.9156992],[20.9438379,50.9163864],[20.9456238,50.9188573],[20.9452208,50.9215678],[20.9468644,50.9260098],[20.9507041,50.9292006],[20.9454564,50.931826],[20.9390302,50.9308554],[20.9357499,50.9316203],[20.9306079,50.9316596],[20.9274373,50.929116],[20.9227253,50.928705],[20.9170961,50.9289398],[20.9186253,50.9313554],[20.9199993,50.9334267],[20.9133105,50.93534],[20.8991863,50.9354213],[20.8937209,50.9322739],[20.87963,50.9310431],[20.8647014,50.9345049],[20.8601238,50.9403476],[20.8596822,50.9472745],[20.8747823,50.9462329],[20.8920124,50.9447829],[20.876346,50.9519546],[20.8660071,50.9531354],[20.8414941,50.9597844],[20.8147511,50.9603586],[20.8093062,50.952497],[20.8124766,50.9540819],[20.8232706,50.9536708],[20.8190277,50.9465296],[20.8148127,50.9338174],[20.824804,50.9259049],[20.8360784,50.9193328],[20.8477952,50.9210491],[20.8633046,50.9233581],[20.8712304,50.9228632],[20.8890013,50.9185427],[20.8851837,50.9138639],[20.8881127,50.9152111],[20.8924526,50.9171671],[20.8965126,50.9107158],[20.8843679,50.90697],[20.8802584,50.9008579],[20.8773236,50.904],[20.8695686,50.8984278],[20.875568,50.8901498],[20.8781401,50.8827995],[20.894497,50.8773984],[20.9139479,50.8741117],[20.9260646,50.8788552],[20.9372165,50.8708137],[20.9462669,50.8673161],[20.9515603,50.868534],[20.9593703,50.8636809],[20.9626235,50.858072],[20.9648169,50.8582582],[20.9741833,50.8621088],[20.9984802,50.8623173],[21.0161621,50.8624354],[21.0175677,50.8667173],[21.0221173,50.8632147],[21.025468,50.8544436],[21.0407913,50.8398191],[21.0579505,50.846075],[21.0659151,50.8456138],[21.0702423,50.845715],[21.0748257,50.8494999],[21.0715727,50.8531512],[21.0688698,50.8530136],[21.0671178,50.8543193],[21.0726131,50.8564896],[21.0776934,50.858784],[21.0778263,50.8603595],[21.0763875,50.8617172],[21.0762776,50.8633068],[21.0755613,50.8651117],[21.0585878,50.8694955],[21.0325261,50.8747482],[21.0230607,50.8779117],[21.0106342,50.8789044],[20.9982358,50.884669],[20.9827241,50.8842893],[20.9791592,50.8869447],[20.9734611,50.8853262],[20.94836,50.8919159],[20.9483371,50.9012354],[20.9775692,50.9040484],[20.9807208,50.8961123],[20.9835209,50.8985948],[20.9861224,50.8981073],[20.993081,50.9153549],[20.9722082,50.9141846],[20.9618562,50.9143733],[20.9587425,50.9194795],[20.9588922,50.9240177],[20.9537029,50.9187236],[20.9505681,50.9145519],[20.9467287,50.9156992]]],[[[21.0593213,50.8756876],[21.0582005,50.8758977],[21.05771,50.8759897],[21.0574025,50.8760473],[21.0568892,50.8761549],[21.0566398,50.8759348],[21.0565319,50.8757138],[21.0565919,50.8754258],[21.0565919,50.8754257],[21.0569333,50.8753591],[21.0572535,50.8752966],[21.0587086,50.8750127],[21.0593213,50.8756876]]],[[[20.8659935,50.885795],[20.86607,50.8858304],[20.8660799,50.8858529],[20.866041,50.8859053],[20.8660313,50.8859271],[20.866039,50.8859422],[20.8660087,50.8859842],[20.8659491,50.886015],[20.8659584,50.8860339],[20.8660246,50.886078],[20.8660271,50.8861019],[20.866031,50.8861397],[20.8660028,50.8861614],[20.8660141,50.886176],[20.8660332,50.8861831],[20.8660556,50.8862354],[20.8660351,50.8862735],[20.866087,50.8862903],[20.8661415,50.8863142],[20.8661913,50.8863953],[20.8662064,50.8864198],[20.8665263,50.8871376],[20.8657169,50.8874168],[20.8651427,50.887615],[20.864952,50.8876808],[20.8648845,50.8877002],[20.8640603,50.8879383],[20.8638099,50.8870313],[20.8637335,50.8867543],[20.8635945,50.8862507],[20.8635817,50.8862045],[20.8635739,50.8861765],[20.8634052,50.885573],[20.8631769,50.8847564],[20.863174,50.884746],[20.8630295,50.8842124],[20.8630227,50.8841873],[20.8635069,50.884048],[20.8643399,50.8838084],[20.8644711,50.8837706],[20.8653511,50.8835401],[20.8655866,50.8834785],[20.8656718,50.8834561],[20.8656747,50.8834959],[20.8657006,50.8835821],[20.8656748,50.8837671],[20.8656654,50.883786],[20.8656446,50.8837979],[20.8656562,50.8838228],[20.8655534,50.883859],[20.8654432,50.8839163],[20.8653449,50.8839676],[20.8653731,50.883992],[20.8654119,50.884025],[20.8654137,50.8840725],[20.8653818,50.8841038],[20.8653793,50.8841241],[20.8653569,50.8841545],[20.8653725,50.884183],[20.8653573,50.8842742],[20.8652649,50.8843105],[20.8652029,50.8843727],[20.8652042,50.8844031],[20.8652424,50.8844314],[20.8653339,50.8844843],[20.8653658,50.8845284],[20.8654533,50.8846215],[20.8654315,50.8846373],[20.8654284,50.8846899],[20.8654539,50.8847687],[20.8654673,50.8848037],[20.8654912,50.8848621],[20.8655254,50.884961],[20.8655474,50.8849924],[20.8655522,50.885034],[20.8655507,50.8851099],[20.8655627,50.8851452],[20.8656027,50.8851739],[20.8656137,50.885201],[20.8655912,50.8852329],[20.8656185,50.8852661],[20.8656735,50.8852832],[20.8657394,50.885298],[20.865792,50.8853279],[20.8658026,50.8853455],[20.8658632,50.8853851],[20.8659616,50.8853792],[20.8659341,50.8854245],[20.8659298,50.8854339],[20.8659113,50.8854736],[20.86591,50.8855003],[20.8657705,50.885543],[20.865747,50.8855931],[20.865768,50.8856049],[20.8658412,50.8856344],[20.8658418,50.885656],[20.8658615,50.8857209],[20.8659035,50.885768],[20.8659293,50.8857656],[20.8659935,50.885795]]],[[[20.9533647,50.9181372],[20.952083,50.9188749],[20.951982,50.918933],[20.9517645,50.9190458],[20.9515447,50.9191596],[20.95108,50.9194005],[20.9508746,50.919507],[20.9507035,50.9195512],[20.9501383,50.9196928],[20.9502497,50.9193861],[20.9508306,50.9186208],[20.9519834,50.9181729],[20.9530709,50.9180824],[20.9533647,50.9181372]]],[[[20.9527003,50.9380722],[20.9524813,50.938072],[20.952683,50.9379902],[20.9527003,50.9380722]]],[[[20.9506893,50.9324958],[20.9507565,50.9326237],[20.9508941,50.9328856],[20.950971,50.9330323],[20.9510744,50.9332623],[20.9511175,50.9333583],[20.9511276,50.9333808],[20.9511498,50.9334301],[20.9511847,50.9335079],[20.9512313,50.9336116],[20.9512508,50.9336552],[20.9512692,50.933708],[20.9513615,50.9339755],[20.9514018,50.9340925],[20.9514662,50.9342786],[20.9510193,50.9343685],[20.950984,50.9343756],[20.9509773,50.9343769],[20.9510009,50.9347192],[20.9510325,50.9351784],[20.9510763,50.9353029],[20.951026,50.9353119],[20.950693,50.9353148],[20.950432,50.9353171],[20.9504252,50.9352913],[20.9501379,50.9345228],[20.9501162,50.9344809],[20.9500967,50.9344433],[20.9496989,50.9336746],[20.9492484,50.932804],[20.9492481,50.9328034],[20.9499658,50.9326062],[20.9500125,50.9325934],[20.9506495,50.932432],[20.9506893,50.9324958]]],[[[21.062873,50.8969706],[21.0622729,50.8970043],[21.0616111,50.8970223],[21.0610723,50.8969717],[21.0603576,50.8969904],[21.0594467,50.8969661],[21.0586611,50.8969452],[21.0586581,50.8969451],[21.0569813,50.8968587],[21.0557654,50.8965099],[21.0552841,50.8962804],[21.0546615,50.895826],[21.0553654,50.8944169],[21.0555728,50.8940019],[21.0560717,50.8930039],[21.0553526,50.891096],[21.0549726,50.8900894],[21.0548154,50.889673],[21.0552571,50.8897389],[21.0557088,50.8899323],[21.0557445,50.8899355],[21.0562415,50.88998],[21.0568057,50.8902303],[21.0575153,50.8903843],[21.0590107,50.8904794],[21.0610228,50.8904355],[21.0610357,50.8904313],[21.0619486,50.8901341],[21.0625218,50.889689],[21.0627671,50.8894986],[21.0644675,50.8881791],[21.0656157,50.8869776],[21.0656894,50.8869005],[21.0664554,50.8859428],[21.0672793,50.885274],[21.0678699,50.8851698],[21.0688722,50.8848],[21.0687698,50.8846318],[21.0694896,50.8839332],[21.0702798,50.8836438],[21.0716235,50.8833197],[21.0717656,50.8832854],[21.0724726,50.8831784],[21.0731616,50.8833594],[21.07427,50.8831208],[21.0743463,50.8831043],[21.075539,50.8832244],[21.0764702,50.8829574],[21.0778639,50.8826284],[21.078029,50.88284],[21.0790493,50.8834913],[21.0797475,50.883937],[21.0800976,50.8841605],[21.0815363,50.8859806],[21.0796242,50.8865077],[21.0788026,50.8867341],[21.0780837,50.8869322],[21.0754289,50.887669],[21.0754342,50.887734],[21.0756836,50.890177],[21.0756901,50.890238],[21.0758899,50.8921209],[21.0759914,50.8932518],[21.0760653,50.8940741],[21.0761801,50.8953528],[21.0761934,50.8955056],[21.0762383,50.8960013],[21.0756395,50.8961375],[21.0751193,50.8962715],[21.0740966,50.8963481],[21.0720878,50.8965204],[21.0713504,50.8965562],[21.0705362,50.8965549],[21.0699004,50.8962999],[21.0689214,50.8957479],[21.0682568,50.8957068],[21.06774,50.8957937],[21.0660259,50.8960817],[21.0653409,50.8963687],[21.0646027,50.8966414],[21.0639494,50.8968481],[21.062873,50.8969706]]],[[[21.0848121,50.8607803],[21.0848909,50.8608943],[21.0843359,50.861009],[21.0844567,50.8611746],[21.0845282,50.8612725],[21.0846956,50.8615019],[21.0843417,50.8615719],[21.0841696,50.861606],[21.0840032,50.861556],[21.0839842,50.8615502],[21.0839131,50.8615288],[21.0839052,50.8615264],[21.0838035,50.8614958],[21.0832462,50.8613282],[21.0829755,50.8612468],[21.0829736,50.8612463],[21.0827735,50.8611929],[21.0815219,50.8608585],[21.0814417,50.8608397],[21.0813845,50.8608263],[21.0813831,50.8608259],[21.080635,50.8606802],[21.080632,50.8606797],[21.079905,50.8605555],[21.0794099,50.8604709],[21.0787847,50.8603641],[21.078177,50.8602603],[21.0779834,50.8601982],[21.0778868,50.8600202],[21.0782637,50.8600226],[21.0786034,50.8600209],[21.0789409,50.8600304],[21.0789415,50.8600305],[21.0789483,50.8600306],[21.0790525,50.8600452],[21.0795171,50.8601103],[21.0799415,50.8601697],[21.079937,50.8602309],[21.0799477,50.860232],[21.0807593,50.8603086],[21.0807335,50.8604427],[21.0807487,50.8604431],[21.0814202,50.8604611],[21.0814243,50.8604612],[21.0814369,50.8604615],[21.0814306,50.8604473],[21.0813427,50.8602481],[21.0813116,50.8601778],[21.0812196,50.8599695],[21.0807399,50.859719],[21.0810889,50.8595755],[21.0813159,50.8594743],[21.0813317,50.8594672],[21.0822093,50.8590758],[21.0823225,50.8590253],[21.082346,50.8590148],[21.0825002,50.858946],[21.0830916,50.8586823],[21.0832351,50.858818],[21.0837424,50.859281],[21.0838933,50.8594377],[21.0839847,50.8595766],[21.0840439,50.8596665],[21.0840795,50.8597207],[21.0841141,50.8597709],[21.0843628,50.8601173],[21.0844198,50.8601967],[21.0844315,50.8602131],[21.0848121,50.8607803]]],[[[20.911538,50.952165],[20.9066564,50.9536733],[20.9081104,50.9520059],[20.9112714,50.9516513],[20.911538,50.952165]]],[[[21.1020629,50.8952081],[21.1014599,50.8951874],[21.1014638,50.8952504],[21.1014863,50.8956063],[21.1009187,50.8959096],[21.1009154,50.8959386],[21.1018932,50.8960122],[21.1018035,50.8966573],[21.1026005,50.8967572],[21.1025709,50.89729],[21.1040558,50.8975683],[21.1043964,50.8976782],[21.1046745,50.897715],[21.1048943,50.8977672],[21.1048692,50.8978628],[21.1051834,50.8978724],[21.1051,50.8984044],[21.1049845,50.8984857],[21.1049485,50.898563],[21.1049135,50.8987032],[21.1047338,50.8987422],[21.1045515,50.898743],[21.1042925,50.8986585],[21.1042816,50.8985744],[21.104415,50.89841],[21.1038383,50.8977719],[21.103679,50.8977451],[21.103523,50.8976445],[21.1029877,50.8976428],[21.1028398,50.8977127],[21.1027317,50.8977036],[21.1022437,50.8976125],[21.1020036,50.8974536],[21.1016916,50.8971589],[21.1013829,50.8969839],[21.0997736,50.8966453],[21.0994773,50.8964962],[21.0993362,50.8962896],[21.0993029,50.896204],[21.099311,50.8961282],[21.0998445,50.8955984],[21.099967,50.8956257],[21.1001006,50.8953829],[21.1003239,50.8951665],[21.1005026,50.8950589],[21.10054,50.8950991],[21.1007774,50.8948716],[21.1011897,50.8943853],[21.1014529,50.8939556],[21.1011724,50.8938816],[21.1017485,50.8937633],[21.1022672,50.8939214],[21.1020629,50.8952081]]],[[[20.9528054,50.9503611],[20.9518576,50.950455],[20.9504358,50.9505959],[20.9501583,50.9497241],[20.9508646,50.9497465],[20.951651,50.9499078],[20.9517014,50.9499108],[20.9518796,50.9499212],[20.9526229,50.9498663],[20.9528054,50.9503611]]],[[[20.94818,50.9441139],[20.9480254,50.9437124],[20.9479362,50.9434829],[20.9478546,50.943273],[20.9478462,50.9432513],[20.9477905,50.943108],[20.9475971,50.9426018],[20.947566,50.9425206],[20.9473884,50.9420557],[20.9473537,50.9419564],[20.947401,50.9419117],[20.9480263,50.9416772],[20.9482135,50.9416012],[20.94832,50.9415579],[20.9485502,50.9414679],[20.9486698,50.9413974],[20.9489407,50.9412199],[20.9491959,50.9410366],[20.9493423,50.9409425],[20.9494776,50.9408386],[20.9495512,50.9406951],[20.9509397,50.9402565],[20.951191,50.9401813],[20.9509567,50.9407476],[20.9509017,50.9408907],[20.9511408,50.9416293],[20.9511726,50.9417334],[20.9511541,50.9418447],[20.9511564,50.9418254],[20.9511531,50.9418431],[20.9511426,50.941942],[20.9511307,50.9419677],[20.9510261,50.9425279],[20.9511677,50.9427489],[20.9511818,50.9430118],[20.9510713,50.9428718],[20.9510476,50.9428786],[20.9511258,50.9429508],[20.9511324,50.9430549],[20.9512118,50.9431285],[20.9511897,50.9432444],[20.9511743,50.9432312],[20.9511776,50.9431382],[20.9510873,50.9430612],[20.9510597,50.9429577],[20.950997,50.942896],[20.9508908,50.9429291],[20.9511918,50.9433025],[20.9511993,50.943419],[20.9512232,50.9438704],[20.9512254,50.9439126],[20.951291,50.9443759],[20.9513212,50.944603],[20.9514121,50.9452834],[20.9514606,50.9456468],[20.9516043,50.94643],[20.9518572,50.9474383],[20.9521463,50.9484347],[20.952568,50.9497032],[20.9526064,50.9498185],[20.9518616,50.9498648],[20.951635,50.949858],[20.9511624,50.9497566],[20.9508169,50.9487746],[20.9514545,50.9487039],[20.9511324,50.9476562],[20.9508628,50.9467793],[20.9508935,50.9467758],[20.9506126,50.9460148],[20.9505383,50.9458209],[20.9503884,50.9454299],[20.9502763,50.9451373],[20.9507159,50.9450724],[20.9506033,50.9447736],[20.9494051,50.944957],[20.9492634,50.9445679],[20.948412,50.9446898],[20.94818,50.9441139]]],[[[20.949436,50.9402066],[20.9491277,50.9402933],[20.9490433,50.9401897],[20.9494042,50.9401288],[20.9494704,50.940108],[20.9494564,50.9402037],[20.949436,50.9402066]]],[[[20.9507828,50.9398702],[20.9509048,50.9398405],[20.9509714,50.9398447],[20.9509792,50.9398566],[20.9509237,50.9399426],[20.9507408,50.9398968],[20.9505771,50.9399098],[20.9502684,50.9399874],[20.9502872,50.9400378],[20.950164,50.9400504],[20.950144,50.9401043],[20.9501029,50.9401225],[20.9499746,50.9401264],[20.9497346,50.9401828],[20.949703,50.9401841],[20.9497151,50.9400354],[20.9498718,50.9397955],[20.9503298,50.9398157],[20.9505416,50.9398622],[20.9507828,50.9398702]]],[[[21.1077119,50.8883177],[21.1072784,50.8883281],[21.1057942,50.8885568],[21.1051238,50.8885814],[21.104245,50.8887137],[21.1032949,50.888749],[21.1031262,50.8887552],[21.1000687,50.8888648],[21.0970295,50.8889843],[21.0952404,50.8888239],[21.0948442,50.8885628],[21.093026,50.8875277],[21.0927529,50.8874218],[21.0926223,50.8871882],[21.0925367,50.8870602],[21.0919353,50.8866166],[21.0916003,50.8865388],[21.0915364,50.8865007],[21.0910451,50.8861654],[21.0910045,50.8860948],[21.090835,50.8860109],[21.0907911,50.8859917],[21.0907148,50.885981],[21.0901389,50.8860826],[21.0900528,50.8860094],[21.0901386,50.8857452],[21.089632,50.8856026],[21.0897339,50.8853627],[21.0897138,50.8852576],[21.089884,50.8850695],[21.0900193,50.8849408],[21.0901169,50.8847909],[21.0901033,50.8847048],[21.0900505,50.8845872],[21.0900192,50.8844373],[21.0900328,50.884335],[21.0900336,50.8841161],[21.0900111,50.883953],[21.0899129,50.8839212],[21.0900074,50.8833396],[21.0902478,50.8831245],[21.0907196,50.8827025],[21.0915358,50.8820398],[21.0937335,50.8814544],[21.0945402,50.8812154],[21.0968482,50.8805654],[21.0996735,50.8797868],[21.0996754,50.8794658],[21.0996822,50.8782812],[21.0996829,50.8782047],[21.0996858,50.87785],[21.099689,50.8774586],[21.0996991,50.8762111],[21.0996997,50.8761481],[21.099916,50.8761154],[21.1000806,50.8760623],[21.1001242,50.8759255],[21.1003676,50.8759259],[21.1004384,50.8759197],[21.1008762,50.875793],[21.1008735,50.8758364],[21.1009115,50.8760188],[21.1010103,50.8760884],[21.1011052,50.8761232],[21.1014487,50.8760668],[21.1015916,50.8760919],[21.1018254,50.8759894],[21.1019921,50.8761151],[21.102195,50.8761309],[21.1023782,50.8760496],[21.1023908,50.8760382],[21.1024979,50.8759712],[21.1025675,50.87589],[21.1025774,50.8757961],[21.1026465,50.8757508],[21.105661,50.875746],[21.1056613,50.8757777],[21.1056758,50.8774797],[21.1057772,50.8791628],[21.1087592,50.8789228],[21.1102753,50.8788012],[21.1108233,50.8792527],[21.1132347,50.8812437],[21.114272,50.8820735],[21.1146377,50.8823663],[21.1169986,50.8843151],[21.117024,50.8843315],[21.1177318,50.8857211],[21.1176815,50.8870571],[21.1173209,50.8877192],[21.1166431,50.8878497],[21.1161078,50.887953],[21.1146748,50.8882359],[21.113888,50.8883627],[21.1127764,50.8883392],[21.1117548,50.888363],[21.1107188,50.8883061],[21.1095289,50.8882938],[21.108999,50.8882539],[21.1077119,50.8883177]]]]}},{"type":"Feature","properties":{"@id":"relation/4524964","boundary":"national_park","contact:email":"sekretariat@wolinpn.pl","contact:facebook":"https://www.facebook.com/WolinskiParkNarodowyMiedzyzdroje/","contact:instagram":"https://www.instagram.com/wolinski_park_narodowy/","contact:phone":"+48 91 386 49 53","contact:youtube":"https://www.youtube.com/@wolinskiparknarodowy8180","name":"Woliński Park Narodowy","name:cs":"Volyňský národní park","name:de":"Nationalpark Wollin","name:en":"Wolin National Park","name:it":"Parco Nazionale di Wolin","name:pl":"Woliński Park Narodowy","old:website":"https://arch.wolinpn.pl/","protect_class":"2","ref:gid":"2493","ref:inspire":"PL.ZIPOP.1393.PN.4","start_date":"1960-03-15","type":"multipolygon","website":"https://wopn.gov.pl","wikidata":"Q620392","wikipedia":"pl:Woliński Park Narodowy"},"geometry":{"type":"MultiPolygon","coordinates":[[[[14.4731737,53.9254419],[14.472391,53.9255648],[14.4713554,53.9254621],[14.4703444,53.9253024],[14.468952,53.9252066],[14.4683033,53.9251264],[14.4674742,53.9248581],[14.4666034,53.9245997],[14.4657694,53.9234565],[14.4645091,53.9217075],[14.4636415,53.9222501],[14.4630676,53.9225464],[14.4629005,53.9227154],[14.4620637,53.9234305],[14.4619719,53.9234367],[14.4610897,53.9238181],[14.4605663,53.9241351],[14.4600998,53.9244678],[14.4585421,53.9247855],[14.456862,53.9244614],[14.4559852,53.9241021],[14.4550885,53.9238422],[14.4536581,53.9234208],[14.4513438,53.9219063],[14.4505395,53.9210559],[14.449356,53.920807],[14.4491859,53.9211998],[14.4479194,53.9205634],[14.4471849,53.920146],[14.4467699,53.9191347],[14.4463282,53.9185346],[14.446108,53.9176993],[14.4470823,53.9180571],[14.4477582,53.9180598],[14.4478364,53.9187771],[14.4496031,53.9176998],[14.4476636,53.9175625],[14.4464442,53.9173073],[14.4460901,53.9176189],[14.4457051,53.9175154],[14.4450324,53.9163836],[14.4439408,53.9147305],[14.4424902,53.9130248],[14.4410026,53.9111789],[14.4394647,53.9106805],[14.438082,53.9096117],[14.4377026,53.9080708],[14.4393961,53.9072418],[14.4420806,53.9073081],[14.4439973,53.9067603],[14.4445684,53.9065327],[14.4459071,53.9058359],[14.4464174,53.905481],[14.4478449,53.9043896],[14.4498265,53.9028865],[14.4505038,53.9023875],[14.4526161,53.901908],[14.4541529,53.9016335],[14.4555802,53.901361],[14.4572046,53.9010854],[14.4588811,53.900637],[14.4618846,53.8998152],[14.4631143,53.8993952],[14.4651004,53.8988397],[14.467159,53.8980623],[14.4696542,53.8972081],[14.4725505,53.8967437],[14.474129,53.8968014],[14.476704,53.8979153],[14.4795578,53.8997006],[14.48243,53.9017809],[14.4790629,53.9026372],[14.4790007,53.9036446],[14.4773871,53.9051372],[14.4767485,53.9066899],[14.4763995,53.9081103],[14.4761425,53.9093427],[14.475976,53.9099083],[14.4775173,53.9102562],[14.4790183,53.9107166],[14.4816351,53.9114358],[14.4821653,53.911633],[14.4840437,53.9123781],[14.484514,53.9131682],[14.4839021,53.914077],[14.4839794,53.9144876],[14.4842747,53.9148201],[14.4852632,53.9158837],[14.485909,53.9165157],[14.4873091,53.9174943],[14.4862436,53.9177661],[14.4844464,53.918604],[14.4833591,53.9194156],[14.481968,53.9204877],[14.4808398,53.9213433],[14.4791975,53.9224902],[14.4765781,53.9241784],[14.4754881,53.9248262],[14.4742658,53.9252913],[14.4731737,53.9254419]]],[[[14.5724938,53.9400385],[14.5709897,53.9407506],[14.5703217,53.9409709],[14.5699686,53.9417782],[14.5685727,53.9430383],[14.5676428,53.9449073],[14.5668981,53.9462353],[14.5665609,53.9470564],[14.5646836,53.9479164],[14.563531,53.9483444],[14.5631408,53.9483455],[14.5639439,53.9489731],[14.5635326,53.9489962],[14.5623659,53.9490103],[14.5613046,53.9484719],[14.5610729,53.9483683],[14.5598771,53.9478379],[14.5584549,53.9472166],[14.5556942,53.9460044],[14.5540928,53.9452716],[14.5520816,53.9441995],[14.5510664,53.9433446],[14.5501583,53.9422752],[14.5486049,53.9405966],[14.5479252,53.9398707],[14.5471705,53.9390741],[14.5467153,53.9386253],[14.5461311,53.938091],[14.5447177,53.9374589],[14.5444273,53.9373712],[14.5441159,53.9372767],[14.5420165,53.9368077],[14.5399247,53.9363397],[14.5397774,53.9363061],[14.5389942,53.9359979],[14.5378077,53.9349542],[14.5374099,53.9345172],[14.5372896,53.9343862],[14.5370156,53.93371],[14.5368989,53.9330774],[14.5369504,53.9328249],[14.5378228,53.9319258],[14.5399513,53.931973],[14.5400091,53.9323634],[14.540672,53.9322808],[14.5413306,53.9322206],[14.5428865,53.9321616],[14.5430223,53.9322084],[14.544401,53.9324181],[14.5452359,53.9326231],[14.5453538,53.9327839],[14.5454668,53.9330773],[14.5460042,53.9342264],[14.5463975,53.9345589],[14.5467739,53.9348444],[14.5483325,53.9352061],[14.5484823,53.9350168],[14.5481765,53.9343849],[14.5480721,53.9342425],[14.548256,53.9338084],[14.5487436,53.9333113],[14.5506225,53.9322628],[14.5519408,53.9326699],[14.5520884,53.9321506],[14.5526059,53.9321855],[14.5531994,53.9320402],[14.5534732,53.9317851],[14.5529378,53.9338301],[14.5523121,53.933901],[14.5531116,53.9351839],[14.5547268,53.9350478],[14.5558598,53.9347697],[14.5566307,53.9358911],[14.5563804,53.9367086],[14.5564727,53.937319],[14.5572216,53.9376957],[14.560003,53.9366365],[14.5622208,53.9353888],[14.5615867,53.9348994],[14.5603474,53.9338909],[14.5617592,53.9333225],[14.5605752,53.9318386],[14.5623833,53.9316038],[14.5650664,53.931046],[14.5654389,53.931085],[14.5664284,53.9315159],[14.5672886,53.931891],[14.5687389,53.932076],[14.5695517,53.9322964],[14.5689652,53.9329525],[14.5687625,53.9332945],[14.5698461,53.9338648],[14.5720058,53.9350565],[14.5757418,53.9371779],[14.5773203,53.9381518],[14.5780378,53.9388639],[14.5795079,53.94066],[14.5786606,53.9418727],[14.5741177,53.940359],[14.5724938,53.9400385]]],[[[14.4345043,53.9116427],[14.4337834,53.910731],[14.4329698,53.9099458],[14.4320323,53.9078257],[14.4313365,53.9063355],[14.4275977,53.9065764],[14.4274543,53.9062492],[14.423834,53.9055609],[14.4209816,53.903867],[14.4184632,53.902388],[14.4158862,53.9008752],[14.4141878,53.9002984],[14.4131054,53.8999307],[14.4096522,53.8987829],[14.4079958,53.8986132],[14.4059244,53.8981397],[14.4043853,53.897675],[14.4049207,53.8978546],[14.4031185,53.8989071],[14.4002836,53.8983018],[14.3977686,53.8977898],[14.3962363,53.897486],[14.3944722,53.8968966],[14.3935346,53.8971415],[14.3918277,53.8970263],[14.3900034,53.896743],[14.3890753,53.8965898],[14.3881613,53.8965043],[14.3877139,53.8963804],[14.3861921,53.8961036],[14.384167,53.8956505],[14.3810595,53.8946649],[14.3782666,53.8938335],[14.3756817,53.8931342],[14.3756326,53.8931161],[14.3714736,53.8917925],[14.3684601,53.891063],[14.3689848,53.8904398],[14.3710845,53.8879487],[14.3710687,53.8877406],[14.3693611,53.8878867],[14.3675838,53.8877372],[14.3591665,53.8864996],[14.3578692,53.8847971],[14.3532327,53.884357],[14.3434302,53.8826149],[14.341787,53.8823942],[14.3376173,53.8812482],[14.3352925,53.8804288],[14.3335989,53.8808606],[14.3315978,53.8809105],[14.3299707,53.8808923],[14.3280717,53.8807009],[14.3274367,53.8801113],[14.3276203,53.879522],[14.3267002,53.8784164],[14.3248938,53.8772766],[14.32416,53.8770211],[14.323305,53.8765912],[14.3234864,53.8757034],[14.3233905,53.8739633],[14.3245551,53.8710655],[14.3295771,53.8717077],[14.3343532,53.8719136],[14.340611,53.8716415],[14.3455025,53.8714413],[14.3479592,53.8704329],[14.3536139,53.8656092],[14.3570829,53.8611768],[14.3621283,53.856912],[14.3687354,53.8551995],[14.3734159,53.8549846],[14.383433,53.855785],[14.3874222,53.8542392],[14.3896542,53.8526317],[14.3894505,53.8470828],[14.3844609,53.8407572],[14.3805928,53.8386006],[14.426043,53.8390786],[14.4178217,53.8638037],[14.4178234,53.8693589],[14.4210822,53.8768487],[14.4248131,53.8852934],[14.4272683,53.8890779],[14.4362538,53.904602],[14.4362404,53.9053434],[14.4361255,53.9062265],[14.4356731,53.9071248],[14.4356091,53.9075739],[14.4355207,53.9081707],[14.4354308,53.9083235],[14.4353476,53.9084629],[14.4353639,53.9092894],[14.4354221,53.9097069],[14.4355036,53.9098192],[14.4358207,53.9101128],[14.4361173,53.9102162],[14.4367741,53.9104073],[14.4369358,53.9104521],[14.4345043,53.9116427]]],[[[14.5576996,53.9652564],[14.5602786,53.9660664],[14.5541127,53.9660977],[14.5488078,53.965773],[14.5436845,53.9653916],[14.5417464,53.9647505],[14.5406952,53.9645043],[14.534877,53.9643816],[14.53102,53.9627527],[14.5236713,53.9618338],[14.5211195,53.9612904],[14.5157731,53.9601876],[14.5127126,53.95954],[14.5064654,53.9595914],[14.5026262,53.9583026],[14.5013285,53.9570853],[14.5001277,53.9557011],[14.4985641,53.9553396],[14.4933659,53.953846],[14.4918575,53.9509126],[14.490851,53.9483555],[14.4900652,53.9470761],[14.4871411,53.9442029],[14.4863426,53.9435677],[14.4832807,53.9422585],[14.4813461,53.9418432],[14.4794531,53.9406357],[14.4769751,53.9386706],[14.4751557,53.9376839],[14.4686734,53.9381545],[14.4666322,53.9382976],[14.4640267,53.9382471],[14.4616548,53.9371111],[14.4610074,53.935624],[14.4595958,53.9341323],[14.4577754,53.93339],[14.4576193,53.9327843],[14.4570654,53.9324983],[14.4564178,53.9322006],[14.4554238,53.9317606],[14.4547973,53.9311908],[14.4539375,53.9306746],[14.4535087,53.93026],[14.4546808,53.9300251],[14.4555043,53.9297593],[14.4557565,53.9294446],[14.4564164,53.9291376],[14.4570748,53.9296362],[14.4580921,53.9311464],[14.4597612,53.9308284],[14.4621072,53.9319091],[14.464397,53.9324375],[14.4667398,53.9325156],[14.4715199,53.9327269],[14.4748657,53.9328215],[14.4765804,53.9329357],[14.4779692,53.932945],[14.4816256,53.9330954],[14.4844009,53.9329764],[14.4853438,53.9328253],[14.4934061,53.9310923],[14.4969486,53.9311077],[14.4982065,53.9310125],[14.5010619,53.9302619],[14.5028858,53.9296948],[14.5065062,53.9288592],[14.5093961,53.9288815],[14.511661,53.9288843],[14.5158345,53.9294569],[14.5194364,53.930522],[14.5306118,53.9324827],[14.5331055,53.9329762],[14.535419,53.9324429],[14.5369847,53.9323959],[14.536689,53.9329706],[14.5369227,53.9339957],[14.5386356,53.9359015],[14.5403403,53.9366062],[14.5439317,53.9373521],[14.5444197,53.9374744],[14.5467429,53.9388829],[14.5484306,53.9405813],[14.5509171,53.9433946],[14.5514532,53.9440006],[14.5538472,53.9453025],[14.5568526,53.9466546],[14.5606731,53.948326],[14.5623037,53.9491376],[14.5660299,53.9523343],[14.5682577,53.955907],[14.5682234,53.9569428],[14.5675187,53.9582617],[14.5665772,53.9590104],[14.5654325,53.9588281],[14.564445,53.957198],[14.5643585,53.9571127],[14.5593732,53.9577299],[14.5598466,53.9590214],[14.5576545,53.9601036],[14.5576996,53.9652564]]],[[[14.4373599,53.907426],[14.4373514,53.9076901],[14.4373468,53.9078151],[14.4373694,53.9080682],[14.4371638,53.9080692],[14.4371641,53.9082139],[14.4368532,53.9083682],[14.4362578,53.9086657],[14.4356595,53.908964],[14.4354695,53.9090579],[14.4355248,53.908677],[14.4357023,53.9076439],[14.4362327,53.9075041],[14.437006,53.9073525],[14.4373874,53.9073034],[14.4373599,53.907426]]],[[[14.4807855,53.8808219],[14.4842142,53.8829678],[14.4828826,53.882539],[14.4799037,53.8812907],[14.4767726,53.8800212],[14.4759478,53.8797962],[14.4747558,53.8794763],[14.4731962,53.8792007],[14.4704339,53.8786822],[14.4694216,53.8785153],[14.4688451,53.8784869],[14.4678178,53.878593],[14.4669602,53.8782818],[14.4662875,53.878033],[14.4651815,53.8778792],[14.4640976,53.8775129],[14.462941,53.8771154],[14.4615964,53.8772848],[14.4607722,53.8776045],[14.4592355,53.8777797],[14.4568665,53.8773556],[14.4559161,53.8775224],[14.4557993,53.8775424],[14.4542682,53.8781528],[14.4524078,53.8782446],[14.4506839,53.8784705],[14.4498666,53.8785512],[14.4485853,53.8786049],[14.4483089,53.8777953],[14.4476408,53.8774745],[14.4461043,53.8776945],[14.4454822,53.8777675],[14.4448299,53.8778597],[14.4439673,53.8779843],[14.4421583,53.8763123],[14.4420318,53.876315],[14.4422295,53.8768459],[14.4437012,53.8779383],[14.4428964,53.8784941],[14.441803,53.8786393],[14.440214,53.878946],[14.4392283,53.8787097],[14.4379217,53.8783432],[14.4368725,53.8785083],[14.4371622,53.8781486],[14.4363772,53.8772769],[14.4308348,53.8770249],[14.4310463,53.8777923],[14.4310465,53.8780126],[14.430834,53.8799922],[14.4293683,53.879576],[14.4286695,53.8772757],[14.4285213,53.8771602],[14.4278939,53.8744658],[14.4288176,53.8744379],[14.4319289,53.8740145],[14.4328083,53.8734166],[14.4344933,53.8735515],[14.4372228,53.872379],[14.4376628,53.8720728],[14.4358103,53.8704821],[14.4354303,53.8701453],[14.4364089,53.8693903],[14.4354223,53.8683848],[14.4377732,53.8685725],[14.4378144,53.8685968],[14.4387747,53.8689868],[14.4400007,53.868415],[14.4408844,53.867418],[14.4413734,53.8672333],[14.4423596,53.8671474],[14.442589,53.8661804],[14.4411593,53.8654568],[14.4412437,53.8647447],[14.4410798,53.8644158],[14.4413251,53.8632361],[14.5130232,53.8549056],[14.5137612,53.859825],[14.515197,53.860849],[14.5152403,53.8612724],[14.5150809,53.8626545],[14.5132486,53.8640325],[14.5127419,53.8644742],[14.5118335,53.8651971],[14.5113234,53.8655147],[14.5100254,53.865833],[14.5083692,53.8661114],[14.5070966,53.8662828],[14.5024921,53.8664928],[14.4987737,53.8662527],[14.4960908,53.8669897],[14.4941557,53.8681406],[14.4938262,53.8691486],[14.4939613,53.8692557],[14.4944472,53.8697271],[14.4947565,53.8707377],[14.4933481,53.8734818],[14.4890594,53.8759446],[14.4870863,53.8771152],[14.4807855,53.8808219]]],[[[14.5959843,53.9722991],[14.5944299,53.9725644],[14.5929422,53.9727261],[14.5905592,53.9730601],[14.5899408,53.9731577],[14.5881748,53.973326],[14.5880431,53.9733016],[14.5874212,53.9727105],[14.5873957,53.9726594],[14.5885594,53.9725043],[14.5887084,53.9724849],[14.5893659,53.9724009],[14.5899696,53.972324],[14.5901186,53.9723045],[14.5907007,53.9722308],[14.5908005,53.9722193],[14.5914728,53.972142],[14.5915239,53.9721211],[14.5916232,53.9721252],[14.5921865,53.9720609],[14.5941128,53.9718425],[14.5960269,53.9722351],[14.5959843,53.9722991]]],[[[14.4498648,53.901825],[14.448957,53.9021089],[14.4475827,53.9026032],[14.4449298,53.9025887],[14.4448358,53.9025821],[14.442506,53.9024157],[14.4405249,53.9020994],[14.4412213,53.9019398],[14.442618,53.9017016],[14.4403066,53.9011616],[14.4388724,53.9009674],[14.4383738,53.9007059],[14.4376127,53.9010025],[14.4370456,53.9012385],[14.4369528,53.9013885],[14.436673,53.9012827],[14.4378122,53.9004296],[14.4379707,53.8998531],[14.4380857,53.8985708],[14.4381517,53.8982621],[14.4382142,53.8979605],[14.4383195,53.8975096],[14.438116,53.8967294],[14.4373464,53.8946282],[14.4377722,53.894113],[14.4372936,53.8929773],[14.4376867,53.8922224],[14.438212,53.8924952],[14.4387737,53.8926672],[14.4395157,53.892604],[14.439799,53.8925524],[14.4399009,53.8917059],[14.4409477,53.8918109],[14.4421751,53.8916016],[14.443584,53.8907828],[14.4435183,53.8893421],[14.4441032,53.8879098],[14.4449472,53.8875699],[14.4475834,53.8872655],[14.4487212,53.8871485],[14.4488713,53.8871328],[14.4470359,53.8864591],[14.4479601,53.8860256],[14.451233,53.8846063],[14.4500314,53.8838472],[14.4494854,53.8832432],[14.4495249,53.8824925],[14.4493463,53.8820508],[14.4506318,53.881856],[14.4513124,53.8822759],[14.4522419,53.8828792],[14.4528914,53.8814302],[14.4527691,53.8811148],[14.4537068,53.8809332],[14.4546286,53.8807631],[14.456272,53.8806855],[14.4582076,53.8803813],[14.4610404,53.8801877],[14.4622101,53.8801431],[14.4637309,53.8795766],[14.4634279,53.8790514],[14.4639973,53.8789718],[14.4656264,53.8794305],[14.4662881,53.8781507],[14.4680952,53.8787102],[14.4683709,53.8786792],[14.4704037,53.8787805],[14.4729831,53.879252],[14.4746417,53.879579],[14.4757958,53.8798928],[14.477892,53.880611],[14.4802297,53.8815618],[14.483363,53.8828502],[14.4840314,53.883098],[14.4828482,53.8844046],[14.4811297,53.8854249],[14.4797631,53.8862359],[14.4780605,53.887244],[14.4765645,53.8881304],[14.4730845,53.8902176],[14.4724611,53.8905111],[14.4710033,53.8914163],[14.4707241,53.8921835],[14.4708581,53.8926611],[14.4717968,53.8928696],[14.4725609,53.8941422],[14.4731193,53.8957717],[14.4729264,53.8961682],[14.4712262,53.896342],[14.4690696,53.8967134],[14.4672552,53.897194],[14.4657956,53.8978635],[14.4644221,53.8983511],[14.4622101,53.8991105],[14.4597684,53.8998044],[14.4575031,53.9003143],[14.4558619,53.9006648],[14.4546524,53.9009756],[14.4533358,53.9011564],[14.4498648,53.901825]]],[[[14.4415522,53.9064428],[14.4412808,53.9065741],[14.4403311,53.9066676],[14.4397128,53.9066193],[14.4388226,53.9066436],[14.4382997,53.9064615],[14.4379863,53.9064944],[14.4379982,53.9063752],[14.4379902,53.9061575],[14.4376307,53.9051654],[14.4372882,53.9041917],[14.4378712,53.9041196],[14.4380436,53.90409],[14.4387983,53.9040198],[14.4393014,53.9038363],[14.4398381,53.9034243],[14.4402554,53.9032219],[14.4402187,53.9031752],[14.4404877,53.9022335],[14.4411138,53.9023034],[14.4417853,53.9024004],[14.4418261,53.9024058],[14.4418864,53.9024142],[14.4427979,53.902546],[14.4433626,53.9025734],[14.4434248,53.9025755],[14.4435206,53.9025803],[14.4456216,53.9027283],[14.446958,53.9028053],[14.4473107,53.9028172],[14.4471017,53.9032718],[14.4470907,53.9034787],[14.4465881,53.9035799],[14.4461167,53.9038585],[14.4457574,53.9043822],[14.4459351,53.9048605],[14.4454314,53.9053094],[14.4444727,53.9058636],[14.443848,53.9061159],[14.442643,53.906447],[14.4421306,53.9063843],[14.4415522,53.9064428]]],[[[14.4577972,53.9264185],[14.4577706,53.9264054],[14.4577803,53.9263948],[14.4573705,53.9261965],[14.4573202,53.9261729],[14.457147,53.9260883],[14.4569982,53.9262326],[14.4563352,53.926037],[14.4566191,53.9257778],[14.4566272,53.9257699],[14.4566433,53.925755],[14.4567549,53.9256485],[14.4567772,53.9256571],[14.4568045,53.9256343],[14.4567838,53.9256248],[14.4568014,53.9256099],[14.4571061,53.9257342],[14.4570291,53.9258979],[14.4570524,53.9259156],[14.4570844,53.9259404],[14.4571762,53.9260089],[14.4577928,53.92604],[14.4580741,53.9258976],[14.4582328,53.9258173],[14.4582769,53.9257948],[14.4583032,53.9255113],[14.4585361,53.9256133],[14.4586475,53.9258099],[14.4577972,53.9264185]]],[[[14.4507263,53.9278699],[14.4502309,53.9275492],[14.4497567,53.9272587],[14.4496324,53.9271743],[14.449429,53.9270118],[14.4492989,53.9268706],[14.4491854,53.9267099],[14.449087,53.9264992],[14.4490761,53.9264783],[14.449022,53.9263153],[14.4490017,53.9262484],[14.4490549,53.9262001],[14.4492195,53.9261739],[14.4494151,53.9261636],[14.4495154,53.9261685],[14.4497477,53.9261797],[14.4498835,53.9262024],[14.4500199,53.9262376],[14.4504063,53.9263231],[14.45041,53.9263452],[14.4503581,53.9264326],[14.4506161,53.9265275],[14.4506454,53.9265083],[14.450829,53.9265527],[14.4513503,53.9266755],[14.4514733,53.9267325],[14.4518717,53.9268975],[14.4519653,53.926938],[14.4520272,53.9269652],[14.4518516,53.9270854],[14.4518583,53.9270879],[14.4516807,53.9272122],[14.4516746,53.9272238],[14.4513342,53.9274916],[14.4514788,53.9276346],[14.450914,53.9278467],[14.4508892,53.9278486],[14.4508663,53.9278477],[14.4507263,53.9278699]]],[[[14.5321542,53.9656473],[14.5319141,53.9658653],[14.531119,53.9660073],[14.5309604,53.966137],[14.5309076,53.9661791],[14.5309068,53.9661665],[14.5308884,53.9658595],[14.5310022,53.9656614],[14.5311843,53.9655474],[14.531712,53.9655429],[14.5324565,53.9655609],[14.5321542,53.9656473]]],[[[14.471534,53.9326435],[14.4714534,53.932667],[14.4686205,53.9324771],[14.4665852,53.9324261],[14.4644025,53.932372],[14.462637,53.9320659],[14.4617742,53.9316476],[14.4602382,53.9309499],[14.4594011,53.929759],[14.4595544,53.9293155],[14.4616518,53.9294461],[14.4640223,53.9292417],[14.4662203,53.9288413],[14.4667441,53.9276377],[14.4670048,53.9265491],[14.4660178,53.926299],[14.4637425,53.9261395],[14.4637372,53.9257745],[14.4636779,53.9253453],[14.4650867,53.9250972],[14.4661979,53.9253346],[14.4670396,53.9254962],[14.4675327,53.9255039],[14.4684568,53.9257885],[14.4695276,53.9260907],[14.4705981,53.926347],[14.4712324,53.926389],[14.472156,53.9263537],[14.4730346,53.9262076],[14.4732807,53.9261445],[14.4742754,53.92599],[14.4748926,53.9258359],[14.4754308,53.9256233],[14.475881,53.9254322],[14.4776537,53.9243008],[14.4779196,53.9240843],[14.4780509,53.9239765],[14.4789233,53.9232998],[14.4801997,53.9224896],[14.4804509,53.9223151],[14.4806607,53.9221685],[14.4821846,53.9211422],[14.4837891,53.9199127],[14.4840002,53.9197464],[14.4852973,53.9188134],[14.4869711,53.9182047],[14.4872378,53.9181492],[14.4879636,53.9184412],[14.4887347,53.9189643],[14.4902396,53.9197474],[14.490489,53.9199323],[14.491257,53.9205094],[14.4923233,53.9211178],[14.4943146,53.9226085],[14.4944208,53.9226908],[14.494851,53.9227293],[14.4977666,53.922826],[14.4998354,53.9227675],[14.500008,53.9227585],[14.5002325,53.9227479],[14.5021925,53.9235942],[14.5022278,53.9236156],[14.5025982,53.92384],[14.5027688,53.9239441],[14.5059926,53.9258981],[14.5062326,53.9260353],[14.5100432,53.928297],[14.5101609,53.9283668],[14.5108789,53.9287934],[14.509371,53.9287892],[14.5091213,53.9287885],[14.5075237,53.9287841],[14.5068398,53.9287826],[14.5061827,53.9288409],[14.5055109,53.9289969],[14.5054321,53.929015],[14.5028527,53.9296338],[14.5010788,53.9301849],[14.5010368,53.9301976],[14.4981852,53.9309356],[14.4978137,53.9309576],[14.4942062,53.9308843],[14.4941637,53.9308807],[14.4939959,53.9309105],[14.489466,53.931688],[14.4892942,53.931732],[14.4865874,53.9324126],[14.4865071,53.9324289],[14.4847907,53.9328272],[14.4847319,53.9328422],[14.4841844,53.9329026],[14.4825173,53.9329621],[14.4813884,53.9329861],[14.4809702,53.9329486],[14.4784824,53.9327985],[14.4770524,53.9328646],[14.4769386,53.9328578],[14.4749227,53.9327354],[14.4736257,53.9326452],[14.471534,53.9326435]]],[[[14.4273148,53.8804113],[14.4253796,53.8805047],[14.4249737,53.8805238],[14.4249036,53.8802032],[14.4248217,53.8800747],[14.4247894,53.8800551],[14.4247071,53.8800345],[14.4248382,53.8800291],[14.425191,53.8800323],[14.4253416,53.8800337],[14.4253668,53.8800441],[14.4255077,53.8800543],[14.4258375,53.8800596],[14.4259677,53.8800966],[14.4261741,53.8801045],[14.4265649,53.8801085],[14.4267104,53.8800927],[14.4268306,53.8800925],[14.4268775,53.880072],[14.4269883,53.8800519],[14.427252,53.8800449],[14.4272641,53.8800452],[14.4273051,53.8803414],[14.4273148,53.8804113]]],[[[14.6520008,53.9998219],[14.4391167,53.950375],[14.4594488,53.9385622],[14.4601532,53.9386041],[14.4582601,53.9368595],[14.4596816,53.9367611],[14.4608298,53.9358908],[14.4625516,53.9379751],[14.4660001,53.9384947],[14.467234,53.9384244],[14.4700779,53.9382343],[14.4761447,53.9382181],[14.478102,53.9399205],[14.4812167,53.9419663],[14.4865827,53.9439575],[14.4882723,53.945717],[14.4899773,53.9473987],[14.4905785,53.9485045],[14.4910511,53.9498997],[14.4925196,53.9521985],[14.4927108,53.9534089],[14.4954459,53.9550779],[14.4967334,53.9553393],[14.5010489,53.9571461],[14.5050567,53.9594408],[14.508001,53.9597616],[14.5125866,53.959684],[14.5144682,53.9600852],[14.5183899,53.9609447],[14.522079,53.9617343],[14.5234374,53.9628233],[14.5236513,53.9651579],[14.5209681,53.9660573],[14.5201549,53.9666573],[14.5263515,53.9674511],[14.5326149,53.9677091],[14.5309917,53.9663831],[14.5321952,53.9656751],[14.533143,53.9653997],[14.5306554,53.9646915],[14.5304119,53.9649697],[14.5303357,53.965458],[14.5305981,53.9663354],[14.5287828,53.966842],[14.526065,53.9662891],[14.524635,53.9657958],[14.5249757,53.9655529],[14.5249521,53.9652305],[14.5236976,53.9635254],[14.5222607,53.9616522],[14.525816,53.9624822],[14.5309021,53.9630191],[14.5347063,53.9645364],[14.53784,53.9647057],[14.5437207,53.9656072],[14.5488515,53.9659375],[14.5541515,53.9662701],[14.5588586,53.9663891],[14.5640794,53.9661059],[14.5672053,53.966252],[14.5669467,53.9678993],[14.5687242,53.9674179],[14.5710729,53.968375],[14.5726209,53.9677644],[14.5729061,53.9674484],[14.5748712,53.9668722],[14.5760279,53.9665126],[14.5777574,53.9665834],[14.5801507,53.9677732],[14.5823582,53.9697279],[14.5860359,53.97098],[14.5859963,53.9725658],[14.5930963,53.9747715],[14.5944277,53.975538],[14.5955207,53.9762332],[14.596383,53.9781041],[14.5986682,53.9795548],[14.5992287,53.9807346],[14.6028003,53.9805793],[14.6025437,53.9826337],[14.6013552,53.9835701],[14.6013689,53.9848442],[14.6022598,53.9856135],[14.6064131,53.9868945],[14.6080743,53.9868403],[14.6105774,53.9878249],[14.6133826,53.9889477],[14.6144484,53.9899181],[14.6184827,53.989767],[14.6218218,53.990705],[14.6238803,53.9916608],[14.6259414,53.9921428],[14.6282571,53.9931369],[14.6326112,53.9940785],[14.6350791,53.9949216],[14.639986,53.9961273],[14.643018,53.997092],[14.645756,53.9977272],[14.6505773,53.9985936],[14.6520008,53.9998219]]],[[[14.5238586,53.9637957],[14.5242664,53.9640649],[14.5246402,53.9645247],[14.5248633,53.9652098],[14.5246639,53.9653603],[14.5240086,53.965844],[14.5238735,53.965861],[14.5237433,53.9658457],[14.523348,53.9657494],[14.5231176,53.965493],[14.5236291,53.96525],[14.5237671,53.9651846],[14.5239142,53.9644522],[14.5238833,53.9643554],[14.5238573,53.9642784],[14.5236879,53.9637688],[14.5236852,53.9636087],[14.5238586,53.9637957]]],[[[14.4448361,53.8830005],[14.4449762,53.8832992],[14.4440022,53.883453],[14.4439576,53.8834601],[14.4436518,53.8835085],[14.442738,53.8836463],[14.4426642,53.8836574],[14.4409683,53.8836203],[14.440422,53.8842937],[14.4402642,53.8843362],[14.4401701,53.8843558],[14.4385909,53.8828819],[14.4404006,53.8823504],[14.4406731,53.8827968],[14.4409345,53.8827278],[14.4415794,53.8825572],[14.4422892,53.8823709],[14.4435874,53.8825172],[14.4436343,53.8825228],[14.4437884,53.8825404],[14.4442726,53.8824105],[14.4445294,53.8823422],[14.4448361,53.8830005]]]]}},{"type":"Feature","properties":{"@id":"relation/4525044","boundary":"national_park","gid":"2499","kodinspire":"PL.ZIPOP.1393.PN.18","leisure":"nature_reserve","name":"Drawieński Park Narodowy","name:de":"Nationalpark Drage","name:en":"Drawa National Park","name:pl":"Drawieński Park Narodowy","protect_class":"2","type":"boundary","wikidata":"Q614743","wikipedia":"pl:Drawieński Park Narodowy"},"geometry":{"type":"MultiPolygon","coordinates":[[[[15.9081626,53.0805685],[15.9080739,53.0804097],[15.9079894,53.0802585],[15.9091605,53.0799522],[15.9092286,53.0799343],[15.9092615,53.0799755],[15.9092811,53.0800167],[15.9093635,53.0801895],[15.9093846,53.0803635],[15.9086031,53.0804946],[15.9081626,53.0805685]]],[[[15.8569175,53.162671],[15.8518842,53.1492918],[15.8279682,53.1450343],[15.8231652,53.1481683],[15.8179583,53.153172],[15.8149445,53.1657026],[15.7991343,53.1678706],[15.7951964,53.1699009],[15.7991113,53.1727038],[15.7970203,53.1746061],[15.800654,53.1763875],[15.7933087,53.1789011],[15.7988741,53.1821366],[15.7939509,53.1883911],[15.7630939,53.2039903],[15.7597467,53.2069661],[15.7505099,53.2084911],[15.7457457,53.2080901],[15.7502212,53.2032794],[15.7552328,53.2049233],[15.7621498,53.2022708],[15.7655023,53.1985504],[15.7694081,53.1964908],[15.7673879,53.1922876],[15.7786446,53.1839873],[15.783109,53.1836649],[15.7863479,53.1803733],[15.7922257,53.1788425],[15.7982383,53.1775036],[15.7995755,53.1753038],[15.7911496,53.1679338],[15.7948952,53.1642591],[15.837372,53.1373353],[15.8494083,53.1199661],[15.869857,53.0813639],[15.8970603,53.0844787],[15.8854223,53.0899181],[15.91021,53.0827851],[15.915921,53.079675],[15.9163065,53.0775708],[15.9125762,53.0728333],[15.9303017,53.0304042],[15.9469869,53.0187969],[15.9504325,53.0183992],[15.9544824,53.0186925],[15.9577743,53.0177442],[15.9659741,53.0198577],[15.9760972,53.019721],[15.9797632,53.0198854],[15.9828386,53.0208596],[15.9831286,53.0230441],[15.9826887,53.0269889],[15.9769827,53.0321046],[15.9769392,53.0351335],[15.9775577,53.0384407],[15.9758736,53.0421275],[15.9780275,53.0480408],[15.9883654,53.0502178],[15.9909973,53.0524806],[15.9997732,53.0591707],[16.0007332,53.0615917],[15.9990139,53.0636297],[15.996386,53.0660221],[16.018888,53.08927],[16.0149898,53.0930573],[16.028124,53.1321916],[16.0320437,53.1374],[16.0352323,53.1367829],[16.0552289,53.1640172],[16.0805675,53.197166],[16.0740077,53.1994403],[16.0695346,53.1989961],[16.0634921,53.1968079],[16.0586162,53.1966835],[16.0518898,53.1945632],[16.0510585,53.1899896],[16.0520891,53.1842685],[16.0482788,53.1856564],[16.0452384,53.1862065],[16.0500908,53.1894449],[16.0170209,53.1693794],[15.9951781,53.1422032],[15.9772796,53.1237794],[15.9459991,53.1011779],[15.9165177,53.1192025],[15.9086993,53.1242203],[15.8991572,53.130043],[15.890255,53.1354032],[15.8840778,53.138658],[15.8808299,53.1407385],[15.8768313,53.1454087],[15.8758991,53.1479463],[15.8737633,53.1522982],[15.8698494,53.1524495],[15.8691465,53.1533011],[15.8665793,53.1541479],[15.8621482,53.1534719],[15.860127,53.1542703],[15.8582511,53.1567252],[15.8569175,53.162671]]],[[[15.9596878,53.1217932],[15.9599399,53.1223431],[15.9599516,53.1223811],[15.9599787,53.1224695],[15.9599926,53.1225147],[15.9599554,53.1225078],[15.9598841,53.1224946],[15.9572169,53.1219995],[15.9557519,53.1221805],[15.955417,53.1219151],[15.9570339,53.1217177],[15.9570722,53.121713],[15.9592404,53.1206938],[15.9594006,53.121033],[15.9594028,53.1210376],[15.9594077,53.1210371],[15.9600492,53.1209748],[15.9602643,53.1216635],[15.9602779,53.1217071],[15.9596878,53.1217932]]],[[[15.8675942,53.1546401],[15.8676577,53.1546637],[15.8685494,53.1549954],[15.8686487,53.1550523],[15.8674469,53.1555913],[15.8672295,53.1553904],[15.8674827,53.1552076],[15.8675305,53.1551731],[15.8671681,53.1550258],[15.867193,53.1549971],[15.8674689,53.1546781],[15.8675163,53.1546592],[15.8675785,53.1546343],[15.8675942,53.1546401]]],[[[15.7636964,53.2176671],[15.763916,53.2177986],[15.7639464,53.2178933],[15.7639246,53.2180261],[15.7638835,53.2182765],[15.7638659,53.2183841],[15.7637513,53.2187608],[15.7637378,53.2188049],[15.763047,53.2186586],[15.7627318,53.218402],[15.7628065,53.2183929],[15.7629316,53.2183594],[15.763216,53.2182531],[15.7635146,53.2179434],[15.7636964,53.2176671]]],[[[15.750842,53.2159192],[15.7506403,53.2158016],[15.7507471,53.2157311],[15.7509318,53.2156108],[15.7511167,53.2154913],[15.7512649,53.2153941],[15.7513355,53.2153432],[15.7515164,53.215213],[15.7517178,53.2153601],[15.7512948,53.2156376],[15.7510532,53.2157874],[15.750842,53.2159192]]],[[[15.7422725,53.2127855],[15.742515,53.212645],[15.7433073,53.2130468],[15.7433005,53.2130507],[15.7426453,53.2134196],[15.7425904,53.2134505],[15.7425497,53.2134599],[15.7422705,53.2135245],[15.7418928,53.2135384],[15.7418632,53.2135321],[15.7418321,53.2132397],[15.7417649,53.2132179],[15.7416991,53.2131966],[15.7416332,53.2131752],[15.7415673,53.2131539],[15.7406453,53.2128549],[15.7405794,53.2128336],[15.7399208,53.21262],[15.7398553,53.2125988],[15.7399946,53.2123811],[15.7401672,53.2121253],[15.7402076,53.2117681],[15.7405321,53.2118729],[15.7407498,53.211899],[15.7413798,53.2120846],[15.7413839,53.2120834],[15.7414514,53.212064],[15.74152,53.2120443],[15.7415738,53.2120721],[15.7420285,53.212306],[15.7418811,53.2125906],[15.741901,53.2126005],[15.7419586,53.2126292],[15.7420167,53.2126581],[15.7420417,53.2126706],[15.7422146,53.2127566],[15.7422725,53.2127855]]],[[[15.7385483,53.2126325],[15.7384735,53.2126317],[15.7383986,53.2126309],[15.7383253,53.2126301],[15.7382806,53.2126548],[15.7381134,53.2127471],[15.7380435,53.2127679],[15.7379764,53.2127878],[15.7379094,53.2128078],[15.7378429,53.2128276],[15.7377882,53.2128172],[15.7377168,53.2128037],[15.7375763,53.2127771],[15.7375388,53.2127744],[15.7374645,53.212769],[15.7373902,53.2127637],[15.7373158,53.2127583],[15.7372415,53.212753],[15.7371672,53.2127476],[15.7370908,53.2127421],[15.7370341,53.2127156],[15.7369733,53.2126872],[15.7368943,53.2125362],[15.7368605,53.2124714],[15.7368662,53.2124653],[15.7369021,53.2124259],[15.7369819,53.2123384],[15.7370179,53.212299],[15.7378089,53.211432],[15.7378449,53.2113926],[15.7386359,53.2105256],[15.7386718,53.2104862],[15.7387078,53.2104468],[15.7387475,53.2104472],[15.7388145,53.2104665],[15.7388819,53.210486],[15.7398402,53.2107628],[15.7398395,53.2107865],[15.7398382,53.2108315],[15.7398085,53.2116131],[15.7398063,53.211658],[15.7398041,53.211703],[15.739802,53.2117479],[15.7397998,53.2117935],[15.7397899,53.2118181],[15.7396362,53.212201],[15.7396192,53.2122432],[15.7396068,53.2122743],[15.7395815,53.2123098],[15.7395522,53.2123511],[15.7393759,53.2125991],[15.7393465,53.2126404],[15.7393167,53.2126824],[15.7392698,53.2126974],[15.7392037,53.2127185],[15.7391363,53.2127401],[15.7391224,53.2127375],[15.7385735,53.2126328],[15.7385483,53.2126325]]]]}},{"type":"Feature","properties":{"@id":"relation/5497863","addr:city:simc":"0023076","addr:place":"Białowieża","boundary":"national_park","historic":"district","leisure":"nature_reserve","name":"Bieszczadzki Park Narodowy","name:de":"Beskiden-Nationalpark","name:en":"Bieszczady National Park","name:it":"Parco nazionale Bieszczady","name:pl":"Bieszczadzki Park Narodowy","name:uk":"Бещадський національний парк","payment:website":"https://bdpn.eparki.pl/","protect_class":"2","ref:inspire":"PL.1.9.ZIPOZ.NID_N_20_UN.1602","type":"boundary","wikidata":"Q613888","wikipedia":"pl:Bieszczadzki Park Narodowy"},"geometry":{"type":"MultiPolygon","coordinates":[[[[22.5869,49.4305502],[22.5872245,49.4306351],[22.5871199,49.4308259],[22.5865894,49.4307284],[22.5865174,49.4306879],[22.5866301,49.43049],[22.5867734,49.430523],[22.5867656,49.4305378],[22.5868922,49.4305653],[22.5869,49.4305502]]],[[[22.5782845,49.4332631],[22.5788642,49.4333534],[22.5789678,49.4333782],[22.5790676,49.4334228],[22.5790831,49.4335829],[22.5783521,49.4335389],[22.57817,49.4335369],[22.5781693,49.4335174],[22.5779881,49.4335208],[22.5779707,49.4332295],[22.5782845,49.4332631]]],[[[22.5472543,49.2206459],[22.5474713,49.2207519],[22.547608,49.2208558],[22.5469489,49.2211946],[22.5466503,49.2210208],[22.5470847,49.2206026],[22.5472543,49.2206459]]],[[[22.6878838,49.1721433],[22.6875956,49.1721013],[22.689006,49.1712381],[22.6896966,49.1709529],[22.6897307,49.1708006],[22.6905628,49.1705132],[22.690724,49.1704416],[22.6913701,49.1701544],[22.6923066,49.1697382],[22.6929815,49.1699738],[22.6927848,49.1705819],[22.6927561,49.1707354],[22.6926318,49.1711554],[22.692556,49.1724784],[22.6914564,49.172375],[22.690751,49.1723087],[22.689573,49.1721321],[22.6890558,49.1720546],[22.6878838,49.1721433]]],[[[22.6020502,49.1762384],[22.6024097,49.1763991],[22.6020903,49.1765272],[22.6020848,49.1771865],[22.6018392,49.1773028],[22.6016414,49.1769912],[22.6014314,49.1767272],[22.6008992,49.1761502],[22.6013866,49.1759703],[22.6020502,49.1762384]]],[[[22.6021373,49.1783483],[22.6025428,49.1789975],[22.6018953,49.1791294],[22.6011243,49.1791014],[22.6007988,49.1784592],[22.6021373,49.1783483]]],[[[22.4846028,49.145244],[22.4857202,49.1457508],[22.48668,49.1453586],[22.4882374,49.1460057],[22.4892012,49.1463933],[22.4899584,49.1466823],[22.4904054,49.146845],[22.4908791,49.1469724],[22.4906565,49.1477043],[22.4906489,49.1477521],[22.4902355,49.148429],[22.4899959,49.1485315],[22.4882834,49.1492954],[22.4874046,49.149653],[22.4871252,49.1489315],[22.4860024,49.1486059],[22.4849064,49.1480687],[22.4837282,49.1477804],[22.4827135,49.1474431],[22.4823146,49.1469063],[22.482815,49.1464327],[22.4840635,49.1455246],[22.4841001,49.1454771],[22.4846028,49.145244]]],[[[22.4612902,49.1476646],[22.4626339,49.1472177],[22.4626538,49.1472159],[22.4627186,49.1471824],[22.4627315,49.1471981],[22.4627547,49.147192],[22.4627574,49.1472568],[22.4628064,49.1473613],[22.4629875,49.1474726],[22.4629889,49.1476095],[22.463046,49.1476482],[22.4632318,49.1476439],[22.463308,49.1476832],[22.4633427,49.1477513],[22.4633414,49.1478227],[22.4633467,49.1478726],[22.4633718,49.1479207],[22.4634583,49.1479502],[22.4636082,49.1480183],[22.4636838,49.1480875],[22.4637642,49.1481333],[22.4638915,49.1481116],[22.4639348,49.1480818],[22.4640033,49.1480738],[22.464052,49.1481485],[22.4640759,49.1483085],[22.4639071,49.1483862],[22.4633349,49.148588],[22.4617268,49.1491613],[22.4616325,49.1488248],[22.4614495,49.148335],[22.4614217,49.1478322],[22.4612902,49.1476646]]],[[[22.4614604,49.14844],[22.4597979,49.1489855],[22.4593128,49.1491471],[22.4588011,49.1493188],[22.4582875,49.1494893],[22.4579811,49.1495931],[22.4574255,49.1497788],[22.4568987,49.1499292],[22.4568108,49.1499574],[22.4568002,49.1499494],[22.456782,49.1499023],[22.4568083,49.149856],[22.4567539,49.1497662],[22.4567508,49.1497473],[22.4567666,49.1497209],[22.4567034,49.1496731],[22.4566484,49.1496518],[22.4566441,49.1496356],[22.4566323,49.14963],[22.4566255,49.1496162],[22.4566222,49.149563],[22.4565809,49.1495234],[22.4564163,49.149434],[22.4564006,49.149397],[22.4563687,49.1493691],[22.4562944,49.1493525],[22.4562942,49.1493493],[22.4562797,49.1493497],[22.4562575,49.1493102],[22.4562598,49.1492845],[22.4566449,49.1491593],[22.4578938,49.1487563],[22.4591052,49.1483633],[22.4602297,49.1479986],[22.4612216,49.147677],[22.4612241,49.1476803],[22.4612622,49.1476673],[22.4613564,49.1478204],[22.4614073,49.1483291],[22.4614604,49.14844]]],[[[22.4542399,49.1479665],[22.4549555,49.1477712],[22.4550449,49.1478663],[22.4551588,49.147924],[22.4551934,49.147946],[22.4552082,49.147963],[22.4552129,49.1479917],[22.4552437,49.1480488],[22.4553158,49.1480781],[22.4553579,49.1481347],[22.455403,49.1481697],[22.4554402,49.1481796],[22.4553888,49.1481327],[22.4553954,49.1481199],[22.4553407,49.1480666],[22.4552446,49.1479939],[22.4552192,49.1479473],[22.4550562,49.1478685],[22.4549753,49.147766],[22.4553272,49.1476704],[22.455509,49.1475964],[22.4563969,49.1472364],[22.4573034,49.146936],[22.4584046,49.1466666],[22.4592049,49.1465605],[22.4600704,49.1463488],[22.4603896,49.1466708],[22.4607229,49.1469609],[22.4601614,49.1471206],[22.4589912,49.147454],[22.4580827,49.1477128],[22.4570605,49.1480078],[22.4556434,49.1484068],[22.4556226,49.1483938],[22.4555879,49.1483389],[22.4555918,49.1482643],[22.4555637,49.1482259],[22.4554911,49.1482001],[22.4555226,49.1482223],[22.4555737,49.1482922],[22.4555804,49.1483617],[22.4556113,49.1484144],[22.4556971,49.14846],[22.4556978,49.1484707],[22.4557155,49.1484767],[22.4557109,49.148515],[22.4557512,49.1486382],[22.4557552,49.148669],[22.4557793,49.1486897],[22.4558162,49.1486987],[22.4558191,49.1487141],[22.4558488,49.1487365],[22.455828,49.1487633],[22.4558401,49.1487683],[22.4558457,49.148783],[22.4558633,49.1487884],[22.4558932,49.1488786],[22.4559256,49.1489009],[22.4559937,49.1490191],[22.455986,49.1490521],[22.4560379,49.1490803],[22.4560873,49.149099],[22.4561176,49.1491172],[22.4561645,49.1492039],[22.456215,49.149225],[22.4562278,49.1492389],[22.456226,49.1492526],[22.4562353,49.1492565],[22.4562294,49.149327],[22.456256,49.1493577],[22.4563351,49.149372],[22.4563921,49.1494477],[22.4564487,49.1494787],[22.4565864,49.1495401],[22.4565965,49.1495684],[22.4566105,49.1496388],[22.456678,49.1496695],[22.4567056,49.1496889],[22.4567208,49.1497379],[22.4567187,49.1497719],[22.4567656,49.1498199],[22.4567652,49.1498931],[22.4565996,49.1499648],[22.4553659,49.1502077],[22.4523728,49.1509403],[22.4525384,49.1500852],[22.4543898,49.1496154],[22.4547649,49.1492922],[22.4536797,49.148827],[22.4539726,49.148523],[22.4542399,49.1479665]]],[[[22.4601455,49.1463333],[22.4611308,49.1464335],[22.4616384,49.14671],[22.4608152,49.1469442],[22.4608046,49.146935],[22.4607547,49.1469484],[22.4601455,49.1463333]]],[[[22.4532269,49.1486322],[22.4541694,49.1479872],[22.4539063,49.1485095],[22.4536123,49.1487969],[22.4532269,49.1486322]]],[[[22.4523098,49.1509189],[22.4506957,49.1512648],[22.4504856,49.1507109],[22.4511472,49.1503833],[22.4524521,49.1501067],[22.4523098,49.1509189]]],[[[22.4509674,49.1519753],[22.4523545,49.1516784],[22.4525806,49.1521098],[22.452868,49.1527453],[22.4529703,49.1528852],[22.4529844,49.153061],[22.4528541,49.1533542],[22.4529102,49.1535609],[22.4520556,49.1538008],[22.4515398,49.1530137],[22.4513854,49.1527391],[22.4509674,49.1519753]]],[[[22.4524307,49.1516654],[22.4533879,49.151504],[22.4549015,49.1512514],[22.4559016,49.151081],[22.456762,49.1509373],[22.4572689,49.1507745],[22.4572957,49.1508076],[22.4574771,49.1509111],[22.4576025,49.1510169],[22.4576054,49.1510972],[22.4576873,49.1512698],[22.4577073,49.1514001],[22.4577679,49.1514882],[22.4579784,49.1516569],[22.4579244,49.1517419],[22.4579263,49.1518472],[22.4576858,49.1519265],[22.4576828,49.1520647],[22.4577205,49.1521505],[22.4577161,49.1522572],[22.4579349,49.1523488],[22.4580581,49.1524493],[22.4580042,49.1526266],[22.4581085,49.1527294],[22.4581745,49.1528179],[22.4581596,49.1529023],[22.4581286,49.1529664],[22.4581305,49.1530187],[22.4582223,49.1531255],[22.458189,49.1531943],[22.4581502,49.1532366],[22.4580997,49.1533197],[22.4580587,49.1533304],[22.4580101,49.1533366],[22.4579048,49.1534398],[22.4578942,49.1535223],[22.4580207,49.1536709],[22.4564783,49.1538886],[22.4562574,49.1531403],[22.4530093,49.1535496],[22.452928,49.1533722],[22.4530394,49.1530688],[22.4530265,49.1528835],[22.4529517,49.1527476],[22.4524307,49.1516654]]],[[[22.4612731,49.1539681],[22.4596526,49.1545754],[22.4586512,49.1549495],[22.4581234,49.1551514],[22.4581214,49.1551414],[22.4581156,49.1551427],[22.4580598,49.1549685],[22.4580741,49.1548341],[22.4579729,49.1546579],[22.4578558,49.1545281],[22.4577981,49.1544161],[22.457792,49.1543163],[22.4578812,49.154216],[22.4580005,49.1541433],[22.4579853,49.1540557],[22.4580074,49.1540461],[22.4580724,49.154003],[22.4587095,49.1537535],[22.4591695,49.1536082],[22.4598592,49.1533458],[22.4605418,49.1530473],[22.4612867,49.1539031],[22.4612381,49.1539221],[22.4612731,49.1539681]]],[[[22.6909356,49.2532112],[22.6909383,49.2532046],[22.6912959,49.2530491],[22.6913133,49.2530634],[22.6913202,49.2530635],[22.6916593,49.2533417],[22.69156,49.2534615],[22.6912975,49.2536009],[22.6909733,49.2533273],[22.6909356,49.2532112]]],[[[22.6919999,49.2478064],[22.6923411,49.2480402],[22.6915069,49.2483771],[22.6911884,49.248083],[22.6919999,49.2478064]]],[[[22.6905423,49.2461584],[22.6907139,49.2464223],[22.6905788,49.246476],[22.6901102,49.2466664],[22.6895673,49.246887],[22.6887181,49.2471946],[22.6883783,49.2472965],[22.6883005,49.2473139],[22.6881456,49.2472361],[22.6885925,49.2470224],[22.689291,49.2466949],[22.6892883,49.2466888],[22.6897026,49.2464933],[22.6900469,49.2463308],[22.6905423,49.2461584]]],[[[22.7664691,49.1536917],[22.7604472,49.152532],[22.7517898,49.1528359],[22.748403,49.1564349],[22.742004,49.153721],[22.7483378,49.1492122],[22.7589748,49.1484821],[22.7660378,49.1452995],[22.7723691,49.1412881],[22.7788296,49.1423063],[22.7790867,49.1370353],[22.7910483,49.1356686],[22.7908309,49.1320743],[22.7852224,49.129386],[22.7903323,49.1291284],[22.7925582,49.1281809],[22.7911237,49.1253403],[22.7905371,49.123836],[22.7943523,49.123601],[22.8021761,49.1236347],[22.8096771,49.1224791],[22.8102917,49.117384],[22.8183126,49.112052],[22.8172111,49.1068766],[22.8185014,49.104096],[22.8286984,49.1033538],[22.8358924,49.1035634],[22.8406717,49.1041738],[22.8431573,49.1002693],[22.8488725,49.0964182],[22.8540576,49.0956145],[22.8591526,49.0966859],[22.8691039,49.0935257],[22.8785239,49.0953522],[22.8842166,49.0924338],[22.8870951,49.0894498],[22.8899562,49.0923231],[22.8909455,49.0955857],[22.8893713,49.0973593],[22.8856986,49.0965486],[22.8852092,49.0977492],[22.8829591,49.0983371],[22.8824379,49.0972877],[22.8802741,49.0973276],[22.8779869,49.0981028],[22.8760035,49.0966926],[22.8726218,49.0980377],[22.8683705,49.0988248],[22.8668189,49.1006736],[22.8620968,49.1009714],[22.8597691,49.1027101],[22.8552554,49.1040589],[22.8550429,49.1062618],[22.8566872,49.1081571],[22.8576552,49.1092287],[22.8583273,49.110248],[22.8601621,49.1123145],[22.8568257,49.1114485],[22.8524913,49.1122386],[22.8513845,49.1146119],[22.8488248,49.1142383],[22.8458192,49.1128722],[22.8435934,49.1105448],[22.839252,49.1104031],[22.837409,49.110849],[22.8366502,49.1106024],[22.8364754,49.1114093],[22.8373407,49.1119235],[22.8375919,49.1123069],[22.8351085,49.1119935],[22.8327578,49.1107257],[22.8306656,49.1119534],[22.8291472,49.1134908],[22.829487,49.1158562],[22.8292916,49.1171755],[22.8305439,49.117246],[22.8298829,49.1186404],[22.8283398,49.1196247],[22.8249318,49.1207106],[22.8213244,49.1230719],[22.8198275,49.1229252],[22.8193001,49.125865],[22.8168736,49.1249689],[22.8121302,49.125044],[22.8166533,49.1287173],[22.8106152,49.1298088],[22.8073239,49.1303822],[22.8076429,49.1327089],[22.8028066,49.1338019],[22.7990157,49.1362374],[22.7926854,49.1389379],[22.7937407,49.1433642],[22.7924237,49.1467801],[22.7890401,49.1501895],[22.7923042,49.1544445],[22.7892794,49.1576706],[22.7818205,49.1560129],[22.7724569,49.1527886],[22.7740966,49.1559041],[22.7664691,49.1536917]]],[[[22.8741606,49.0307249],[22.8743569,49.0337604],[22.8767148,49.0351291],[22.8797472,49.0383879],[22.8777442,49.0400017],[22.8734375,49.0370409],[22.8687512,49.0389917],[22.8688757,49.043131],[22.8720786,49.0481211],[22.8755574,49.0514779],[22.8747002,49.0544756],[22.870864,49.0556382],[22.8702833,49.0587703],[22.8674509,49.0589924],[22.867534,49.0627008],[22.8662134,49.065583],[22.8665461,49.06796],[22.8534683,49.0691935],[22.8463315,49.0783219],[22.8327917,49.0713519],[22.8271677,49.067144],[22.8015635,49.0711158],[22.7996702,49.0806649],[22.7890389,49.0883051],[22.7703866,49.0913594],[22.755143,49.1017791],[22.741768,49.108368],[22.7297742,49.1195687],[22.7117499,49.1211918],[22.6925626,49.1293063],[22.6704623,49.1416738],[22.6525229,49.1435521],[22.6428495,49.1560711],[22.6286622,49.164187],[22.6093629,49.1739431],[22.5855125,49.1744269],[22.5633151,49.1837959],[22.5460547,49.1948744],[22.5304067,49.204876],[22.513232,49.2149875],[22.4960836,49.2236841],[22.4753404,49.2358039],[22.4660892,49.2218057],[22.47092,49.2008797],[22.4573174,49.202302],[22.452344,49.1906207],[22.4513923,49.1813958],[22.4712107,49.1691784],[22.4813669,49.1604738],[22.4805744,49.1589878],[22.4902267,49.1585083],[22.4862654,49.1506864],[22.4924331,49.1500708],[22.4971513,49.1503137],[22.4998668,49.1457489],[22.4855083,49.1433],[22.4732424,49.1425303],[22.4667295,49.135939],[22.4537387,49.1274568],[22.4439696,49.1160078],[22.4482487,49.1032967],[22.4746186,49.0954128],[22.4970232,49.0858903],[22.5197633,49.0925293],[22.5412887,49.093971],[22.5649469,49.0879641],[22.584173,49.0972538],[22.6152525,49.0823914],[22.6397195,49.059719],[22.6692004,49.0476351],[22.6902807,49.0430962],[22.7225933,49.0510346],[22.7600872,49.047293],[22.7938932,49.0405577],[22.8337495,49.0260768],[22.8443372,49.0055254],[22.8799201,49.0056066],[22.8828083,49.0068768],[22.8844838,49.006856],[22.8859452,49.0071875],[22.887748,49.0070871],[22.8893757,49.0070961],[22.8907899,49.0076045],[22.8916288,49.008757],[22.8908784,49.0110111],[22.8894057,49.0124074],[22.8895484,49.013163],[22.8898527,49.0150832],[22.892255,49.016279],[22.8936333,49.0173193],[22.8929865,49.0185742],[22.891669,49.0189583],[22.8886208,49.0199718],[22.8863122,49.0204751],[22.8829036,49.0217835],[22.881486,49.0231509],[22.8798911,49.0244262],[22.8788379,49.0260983],[22.8780991,49.0274832],[22.8741606,49.0307249]]]]}},{"type":"Feature","properties":{"@id":"relation/6247785","boundary":"national_park","gid":"2489","kodinspire":"PL.ZIPOP.1393.PN.1","name":"Ojcowski Park Narodowy","name:en":"Ojców National Park","name:pl":"Ojcowski Park Narodowy","note":"see previous relation #1 984 375 for old borders","protect_class":"2","source":"Generalna Dyrekcja Ochrony Środowiska","type":"multipolygon","wikidata":"Q619007","wikipedia":"pl:Ojcowski Park Narodowy"},"geometry":{"type":"MultiPolygon","coordinates":[[[[19.7840046,50.2509694],[19.7786816,50.2459803],[19.7741308,50.24839],[19.7730835,50.2473401],[19.7719208,50.2462561],[19.776744,50.2415384],[19.7793869,50.2384857],[19.7836774,50.2357982],[19.7868593,50.234366],[19.795146,50.2372849],[19.8000539,50.2363188],[19.8042505,50.2359432],[19.8105786,50.2344506],[19.8080612,50.2332325],[19.8086906,50.2319322],[19.8127018,50.2311629],[19.8163777,50.2307984],[19.8211561,50.2288274],[19.8243301,50.22695],[19.8262843,50.2258209],[19.825815,50.2242563],[19.8261745,50.2227869],[19.8248572,50.2218926],[19.8255674,50.2200104],[19.8285504,50.2191371],[19.8227779,50.2184609],[19.8146764,50.2202293],[19.8068448,50.2223916],[19.8003005,50.2218973],[19.7980558,50.2237054],[19.7952121,50.2257796],[19.7913654,50.225009],[19.7892379,50.222538],[19.792156,50.2207316],[19.7859761,50.2206045],[19.7807587,50.2184772],[19.7776225,50.2195517],[19.7759347,50.217605],[19.7708037,50.216459],[19.7698839,50.2151048],[19.773846,50.2117945],[19.7777442,50.2103445],[19.7829973,50.2096943],[19.7846006,50.2072046],[19.7837507,50.2052243],[19.7888938,50.2004378],[19.7950582,50.1988957],[19.7999325,50.1992744],[19.80631,50.1986548],[19.8115636,50.1996551],[19.8162103,50.1972973],[19.814625,50.1953171],[19.8125322,50.1926648],[19.8140128,50.1864566],[19.8190966,50.1804277],[19.8270888,50.1849723],[19.8332297,50.1866708],[19.8334933,50.1821519],[19.8315069,50.1802461],[19.8325678,50.1790717],[19.8341364,50.1778993],[19.8361608,50.1766597],[19.8362644,50.1751985],[19.8360812,50.1734687],[19.8432622,50.1726262],[19.8434493,50.171718],[19.8441213,50.1712503],[19.8474132,50.1704806],[19.8507059,50.1716403],[19.851659,50.1739474],[19.847739,50.1783311],[19.8457569,50.1795015],[19.8405392,50.1806672],[19.8412704,50.1824456],[19.844767,50.1847801],[19.8426737,50.1868765],[19.8392738,50.1879254],[19.8388938,50.1909701],[19.836377,50.1952446],[19.8360764,50.2011978],[19.8408813,50.2022875],[19.8416701,50.2076378],[19.840675,50.2129758],[19.8424713,50.2153103],[19.8464955,50.2196176],[19.8393301,50.2230246],[19.8374426,50.2246698],[19.8364048,50.2258335],[19.8329884,50.2285841],[19.8273859,50.2292561],[19.8233904,50.2313862],[19.8237811,50.2340227],[19.8256228,50.2372298],[19.8235984,50.240061],[19.8233627,50.2423385],[19.8202557,50.2440712],[19.8157909,50.2467003],[19.8108559,50.2494646],[19.8054023,50.2506576],[19.7840046,50.2509694]]],[[[19.7693364,50.2474026],[19.7695949,50.2477244],[19.7691836,50.2477429],[19.7687724,50.247759],[19.7682416,50.2477873],[19.7679548,50.2475303],[19.7681008,50.247433],[19.7682858,50.2473152],[19.768679,50.2471497],[19.7690453,50.2470483],[19.7693364,50.2474026]]],[[[19.7737424,50.2217083],[19.773592,50.221795],[19.7734564,50.2218202],[19.7733752,50.2218024],[19.7731472,50.2216935],[19.7734022,50.2214923],[19.7737424,50.2217083]]],[[[19.8666756,50.1976623],[19.8667364,50.1977368],[19.8668293,50.1979632],[19.8663494,50.1979111],[19.8656349,50.1977416],[19.8655319,50.197673],[19.8656351,50.1974669],[19.8656092,50.1971157],[19.8656392,50.1966978],[19.8655584,50.1965729],[19.865513,50.1961248],[19.8654404,50.1958226],[19.8652848,50.1956409],[19.865128,50.1952671],[19.8652452,50.1951956],[19.866365,50.194664],[19.8670127,50.1943697],[19.8671362,50.1943113],[19.8677118,50.1941006],[19.867935,50.1938477],[19.8681792,50.193759],[19.8681837,50.1937241],[19.8683929,50.1937246],[19.8693297,50.1938643],[19.8694423,50.1939001],[19.8695781,50.194039],[19.869777,50.1943336],[19.8699531,50.1944444],[19.8701288,50.1946618],[19.8699075,50.1945397],[19.8696257,50.1944391],[19.8691181,50.1940396],[19.8686032,50.1940435],[19.868055,50.1941679],[19.8677124,50.1945052],[19.8674942,50.1946902],[19.8671859,50.194884],[19.8668114,50.1950339],[19.8656615,50.1954212],[19.8660125,50.1955828],[19.8660593,50.1956861],[19.866124,50.1962361],[19.8661867,50.1967621],[19.8661273,50.1969679],[19.8660377,50.1971427],[19.8660095,50.1973157],[19.8658641,50.1974518],[19.8657552,50.1976358],[19.8658497,50.1976632],[19.8663882,50.1975837],[19.8665084,50.1975813],[19.8666756,50.1976623]]],[[[19.8701533,50.1937976],[19.8701656,50.193913],[19.8700257,50.1941591],[19.8701932,50.1944541],[19.8701883,50.1944876],[19.8698561,50.1942955],[19.8697344,50.1941077],[19.8695793,50.1938942],[19.8694583,50.1938236],[19.868408,50.1936518],[19.8681744,50.193664],[19.8666533,50.1936364],[19.8665017,50.1936591],[19.8660673,50.1934736],[19.8655942,50.1931814],[19.865426,50.1929092],[19.8654587,50.1928985],[19.8655718,50.1928613],[19.8656516,50.192835],[19.8657584,50.1927999],[19.8660898,50.1926953],[19.8662909,50.192662],[19.8666525,50.192602],[19.8672347,50.1924194],[19.8675675,50.1923396],[19.8679993,50.1921733],[19.8682393,50.1919652],[19.8683477,50.1916843],[19.8683558,50.1915587],[19.8682786,50.1913965],[19.8679318,50.1908717],[19.8680482,50.190745],[19.8683564,50.1905764],[19.8684268,50.1905379],[19.8686412,50.1903414],[19.8688137,50.1900741],[19.8688318,50.189951],[19.8688655,50.1897212],[19.8693696,50.1892975],[19.8704855,50.1883618],[19.8713753,50.1876089],[19.871307,50.187872],[19.8711977,50.1880917],[19.870946,50.1883667],[19.8706742,50.1886452],[19.8704663,50.188852],[19.8701646,50.1890306],[19.8694848,50.1897129],[19.8689193,50.190773],[19.8688907,50.1909623],[19.868892,50.1909756],[19.8689493,50.1913011],[19.8690687,50.1915549],[19.8690773,50.1916743],[19.8690507,50.1917958],[19.8686237,50.1925066],[19.8684491,50.1928163],[19.8683812,50.1930298],[19.8688568,50.1931673],[19.8689708,50.1932392],[19.8690203,50.1933318],[19.8696883,50.1934761],[19.8701533,50.1937976]]],[[[19.8747061,50.1904267],[19.8746532,50.1910148],[19.8746372,50.1912725],[19.8743566,50.1911523],[19.8742726,50.1902953],[19.8745153,50.1900916],[19.8745627,50.1900559],[19.8748077,50.189895],[19.8747817,50.1897056],[19.8748995,50.189484],[19.8746017,50.1893408],[19.8743472,50.1891802],[19.8741826,50.1890733],[19.8738113,50.1888759],[19.8737286,50.1886853],[19.8736191,50.1885909],[19.8732637,50.188288],[19.8731262,50.1882386],[19.8728566,50.1881383],[19.8726341,50.1880359],[19.8728542,50.1878828],[19.8727185,50.1875904],[19.8727133,50.1875621],[19.8733907,50.1876916],[19.8734835,50.1880365],[19.873609,50.1880952],[19.8740065,50.1882861],[19.8744871,50.18871],[19.8748349,50.1890124],[19.8750042,50.1892567],[19.8756027,50.1896772],[19.8756121,50.1896843],[19.8758144,50.1896869],[19.8760722,50.1896912],[19.8763008,50.1896807],[19.8763917,50.1896787],[19.8765732,50.1896696],[19.8770354,50.1896292],[19.8774892,50.1896203],[19.8779564,50.1895723],[19.8782915,50.1896816],[19.8782871,50.1897131],[19.8780213,50.189775],[19.877785,50.1898218],[19.8773023,50.1898296],[19.876857,50.1898285],[19.8763287,50.1898475],[19.8760851,50.1898824],[19.8760165,50.1900212],[19.8762892,50.1901591],[19.87628,50.1903111],[19.8761119,50.1903123],[19.8756527,50.1900713],[19.8754289,50.1899985],[19.8747061,50.1904267]]],[[[19.8591619,50.1673787],[19.8593338,50.167492],[19.8593387,50.1675258],[19.8592132,50.1676813],[19.8591666,50.1677788],[19.8587843,50.1680448],[19.8585424,50.1682435],[19.8583446,50.1684423],[19.8582734,50.1685479],[19.8582932,50.1686169],[19.8588661,50.1687192],[19.859365,50.1688593],[19.8595878,50.1689219],[19.8600071,50.1690716],[19.8599968,50.1690925],[19.8599312,50.1692235],[19.8571257,50.1687664],[19.8571275,50.1686722],[19.8571321,50.1684313],[19.857132,50.1683208],[19.857245,50.1681097],[19.8573505,50.1680012],[19.8577038,50.167759],[19.8580116,50.1675981],[19.8585618,50.1674137],[19.8590331,50.1673542],[19.8591619,50.1673787]]],[[[19.8558737,50.1654385],[19.8555689,50.1657716],[19.8554564,50.1659225],[19.8554012,50.1659653],[19.8541573,50.1655807],[19.8541826,50.1653976],[19.8542398,50.1652882],[19.854467,50.1650411],[19.8558737,50.1654385]]],[[[19.86552,50.1567838],[19.8653165,50.1570251],[19.8647115,50.1577102],[19.8646084,50.157774],[19.864486,50.1578863],[19.8644431,50.1579628],[19.86431,50.1579047],[19.8643175,50.157734],[19.8644174,50.1575154],[19.8644093,50.1573538],[19.8646681,50.1571902],[19.8647253,50.1570662],[19.8648441,50.1569097],[19.8649325,50.1568617],[19.8653575,50.1566939],[19.8654058,50.1566672],[19.8656307,50.1565423],[19.86552,50.1567838]]]]}},{"type":"Feature","properties":{"@id":"relation/6248133","boundary":"national_park","gid":"2503","kodinspire":"PL.ZIPOP.1393.PN.16","name":"Magurski Park Narodowy","name:de":"Nationalpark Magura","name:en":"Magura National Park","name:pl":"Magurski Park Narodowy","note":"old relation #4 444 118 for MPN is still present in case it is nedded","protect_class":"2","short_name":"MPN","source:natura2000:AREA":"1.94605E8","source:natura2000:ID_KSOCH":"NP0020","source:natura2000:NAZ":"Magurski Park Narodowy","source:natura2000:NP_":"34","source:natura2000:NP_ID":"35","source:natura2000:PERIMETER":"157650.0","source:natura2000:POW":"19439.0","source:natura2000:TYP":"1","type":"boundary","website":"http://www.magurskipn.pl","wikidata":"Q622777","wikipedia":"pl:Magurski Park Narodowy"},"geometry":{"type":"MultiPolygon","coordinates":[[[[21.4677208,49.4384766],[21.5061357,49.4232759],[21.523876,49.43109],[21.54932,49.433316],[21.575602,49.435406],[21.5986634,49.4365066],[21.621677,49.445582],[21.625652,49.4536328],[21.605487,49.4620885],[21.6095048,49.453486],[21.5992829,49.4587515],[21.586941,49.4609998],[21.5795562,49.4608979],[21.575195,49.4766862],[21.5678273,49.4722004],[21.560527,49.4702299],[21.5573326,49.4748481],[21.5567892,49.4811936],[21.5582807,49.4897205],[21.5394341,49.4859313],[21.5444943,49.4893043],[21.5363517,49.5015408],[21.5159309,49.5015251],[21.510615,49.4962123],[21.5113363,49.4850119],[21.4943248,49.4879639],[21.4809113,49.4935692],[21.4856048,49.5031183],[21.4875096,49.5050284],[21.4661952,49.5142652],[21.4426359,49.509917],[21.4285121,49.5116476],[21.4284838,49.52285],[21.4189528,49.526488],[21.4156862,49.5330603],[21.4137108,49.5420349],[21.4235466,49.5441367],[21.4406967,49.5321793],[21.451795,49.5239266],[21.4689869,49.5250647],[21.4640074,49.5377831],[21.4761315,49.527784],[21.4927524,49.5201446],[21.4949309,49.5164698],[21.5060259,49.5222164],[21.516337,49.5091097],[21.5277446,49.5073748],[21.5457445,49.502463],[21.5609418,49.4958698],[21.5632631,49.5087616],[21.5594519,49.5176634],[21.5440727,49.5242489],[21.5467848,49.5359391],[21.5400165,49.5392396],[21.5276241,49.5436668],[21.5217753,49.5449846],[21.5134151,49.5532809],[21.5008223,49.5499092],[21.4772677,49.549261],[21.4586727,49.5516287],[21.4503493,49.5668794],[21.4380616,49.5667434],[21.427252,49.5700193],[21.4178055,49.5681065],[21.4126133,49.5718853],[21.4080043,49.5774066],[21.4201387,49.5831875],[21.428866,49.5884559],[21.4231955,49.6002088],[21.4084802,49.5977127],[21.4005461,49.6049619],[21.390419,49.6064031],[21.3814075,49.6087425],[21.3731838,49.6097041],[21.3747824,49.6139599],[21.3758936,49.6213079],[21.3628868,49.6176994],[21.3576299,49.627881],[21.3537711,49.6382855],[21.3447665,49.6415086],[21.3317191,49.631277],[21.2946146,49.6338736],[21.3096492,49.6249917],[21.3238256,49.6059491],[21.3393571,49.5842049],[21.3589684,49.5763013],[21.380291,49.5689485],[21.3730477,49.5530118],[21.3588752,49.5461897],[21.3830129,49.5357214],[21.3886269,49.5270941],[21.3756752,49.5142252],[21.385834,49.5032096],[21.4123026,49.4970631],[21.4283237,49.4769545],[21.4082387,49.4916206],[21.379658,49.4829703],[21.3908285,49.4743462],[21.4293828,49.456521],[21.4677208,49.4384766]]],[[[21.549122,49.5360693],[21.5494174,49.5361544],[21.5493378,49.5362335],[21.5491315,49.5364975],[21.5490416,49.53677],[21.5489338,49.537097],[21.5488923,49.5372576],[21.5488846,49.5372841],[21.5487245,49.5378389],[21.5486678,49.5380341],[21.5482615,49.5379448],[21.5479496,49.5378039],[21.5477587,49.5377118],[21.5475167,49.5375951],[21.5476881,49.5373772],[21.5478092,49.5370795],[21.5478702,49.5369294],[21.5480771,49.5366108],[21.5482416,49.5365081],[21.548619,49.5362722],[21.5489646,49.5360239],[21.549122,49.5360693]]],[[[21.5478114,49.5331733],[21.5478146,49.5335289],[21.547994,49.5340048],[21.5480629,49.5343388],[21.5474946,49.5343483],[21.5476362,49.5331527],[21.5478114,49.5331733]]],[[[21.552508,49.5305454],[21.5528066,49.530301],[21.5530687,49.5301296],[21.5544249,49.5292489],[21.5544632,49.5292769],[21.5545998,49.5293763],[21.5552139,49.5298232],[21.5552937,49.5299567],[21.554726,49.5302091],[21.5540703,49.5304947],[21.5541009,49.5307263],[21.5541344,49.5309784],[21.5541794,49.5313172],[21.554185,49.5313588],[21.5542184,49.5316101],[21.5541743,49.531582],[21.5539,49.5314066],[21.5538537,49.531377],[21.5534811,49.5311389],[21.5533444,49.5310555],[21.5529438,49.5308112],[21.5525339,49.5305612],[21.552508,49.5305454]]],[[[21.5653548,49.4962545],[21.5653566,49.4962348],[21.5653662,49.49613],[21.5653673,49.4960772],[21.5654021,49.4956877],[21.5654425,49.4952832],[21.5654881,49.4948278],[21.5659363,49.4948277],[21.56599,49.4948274],[21.5662549,49.494826],[21.5664259,49.4948826],[21.566544,49.4949707],[21.5666695,49.4951253],[21.5663579,49.4952986],[21.5663082,49.4954702],[21.5662076,49.4958184],[21.5660828,49.4962497],[21.5660799,49.4962597],[21.5659697,49.4962373],[21.5658179,49.4962787],[21.5656747,49.4962713],[21.5653548,49.4962545]]],[[[21.5198094,49.5688792],[21.5198206,49.5686741],[21.5198044,49.5685475],[21.5198205,49.568556],[21.5199368,49.5686175],[21.5201615,49.5687365],[21.5203522,49.5685824],[21.5205943,49.5687086],[21.5206149,49.56872],[21.5206348,49.5687324],[21.5208491,49.5688663],[21.5216198,49.5693473],[21.5213553,49.5695166],[21.5209423,49.5693369],[21.5209237,49.569329],[21.5206394,49.569193],[21.5203902,49.5690747],[21.5203679,49.5690641],[21.5203327,49.5690514],[21.5201625,49.5689864],[21.5201024,49.5689631],[21.5199954,49.5689227],[21.5198666,49.5688925],[21.5198094,49.5688792]]],[[[21.5192574,49.568171],[21.5196578,49.5683138],[21.5196406,49.5684933],[21.5196279,49.5686255],[21.5196473,49.5687687],[21.5196461,49.5688037],[21.5196414,49.5688345],[21.5196226,49.5689136],[21.5195829,49.5689755],[21.5195562,49.569015],[21.5191457,49.5689341],[21.5188274,49.5688708],[21.5184755,49.5688008],[21.518381,49.5687821],[21.5186081,49.5686242],[21.5186423,49.5686],[21.5192574,49.568171]]],[[[21.5143639,49.5732925],[21.5143219,49.5731602],[21.5142608,49.5729661],[21.5141743,49.572896],[21.5138251,49.5726126],[21.5141403,49.5725241],[21.5142103,49.5725043],[21.5151336,49.5722451],[21.5152388,49.5723472],[21.5155055,49.5726061],[21.5159164,49.5730048],[21.5143219,49.5738321],[21.5143639,49.5732925]]],[[[21.5143263,49.5738674],[21.5156208,49.573194],[21.515942,49.5742672],[21.5142883,49.5741244],[21.5143174,49.5739759],[21.5143335,49.5738936],[21.5143263,49.5738674]]],[[[21.5070801,49.5748529],[21.5075712,49.5754201],[21.5076223,49.575479],[21.5084,49.5763772],[21.5074865,49.5770694],[21.506937,49.5762911],[21.5067357,49.5760061],[21.5066575,49.5758953],[21.5062851,49.5753678],[21.5068828,49.5749807],[21.5070801,49.5748529]]],[[[21.5061889,49.5752748],[21.505766,49.5747918],[21.5059832,49.5746178],[21.5062632,49.5744518],[21.5067713,49.5748979],[21.5061889,49.5752748]]],[[[21.4804762,49.5712282],[21.4797706,49.569879],[21.4796329,49.5696108],[21.4792194,49.5688403],[21.4799592,49.5685162],[21.4805328,49.5696155],[21.4806147,49.5697722],[21.4806945,49.569925],[21.4812907,49.5710674],[21.4804762,49.5712282]]],[[[21.4773926,49.5616518],[21.4750555,49.5603015],[21.4751269,49.5602223],[21.475505,49.5596221],[21.4788512,49.5624631],[21.4776793,49.5629598],[21.4766684,49.5620479],[21.4773926,49.5616518]]],[[[21.4735325,49.5594136],[21.4738791,49.5589422],[21.4740431,49.5587131],[21.4741936,49.5585028],[21.4744093,49.5586868],[21.4744302,49.5587046],[21.4746142,49.5588615],[21.4747963,49.5590168],[21.4752813,49.5594306],[21.4753133,49.5594579],[21.4754582,49.5595815],[21.4754208,49.5596412],[21.4750708,49.5602004],[21.4749982,49.5602716],[21.4744459,49.5599479],[21.4742611,49.5600477],[21.4735325,49.5594136]]],[[[21.4734037,49.5593389],[21.4729229,49.5590758],[21.4726248,49.5589127],[21.4726334,49.558874],[21.4729131,49.558871],[21.4729966,49.55887],[21.4731477,49.5588099],[21.4732054,49.5587073],[21.4732049,49.5586208],[21.4731894,49.5585511],[21.473138,49.5583196],[21.4731659,49.558288],[21.4732397,49.5582045],[21.473316,49.5582473],[21.4739014,49.5585753],[21.4739381,49.5585959],[21.4738355,49.5587384],[21.4736964,49.5589319],[21.4734037,49.5593389]]],[[[21.5108838,49.590373],[21.511373,49.5900075],[21.5111525,49.5899138],[21.5108381,49.5899066],[21.5101647,49.5896191],[21.5098627,49.5896572],[21.5091534,49.5895778],[21.5090279,49.5895015],[21.5089867,49.5890907],[21.5089781,49.5890046],[21.507073,49.5886033],[21.5067548,49.5885627],[21.5069216,49.5879327],[21.5070693,49.588058],[21.5073766,49.5878853],[21.507562,49.5877074],[21.5076175,49.5876035],[21.5078713,49.5873371],[21.5081708,49.5874887],[21.5084182,49.5873332],[21.508589,49.5873453],[21.5087007,49.5871531],[21.5089464,49.5872031],[21.5092512,49.5869831],[21.5087982,49.5866847],[21.5091621,49.5864318],[21.5092144,49.5862647],[21.5092524,49.5859768],[21.5097037,49.5856855],[21.5098794,49.5857207],[21.510304,49.5854664],[21.5103202,49.585308],[21.5104449,49.5851314],[21.5106788,49.5851896],[21.5108173,49.5850443],[21.5111763,49.5849337],[21.5114742,49.5850537],[21.5115495,49.5850995],[21.5119061,49.5849416],[21.5123603,49.5847895],[21.5123081,49.5847195],[21.5123874,49.5846071],[21.5137683,49.5859287],[21.514712,49.5867855],[21.5147424,49.5869034],[21.5149849,49.5871273],[21.5152319,49.5874381],[21.5160008,49.5882039],[21.516104,49.5883202],[21.5172709,49.5894963],[21.5170305,49.5895489],[21.5170917,49.5897926],[21.5172852,49.5897726],[21.5173512,49.5898739],[21.517152,49.5900205],[21.5171034,49.5900216],[21.5170115,49.5898892],[21.5162813,49.5901106],[21.5154389,49.5907533],[21.5158422,49.5910733],[21.5154313,49.5913147],[21.5147241,49.591749],[21.5142282,49.591325],[21.5138836,49.5910085],[21.5133034,49.5908393],[21.5131399,49.5907322],[21.5128034,49.5905735],[21.5120751,49.5903601],[21.5120469,49.5902112],[21.5117062,49.5900684],[21.5114546,49.5900224],[21.5109504,49.5903863],[21.5108838,49.590373]]],[[[21.5157193,49.5921858],[21.5156534,49.5923216],[21.5156064,49.5923542],[21.5155023,49.5922221],[21.5151311,49.5920958],[21.5145436,49.5920216],[21.5142813,49.5918851],[21.5140565,49.5915343],[21.5141023,49.5914779],[21.5143472,49.5917493],[21.5145092,49.5918248],[21.514744,49.5918987],[21.5149877,49.5919092],[21.5152092,49.5919597],[21.5155327,49.5921029],[21.5157193,49.5921858]]],[[[21.5211354,49.6011594],[21.5215935,49.6010702],[21.521992,49.6010226],[21.5229438,49.6009274],[21.5229914,49.601204],[21.523064,49.6015986],[21.5215441,49.6017913],[21.521415,49.6015907],[21.5213585,49.6013527],[21.5211354,49.6011594]]],[[[21.5163396,49.6084631],[21.5163824,49.6071675],[21.5166441,49.6071649],[21.5170998,49.6071604],[21.5174639,49.6071604],[21.5177779,49.6071532],[21.5178066,49.6083663],[21.5175223,49.6083997],[21.5163396,49.6084631]]],[[[21.5340533,49.6110343],[21.5343524,49.6108658],[21.5344535,49.610835],[21.5346757,49.6107396],[21.5355181,49.6104449],[21.5368901,49.610048],[21.5370224,49.6103357],[21.5353863,49.6108717],[21.5342717,49.6112867],[21.5340533,49.6110343]]],[[[21.5318224,49.6119738],[21.5339611,49.6110934],[21.5340197,49.6110922],[21.534207,49.6113119],[21.5327343,49.611908],[21.5320173,49.6121982],[21.5318224,49.6119738]]],[[[21.539662,49.6086768],[21.5394216,49.6080831],[21.5405628,49.607813],[21.5413822,49.6095259],[21.5410889,49.6094118],[21.5407743,49.609232],[21.5405936,49.6090959],[21.5402666,49.6089086],[21.539662,49.6086768]]],[[[21.5398924,49.6093097],[21.5397013,49.6087421],[21.5402027,49.608945],[21.5404431,49.6090798],[21.5408342,49.6093474],[21.5407014,49.6093269],[21.5401252,49.6092968],[21.5398924,49.6093097]]],[[[21.4450732,49.4342784],[21.4453026,49.4340577],[21.4456855,49.4337066],[21.445986,49.433431],[21.4461312,49.4332627],[21.4464244,49.4330159],[21.4466528,49.4328905],[21.4467536,49.4328555],[21.4472643,49.4331066],[21.4471957,49.4331344],[21.4467764,49.4331942],[21.4464449,49.4331272],[21.4462513,49.4333251],[21.4464363,49.4334575],[21.4466169,49.4336119],[21.4468869,49.4338298],[21.4467893,49.4341272],[21.4469396,49.4343432],[21.4469619,49.4344124],[21.4466362,49.4344124],[21.4464184,49.4345124],[21.4461825,49.434319],[21.445661,49.4344503],[21.4454013,49.4344488],[21.4450732,49.4342784]]],[[[21.4449133,49.4341913],[21.4442575,49.4338211],[21.4439191,49.4336301],[21.4448377,49.4328281],[21.4453884,49.4322956],[21.4458527,49.4325209],[21.4463607,49.4327673],[21.446477,49.4328238],[21.4465008,49.4328355],[21.4462855,49.4329463],[21.4459943,49.4332035],[21.4458188,49.4333585],[21.4455253,49.4336242],[21.4450089,49.434092],[21.4449613,49.4341414],[21.4449133,49.4341913]]],[[[21.4243516,49.5353634],[21.4245299,49.5352925],[21.4253492,49.535182],[21.4259549,49.5355058],[21.4279655,49.5365799],[21.4283146,49.5367663],[21.429233,49.537257],[21.4295148,49.5374076],[21.4298007,49.53757],[21.430373,49.5378954],[21.430064,49.5379302],[21.4297021,49.5380614],[21.4296837,49.5381539],[21.429646,49.5383435],[21.4286514,49.5377941],[21.428824,49.5376834],[21.4287878,49.5376637],[21.4281213,49.5373001],[21.4275292,49.5369939],[21.427456,49.5369562],[21.4274373,49.5369465],[21.4266863,49.5365587],[21.4264402,49.5364317],[21.4259506,49.5361823],[21.4254467,49.5359257],[21.425197,49.5357987],[21.424766,49.5355792],[21.4243516,49.5353634]]],[[[21.423152,49.5348655],[21.4232847,49.5346686],[21.4235219,49.5344732],[21.4235458,49.5344563],[21.4236995,49.5344771],[21.424329,49.534562],[21.4244369,49.5345765],[21.4242623,49.534977],[21.423152,49.5348655]]],[[[21.4212273,49.5347837],[21.4212875,49.5342622],[21.4227284,49.534346],[21.4228542,49.534363],[21.4233419,49.5344288],[21.42333,49.5344373],[21.42291,49.5346636],[21.4226528,49.5347045],[21.4225027,49.534808],[21.4225038,49.534821],[21.4212273,49.5347837]]],[[[21.426314,49.5255856],[21.4260621,49.5256432],[21.4256121,49.5254102],[21.4258063,49.5254386],[21.4260489,49.5253956],[21.4266078,49.5251884],[21.4265332,49.5253493],[21.426314,49.5255856]]],[[[21.3333814,49.6412572],[21.3333707,49.6412921],[21.3333039,49.6413151],[21.3329344,49.6413653],[21.3327732,49.6413657],[21.3327742,49.6413509],[21.3328582,49.6401044],[21.3329457,49.6387448],[21.3330699,49.6389308],[21.3333435,49.6392877],[21.333601,49.6400252],[21.3335461,49.6403925],[21.3334639,49.6409884],[21.3333814,49.6412572]]],[[[21.3851477,49.6475595],[21.3851508,49.647495],[21.3851878,49.6474902],[21.3851887,49.6469489],[21.3851897,49.64636],[21.3851913,49.6454027],[21.3855432,49.6453673],[21.3855971,49.6453259],[21.385613,49.6456519],[21.3863932,49.6456444],[21.3864003,49.6459038],[21.3864241,49.6462012],[21.3870309,49.6461774],[21.3876257,49.6461417],[21.3876395,49.6463556],[21.3876118,49.6464247],[21.387633,49.6464767],[21.3876925,49.646552],[21.38777,49.6467398],[21.3878939,49.6468621],[21.3875952,49.6469731],[21.3878651,49.6475077],[21.3879113,49.6475992],[21.3857109,49.6475277],[21.3851477,49.6475595]]],[[[21.3941922,49.6474738],[21.3955926,49.6473775],[21.3960958,49.6473429],[21.3967383,49.6472774],[21.397232,49.6472239],[21.3972855,49.64745],[21.396536,49.6475094],[21.395614,49.6475868],[21.3948882,49.6476463],[21.3940257,49.6477176],[21.3941922,49.6474738]]],[[[21.4392368,49.6137733],[21.4390383,49.6134954],[21.4407205,49.6128304],[21.4412382,49.6126508],[21.441275,49.6127202],[21.4413692,49.6129178],[21.4414336,49.6130527],[21.4404621,49.6133746],[21.4400894,49.6134946],[21.4392368,49.6137733]]],[[[21.4470526,49.612217],[21.4415861,49.6132125],[21.4413389,49.6127051],[21.4467973,49.6117031],[21.4470526,49.612217]]],[[[21.431787,49.6052778],[21.4314812,49.604342],[21.4312071,49.6034711],[21.4307615,49.6020586],[21.4314073,49.6019673],[21.4317521,49.6019249],[21.4321736,49.6032996],[21.4323106,49.6037522],[21.4323555,49.6039061],[21.4324544,49.6042306],[21.432612,49.6047448],[21.4326619,49.6049094],[21.4327411,49.6051481],[21.431787,49.6052778]]],[[[21.4300688,49.6055073],[21.4298631,49.6051342],[21.4293689,49.6042264],[21.4309404,49.6040225],[21.4312422,49.6039825],[21.4313353,49.6042851],[21.4316324,49.6052266],[21.4315507,49.605304],[21.4308798,49.6053942],[21.4300688,49.6055073]]],[[[21.4324401,49.6055654],[21.4322153,49.6053848],[21.4321686,49.6053104],[21.4321538,49.6052795],[21.4331574,49.6051449],[21.4329377,49.6053821],[21.432994,49.6054893],[21.4324401,49.6055654]]],[[[21.4319038,49.605643],[21.4318012,49.605326],[21.4319284,49.6053093],[21.4319578,49.6053541],[21.4320331,49.6054327],[21.4322335,49.6055926],[21.4319038,49.605643]]],[[[21.4771332,49.5792081],[21.4775971,49.5791668],[21.4778199,49.5791065],[21.4779376,49.5790746],[21.4785896,49.5789073],[21.4786859,49.5791662],[21.4787689,49.5793975],[21.4787793,49.5794261],[21.4788221,49.5795338],[21.4788727,49.579661],[21.4789056,49.5797366],[21.4789274,49.5797869],[21.4787605,49.5798108],[21.478668,49.5798336],[21.4785671,49.579867],[21.4785051,49.579894],[21.4776749,49.5802572],[21.4775183,49.5799911],[21.4774686,49.5799067],[21.4774342,49.5798479],[21.4774155,49.5798082],[21.4772442,49.5794442],[21.4772236,49.5794002],[21.4771332,49.5792081]]],[[[21.4237389,49.5687599],[21.42336,49.5684656],[21.4230127,49.5681609],[21.4234968,49.5679544],[21.4238805,49.5677822],[21.4240016,49.5677279],[21.4241399,49.5676883],[21.4246382,49.5675455],[21.4249796,49.5674389],[21.4251068,49.5673991],[21.4252899,49.5677955],[21.4252137,49.5678411],[21.4246847,49.5681583],[21.4244701,49.5683284],[21.4242684,49.5684883],[21.4237389,49.5687599]]],[[[21.3327408,49.6413486],[21.3327397,49.6413668],[21.3324994,49.6413731],[21.3323231,49.6413561],[21.3323257,49.6413163],[21.3323429,49.6410484],[21.3327596,49.6410519],[21.3327408,49.6413486]]],[[[21.5135343,49.5058097],[21.5144131,49.5055681],[21.5145657,49.5057833],[21.5137463,49.506118],[21.5137242,49.5060867],[21.513666,49.5059939],[21.5136326,49.5059538],[21.5135343,49.5058097]]],[[[21.4838497,49.4969241],[21.4842739,49.4970119],[21.484765,49.4970204],[21.4850063,49.4970285],[21.4851874,49.4971578],[21.4854315,49.4972799],[21.485533,49.4973251],[21.4851925,49.4974611],[21.485007,49.4975657],[21.4848043,49.4976762],[21.4843339,49.4973038],[21.4840996,49.4971201],[21.4838497,49.4969241]]],[[[21.5021991,49.5105754],[21.5024291,49.5104652],[21.5027612,49.5103111],[21.5028275,49.5102891],[21.5029475,49.5102487],[21.5030166,49.5102385],[21.5032838,49.5101985],[21.5033427,49.5101875],[21.5034302,49.5104652],[21.5031056,49.5105008],[21.5027448,49.5105405],[21.502223,49.5105941],[21.5021991,49.5105754]]],[[[21.4964293,49.5086391],[21.4966817,49.5085505],[21.4970397,49.5084258],[21.4974609,49.5082789],[21.4975179,49.5083069],[21.4976876,49.5084263],[21.4977687,49.5085089],[21.4979735,49.5087176],[21.4981783,49.5089264],[21.4982427,49.5089918],[21.4976761,49.5091979],[21.4971082,49.5094031],[21.496824,49.5090832],[21.4964293,49.5086391]]],[[[21.5029395,49.5101219],[21.5028798,49.5100091],[21.50288,49.5099482],[21.502879,49.5097752],[21.5028782,49.5096138],[21.5028762,49.5094784],[21.5028739,49.5094005],[21.5030944,49.5095003],[21.5033355,49.5096082],[21.5035642,49.5096948],[21.5035409,49.5098016],[21.5035312,49.5098458],[21.5034346,49.510073],[21.5034236,49.5100813],[21.5033294,49.5100902],[21.5032641,49.5100974],[21.5030775,49.5101154],[21.5029395,49.5101219]]],[[[21.6053153,49.4670247],[21.6031614,49.4665718],[21.6031671,49.4664458],[21.6032277,49.4650886],[21.6032523,49.4645343],[21.6032665,49.4642188],[21.603421,49.4639986],[21.6054586,49.4656746],[21.6054888,49.4656687],[21.6055896,49.4656418],[21.6061657,49.4654878],[21.6037332,49.4634976],[21.6039091,49.4631932],[21.6039894,49.4631083],[21.6069137,49.4652911],[21.6074615,49.4651536],[21.6074189,49.4651999],[21.606904,49.46576],[21.6064549,49.4662898],[21.6056734,49.4667208],[21.6053153,49.4670247]]],[[[21.4971733,49.5143068],[21.4971328,49.513843],[21.4971199,49.5137216],[21.4970884,49.513345],[21.4970734,49.5130763],[21.4970568,49.5128968],[21.4970567,49.5128151],[21.4970971,49.5127398],[21.4971513,49.5126904],[21.4971745,49.5126838],[21.4973422,49.5126281],[21.4974223,49.5125888],[21.4976228,49.5125316],[21.4977688,49.5125595],[21.4981113,49.5129683],[21.4981795,49.5130929],[21.4981935,49.5131277],[21.4982279,49.5131583],[21.4982773,49.5131951],[21.498297,49.5132171],[21.4984075,49.5132967],[21.4985724,49.5134554],[21.4988083,49.5136775],[21.4988565,49.5136636],[21.4989792,49.51365],[21.498738,49.5134649],[21.4991453,49.5133034],[21.4995304,49.5136867],[21.4997847,49.5139844],[21.4993635,49.5140338],[21.4992489,49.5140487],[21.498795,49.5141004],[21.4983092,49.5141584],[21.4979857,49.5141998],[21.497622,49.5142475],[21.4971733,49.5143068]]],[[[21.5034168,49.5083721],[21.502985,49.508398],[21.5034896,49.5091613],[21.5025282,49.508479],[21.5012091,49.5078333],[21.5001446,49.5068651],[21.4989044,49.5058614],[21.4974823,49.5050144],[21.4961915,49.5044026],[21.4951843,49.5037713],[21.4944329,49.503041],[21.4937565,49.5022771],[21.4935624,49.5019347],[21.4944694,49.5015542],[21.4953885,49.5010197],[21.4952949,49.5004437],[21.4943507,49.499629],[21.4936537,49.4986575],[21.4932753,49.4980948],[21.4949412,49.49726],[21.495431,49.4962284],[21.4967409,49.495173],[21.4989191,49.4939568],[21.4999462,49.492843],[21.5015423,49.4912419],[21.503008,49.4903853],[21.5044809,49.4908959],[21.5050653,49.4910776],[21.5054826,49.490249],[21.5054487,49.4892325],[21.5056795,49.488571],[21.5057254,49.4876648],[21.5061913,49.4871953],[21.5069939,49.4870927],[21.5070807,49.487209],[21.5072872,49.4873643],[21.5072218,49.4876772],[21.5073918,49.4880391],[21.5076667,49.4883736],[21.5077661,49.4884558],[21.5069043,49.4889989],[21.5065588,49.4895367],[21.5064172,49.4902749],[21.5062319,49.4909182],[21.5060656,49.4917831],[21.5061812,49.492181],[21.5059332,49.4927579],[21.5060356,49.4931447],[21.5064482,49.4938206],[21.5064451,49.4942606],[21.5064437,49.4944679],[21.5064434,49.4949561],[21.5063345,49.4958389],[21.5063749,49.4966381],[21.5064029,49.4972768],[21.505999,49.4980806],[21.5048823,49.4985488],[21.504913,49.4988017],[21.5048402,49.4993912],[21.5055044,49.4994947],[21.5066697,49.4995554],[21.5072506,49.4996024],[21.5067577,49.4999381],[21.5068925,49.500397],[21.5072614,49.5009245],[21.507828,49.5011675],[21.5079608,49.5008599],[21.5089617,49.5005306],[21.5096402,49.500306],[21.5101052,49.4999816],[21.5107603,49.5004412],[21.5113112,49.5010092],[21.5120703,49.5011992],[21.5135113,49.5013535],[21.514372,49.5013433],[21.5147768,49.5015138],[21.5154582,49.5015906],[21.5159256,49.5019275],[21.5160718,49.5021507],[21.5149223,49.5028376],[21.5134781,49.5033207],[21.5133975,49.5041128],[21.5136813,49.5045355],[21.5139876,49.5049693],[21.5143632,49.5054974],[21.5140036,49.5055963],[21.5134265,49.5056717],[21.5130545,49.5051386],[21.51256,49.5044531],[21.5124855,49.504333],[21.5110256,49.5040267],[21.5107179,49.5046172],[21.5089624,49.5051125],[21.506924,49.5050307],[21.5061234,49.5054345],[21.5066967,49.5067602],[21.5070129,49.5068338],[21.50788,49.5075093],[21.5055663,49.5081998],[21.5034168,49.5083721]]]]}},{"type":"Feature","properties":{"@id":"relation/6248221","boundary":"national_park","name":"Poleski Park Narodowy","name:de":"Nationalpark Polesie","name:en":"Polesie National Park","name:pl":"Poleski Park Narodowy","note":"old relation #1 395 293 left for historic info, but with tags removed","protect_class":"2","protection_title":"National Park","ramsar":"yes","source":"Generalna Dyrekcja Ochrony Środowiska","type":"multipolygon","website":"https://www.poleskipn.pl","wikidata":"Q625105","wikipedia":"pl:Poleski Park Narodowy"},"geometry":{"type":"MultiPolygon","coordinates":[[[[23.329205,51.3260168],[23.3314998,51.3320243],[23.3395161,51.3318562],[23.3429146,51.3329287],[23.3405787,51.33596],[23.3393765,51.3401852],[23.3421128,51.3436207],[23.3459553,51.3484711],[23.3466265,51.3495295],[23.3513549,51.3575965],[23.3472104,51.3572941],[23.3330154,51.3531111],[23.3278015,51.356191],[23.3294982,51.357668],[23.3295828,51.3590674],[23.3268285,51.3607677],[23.321457,51.366295],[23.3110638,51.3676517],[23.3040472,51.3699167],[23.2973393,51.3723889],[23.2913962,51.3729255],[23.2897358,51.3770063],[23.2897994,51.3805594],[23.3011183,51.3792624],[23.3046645,51.3832204],[23.3003836,51.3841968],[23.2914264,51.3844574],[23.2849566,51.3844098],[23.2777175,51.383023],[23.2731333,51.3794015],[23.2726592,51.3773208],[23.2667716,51.3763753],[23.2531918,51.3761295],[23.2509343,51.3754042],[23.2506049,51.3724755],[23.2515775,51.3693696],[23.2538161,51.3690182],[23.2547665,51.3685356],[23.2575204,51.3672445],[23.258575,51.367037],[23.2595582,51.3667411],[23.2624112,51.3662581],[23.2640123,51.3654599],[23.2650971,51.364982],[23.266816,51.3650057],[23.2685154,51.3652672],[23.2693419,51.3649863],[23.2696424,51.3644507],[23.2704515,51.3640741],[23.2665845,51.35696],[23.2704534,51.3551345],[23.2691478,51.3538753],[23.2682766,51.3529477],[23.2679173,51.3528173],[23.2638904,51.3536186],[23.2614369,51.3542217],[23.2585634,51.3547626],[23.2497663,51.3551608],[23.2481245,51.3552332],[23.2461197,51.3540323],[23.2475458,51.3533864],[23.2456863,51.3522952],[23.245623,51.3510658],[23.2477553,51.3507175],[23.252539,51.3490723],[23.25923,51.3462375],[23.26176,51.3472824],[23.2635202,51.3455326],[23.2619781,51.3445254],[23.2662844,51.3428877],[23.2703616,51.3410255],[23.266101,51.3353939],[23.2702231,51.336151],[23.2754568,51.3347524],[23.279673,51.340301],[23.281429,51.342626],[23.2888419,51.3403324],[23.2918594,51.3399637],[23.2957275,51.3423119],[23.2974942,51.3441738],[23.2984113,51.3463941],[23.2946072,51.3505198],[23.2963272,51.3511926],[23.2976341,51.3516395],[23.3001622,51.3524003],[23.3019948,51.3530266],[23.3080919,51.3516114],[23.3125667,51.3505071],[23.3161109,51.351375],[23.3128831,51.3484114],[23.3078549,51.3464802],[23.3128093,51.342843],[23.306739,51.3385847],[23.3083062,51.3366515],[23.3106542,51.3333685],[23.3123783,51.3316331],[23.3155205,51.331362],[23.3189237,51.3307504],[23.322168,51.3303863],[23.329205,51.3260168]]],[[[23.1227072,51.3944687],[23.1227502,51.3959168],[23.1216012,51.3960069],[23.1215568,51.3947778],[23.1215428,51.3945203],[23.1227072,51.3944687]]],[[[23.0507721,51.4193973],[23.0443129,51.4149143],[23.0396247,51.412707],[23.037441,51.4080969],[23.0436453,51.4070752],[23.0488615,51.4083561],[23.0534894,51.4090704],[23.0557589,51.4068353],[23.058399,51.4056821],[23.0648279,51.4047935],[23.0820529,51.4054162],[23.1001678,51.4025466],[23.103832,51.4007722],[23.1100691,51.3998742],[23.1164598,51.3989246],[23.1256744,51.4042194],[23.1217181,51.4077619],[23.113494,51.4134092],[23.0985212,51.4165172],[23.1005619,51.4234625],[23.1088487,51.4236571],[23.113592,51.430934],[23.1193588,51.4322563],[23.1237546,51.4346616],[23.129276,51.4418423],[23.1396126,51.4433598],[23.1475556,51.4472241],[23.1551622,51.4499931],[23.1614713,51.4455704],[23.1521545,51.4445189],[23.1489081,51.4317832],[23.1608605,51.4305847],[23.1599878,51.4235833],[23.1607314,51.4161916],[23.1724348,51.41648],[23.1751492,51.4166501],[23.1788347,51.4198838],[23.183145,51.4206245],[23.1918015,51.4184648],[23.1963996,51.4260441],[23.1915169,51.4291637],[23.198354,51.4370428],[23.1906345,51.4440907],[23.1931818,51.448298],[23.1944845,51.4497632],[23.2008457,51.446249],[23.2059899,51.4448768],[23.2100788,51.4436314],[23.2158997,51.4418496],[23.222454,51.4422627],[23.2241193,51.4424897],[23.2295612,51.4431631],[23.2472013,51.4368429],[23.2545737,51.4411954],[23.2684795,51.4457909],[23.272995,51.452278],[23.2772678,51.4601571],[23.2773842,51.4635384],[23.2707195,51.4653342],[23.2758732,51.4656544],[23.268099,51.4666479],[23.2568371,51.4690204],[23.2429379,51.4679161],[23.2357306,51.4621235],[23.2323264,51.466681],[23.2230232,51.4702579],[23.2003994,51.4766871],[23.2012881,51.4868603],[23.1976894,51.4933401],[23.1977892,51.4990989],[23.1873387,51.497298],[23.1800158,51.492603],[23.1723469,51.4936643],[23.166038,51.4881586],[23.1593952,51.4879106],[23.148945,51.4896014],[23.1428041,51.4923374],[23.1334266,51.4893439],[23.1295779,51.4834023],[23.1232878,51.4837575],[23.1152056,51.4847069],[23.0986264,51.4833897],[23.0908754,51.481025],[23.0879972,51.4768398],[23.0948481,51.4713773],[23.096485,51.4680234],[23.1065999,51.462388],[23.1060637,51.4578075],[23.1054646,51.4564472],[23.1050304,51.4550417],[23.1056037,51.4540864],[23.1064647,51.4532279],[23.1170496,51.4488958],[23.1236228,51.4441801],[23.1146487,51.440782],[23.1011382,51.4362413],[23.0881498,51.4336374],[23.0715388,51.4375037],[23.05043,51.4363321],[23.0507721,51.4193973]]],[[[23.1229639,51.4316108],[23.1247611,51.4315885],[23.1264605,51.4315675],[23.1268455,51.4315627],[23.1269789,51.431561],[23.1272473,51.4315577],[23.1282952,51.4315446],[23.1284138,51.4315431],[23.1286645,51.43154],[23.1287473,51.431539],[23.1309561,51.4315115],[23.130976,51.4315561],[23.1310575,51.4317374],[23.1291359,51.4317632],[23.1285036,51.4317717],[23.1272886,51.4317881],[23.1269079,51.4317931],[23.1248818,51.4318203],[23.1229758,51.4318459],[23.1229639,51.4316108]]],[[[23.20951,51.4889057],[23.2101576,51.4902895],[23.2058881,51.4919881],[23.2051538,51.4904506],[23.2048543,51.4898187],[23.2065753,51.4894901],[23.2074633,51.4892738],[23.2087637,51.4890597],[23.20951,51.4889057]]],[[[23.2969548,51.4569559],[23.2967893,51.458767],[23.2963607,51.4587196],[23.2962509,51.4601183],[23.2962461,51.4601813],[23.2982367,51.4602936],[23.2981547,51.4616304],[23.2980723,51.4629743],[23.2956956,51.4629253],[23.2957084,51.4623859],[23.2956367,51.4623848],[23.2933475,51.4623458],[23.2913362,51.4622975],[23.2914681,51.4597788],[23.291404,51.4597211],[23.2916497,51.4596991],[23.2922539,51.457612],[23.2923902,51.4576762],[23.2940658,51.4574678],[23.2957339,51.4571435],[23.2966284,51.4569844],[23.2969548,51.4569559]]],[[[23.2963919,51.3847774],[23.2967854,51.384775],[23.2969693,51.385585],[23.2965761,51.385585],[23.2963919,51.3847774]]]]}},{"type":"Feature","properties":{"@id":"relation/6252649","boundary":"national_park","gid":"2490","kodinspire":"PL.ZIPOP.1393.PN.20","name":"Wielkopolski Park Narodowy","name:de":"Nationalpark Großpolen","name:en":"Wielkopolska National Park","name:pl":"Wielkopolski Park Narodowy","protect_class":"2","type":"boundary","wikidata":"Q101635","wikipedia":"pl:Wielkopolski Park Narodowy"},"geometry":{"type":"MultiPolygon","coordinates":[[[[16.7713611,52.2281363],[16.7700258,52.2319925],[16.7696142,52.2358841],[16.7731416,52.2431281],[16.7802925,52.2391371],[16.780942,52.2360553],[16.775574,52.2311198],[16.7804018,52.2306381],[16.7853593,52.2328839],[16.7907122,52.2307721],[16.8059385,52.231581],[16.8120517,52.2369794],[16.8129067,52.2380418],[16.825302,52.2379757],[16.8279419,52.2416281],[16.8314135,52.2427174],[16.8346582,52.2470258],[16.8324419,52.2501938],[16.8294999,52.25271],[16.8329584,52.2538749],[16.8388289,52.2497715],[16.8455305,52.2503607],[16.8483418,52.2573181],[16.846682,52.2605879],[16.8489177,52.2618923],[16.8489647,52.2645228],[16.8490114,52.2672209],[16.8466578,52.2692994],[16.8493137,52.2742559],[16.8506297,52.2764281],[16.850485,52.279672],[16.848815,52.2842963],[16.8476671,52.2864171],[16.8474021,52.2838521],[16.8455829,52.2797209],[16.8434716,52.276276],[16.8370362,52.2768222],[16.8314509,52.2782124],[16.8297633,52.2824206],[16.8296777,52.2866424],[16.8365852,52.2876077],[16.8382936,52.2894559],[16.8364708,52.2934321],[16.8373042,52.2979731],[16.8451621,52.2995872],[16.8503663,52.2980997],[16.8534295,52.2942624],[16.8592768,52.2957446],[16.8634486,52.299559],[16.8669908,52.3018654],[16.8638979,52.3050332],[16.8676571,52.3080975],[16.8661521,52.3096704],[16.8640907,52.3114469],[16.8594178,52.3135712],[16.8480063,52.3154318],[16.8357514,52.3175049],[16.82056,52.3199263],[16.8146107,52.320314],[16.8028525,52.3179423],[16.7970483,52.3138449],[16.7885238,52.3106614],[16.784514,52.3054731],[16.7786387,52.299255],[16.7769148,52.2956285],[16.7738557,52.2944505],[16.7690029,52.2965604],[16.7646693,52.2975535],[16.7598358,52.3004392],[16.759253,52.304948],[16.7569875,52.3077973],[16.7509092,52.3117606],[16.742663,52.317477],[16.7364757,52.3177366],[16.7297372,52.3128063],[16.7236635,52.3070943],[16.7244985,52.2990413],[16.723883,52.2938008],[16.7297744,52.2912224],[16.7326131,52.2884118],[16.7298061,52.2863382],[16.7281126,52.2856348],[16.7253925,52.2858131],[16.7256703,52.2842561],[16.723528,52.2788604],[16.7172467,52.2765869],[16.7115426,52.2735864],[16.711071,52.2720406],[16.710078,52.2691074],[16.7184684,52.2653872],[16.7280945,52.2622178],[16.7406116,52.2605218],[16.7434391,52.2594166],[16.7459892,52.2573175],[16.7475142,52.2541346],[16.7482907,52.248719],[16.7558693,52.2434816],[16.7626527,52.2357492],[16.765744,52.229544],[16.7713611,52.2281363]]],[[[16.6910227,52.2988178],[16.6904416,52.2990275],[16.6898297,52.2992429],[16.6896955,52.2992784],[16.6884661,52.2995151],[16.6884398,52.2990708],[16.6896618,52.2988037],[16.6907621,52.2985318],[16.6911018,52.2984261],[16.6923934,52.2979973],[16.6944778,52.2974978],[16.6943769,52.2964993],[16.6943499,52.296095],[16.6943323,52.2960143],[16.6943146,52.2955879],[16.6959131,52.2958788],[16.6972846,52.2963398],[16.6981578,52.2965234],[16.6990659,52.2978642],[16.6998021,52.2989068],[16.6988435,52.298909],[16.6987357,52.2989144],[16.6983438,52.2989519],[16.6980112,52.299042],[16.6977517,52.2991705],[16.697477,52.2993345],[16.6972442,52.2993319],[16.6969861,52.2991236],[16.6964958,52.2991826],[16.6962098,52.298903],[16.6956968,52.2987673],[16.6954797,52.2986806],[16.6952621,52.2985274],[16.6950588,52.2983727],[16.6947716,52.2983109],[16.6941458,52.2982323],[16.6940671,52.2980977],[16.6934407,52.2981353],[16.6924987,52.2982728],[16.6920198,52.2984646],[16.6910227,52.2988178]]],[[[16.6839715,52.2974552],[16.6832162,52.2966111],[16.6833467,52.2963466],[16.6833788,52.2962813],[16.6836128,52.2960569],[16.6837079,52.2959679],[16.683776,52.2958869],[16.6840004,52.2956151],[16.6841845,52.2952968],[16.6844021,52.2951507],[16.684945,52.2948397],[16.6877613,52.2963513],[16.6874061,52.2964368],[16.6864735,52.2966432],[16.68583,52.2968988],[16.685116,52.2971938],[16.6840303,52.2975734],[16.6839715,52.2974552]]],[[[16.6596897,52.3145941],[16.6590629,52.315034],[16.6606055,52.3168993],[16.6588172,52.317635],[16.6571241,52.3179853],[16.659146,52.3191413],[16.6582946,52.3194699],[16.6571839,52.3185079],[16.6536217,52.3184086],[16.6513246,52.3189379],[16.6502877,52.3189088],[16.6492518,52.3188605],[16.6487314,52.318858],[16.6480404,52.3184002],[16.6480104,52.3176391],[16.6498565,52.31717],[16.6507142,52.315764],[16.652717,52.3144367],[16.6541142,52.3131249],[16.654411,52.312612],[16.6549715,52.3123987],[16.6582696,52.3108724],[16.6616705,52.3077365],[16.6623242,52.3070123],[16.6585377,52.3062483],[16.6558492,52.3048838],[16.6513044,52.3061464],[16.6484438,52.306963],[16.6456909,52.3075657],[16.6445148,52.3080314],[16.6429556,52.3064315],[16.64113,52.3047181],[16.642133,52.3042522],[16.6438909,52.3030602],[16.6463815,52.3010757],[16.6495359,52.3013248],[16.6499966,52.3008724],[16.650508,52.3001344],[16.6517486,52.2997745],[16.6528715,52.2994155],[16.6537249,52.2982949],[16.6547684,52.29796],[16.6610564,52.296355],[16.6645441,52.2955715],[16.6653218,52.2953897],[16.6669924,52.294712],[16.6682028,52.2945527],[16.6695716,52.2944997],[16.6703446,52.2941],[16.6721342,52.2933459],[16.6767607,52.2930746],[16.6748943,52.2939099],[16.6745622,52.2951389],[16.6738966,52.2958788],[16.6713775,52.2975977],[16.6702751,52.2998102],[16.6700489,52.3006215],[16.6656237,52.3032872],[16.6642186,52.3043604],[16.6643392,52.3053567],[16.664573,52.3058522],[16.6661123,52.3045647],[16.6673128,52.3038184],[16.6682483,52.3032445],[16.669257,52.302812],[16.6706914,52.3021798],[16.6712961,52.3016621],[16.6722535,52.30103],[16.6748552,52.299109],[16.6773414,52.2982504],[16.6794263,52.2989339],[16.6811347,52.2994052],[16.6820994,52.3000061],[16.6831507,52.3002624],[16.683962,52.3003921],[16.6854482,52.3008501],[16.6888113,52.3014379],[16.691716,52.3008001],[16.6913883,52.3012663],[16.6886249,52.3020071],[16.6870494,52.303159],[16.6858858,52.3042946],[16.6846328,52.3050801],[16.6831442,52.3058166],[16.6813473,52.3062586],[16.6801539,52.3063075],[16.6785851,52.3063627],[16.6766722,52.3069424],[16.6751312,52.3074194],[16.6746507,52.3073],[16.6739449,52.3078135],[16.6721011,52.3086003],[16.6693448,52.3092755],[16.6680186,52.3100562],[16.6666367,52.3104194],[16.6662486,52.3102145],[16.6647562,52.3104678],[16.6614808,52.3124467],[16.6601775,52.3135473],[16.6596897,52.3145941]]],[[[16.8846961,52.3204199],[16.8842781,52.3202685],[16.8840342,52.319707],[16.8828803,52.3176192],[16.8810507,52.3144397],[16.8792982,52.3113671],[16.8787436,52.3101484],[16.8777459,52.3087941],[16.876052,52.307948],[16.8751279,52.3076014],[16.8743491,52.3069556],[16.8739327,52.3061221],[16.8730711,52.3056342],[16.8722175,52.3045345],[16.8699247,52.3039708],[16.868796,52.303269],[16.8681016,52.3024669],[16.8668676,52.3011254],[16.8671188,52.300441],[16.8683658,52.2995749],[16.8697098,52.2977185],[16.8705023,52.2967682],[16.869406,52.2978151],[16.868061,52.2979043],[16.8669535,52.2974004],[16.8668911,52.2964591],[16.866835,52.2956382],[16.8667669,52.2946412],[16.8661251,52.293418],[16.8649825,52.291752],[16.8647558,52.2914195],[16.8643821,52.2906132],[16.8642182,52.2900618],[16.8640313,52.28938],[16.863627,52.2880696],[16.8633764,52.2872137],[16.8629898,52.2859707],[16.8620176,52.2856138],[16.8595406,52.2852379],[16.8580295,52.2844726],[16.8567334,52.2833941],[16.8565766,52.2825483],[16.8567468,52.2813925],[16.8580906,52.281132],[16.859267,52.280904],[16.8607377,52.2806131],[16.8622304,52.2793334],[16.8650309,52.2786142],[16.866562,52.2782232],[16.8683581,52.2777619],[16.8695512,52.2774549],[16.8709786,52.2770879],[16.8719561,52.2768364],[16.8726083,52.2766696],[16.8743824,52.2769462],[16.8768889,52.2789683],[16.8783664,52.2804667],[16.8797239,52.2828028],[16.8801592,52.2851358],[16.8804967,52.2868515],[16.8816568,52.2895573],[16.8820289,52.2910998],[16.8820113,52.2915391],[16.8802028,52.2928811],[16.8763392,52.29345],[16.8748957,52.2942701],[16.8739916,52.2958112],[16.8755809,52.2977833],[16.8777587,52.2990044],[16.8793443,52.2996948],[16.8805221,52.3003793],[16.8819792,52.3013001],[16.8832342,52.3022175],[16.8840656,52.3030817],[16.8853996,52.304223],[16.8870023,52.3048734],[16.8886973,52.305171],[16.8909451,52.3050625],[16.894102,52.3045662],[16.8957899,52.3048747],[16.8973887,52.3063345],[16.9005228,52.3077533],[16.9034036,52.3078656],[16.905956,52.3070421],[16.9076498,52.3076423],[16.9085532,52.3088598],[16.9087314,52.310462],[16.9073716,52.3122328],[16.9068091,52.3129003],[16.9059099,52.3155742],[16.9078256,52.318933],[16.9066695,52.3197968],[16.9052861,52.3209754],[16.899296,52.3198779],[16.8967346,52.3213838],[16.8936976,52.3220282],[16.8925388,52.3220857],[16.8886581,52.3215381],[16.8855935,52.3202558],[16.8846961,52.3204199]]],[[[16.8521037,52.2883688],[16.851794,52.2880754],[16.8515302,52.287805],[16.8513589,52.2877588],[16.8516569,52.2876607],[16.8522862,52.287453],[16.8534105,52.2870162],[16.8534833,52.2869905],[16.8537768,52.2874866],[16.8541239,52.2873478],[16.8543819,52.2872447],[16.8546398,52.2871416],[16.8541798,52.286712],[16.8548562,52.2864411],[16.8549175,52.2864166],[16.8549684,52.2863963],[16.8551847,52.2866758],[16.855282,52.2867588],[16.8553768,52.2868693],[16.8556231,52.2871566],[16.855737,52.2872895],[16.8556731,52.2873116],[16.8540349,52.2879296],[16.8539767,52.2879504],[16.8539655,52.2879544],[16.8540796,52.2881589],[16.8536303,52.2883454],[16.8532092,52.2879783],[16.8521037,52.2883688]]],[[[16.8584721,52.2878307],[16.8587565,52.2880866],[16.8584039,52.2882192],[16.8581331,52.2879715],[16.8584721,52.2878307]]],[[[16.8569738,52.2891582],[16.8568097,52.2890096],[16.8571741,52.2888565],[16.8573663,52.2887758],[16.8577215,52.2886266],[16.8577822,52.288605],[16.8579222,52.2887598],[16.8578654,52.2887849],[16.8569738,52.2891582]]],[[[16.8481024,52.291921],[16.8482559,52.2919074],[16.8482468,52.2918779],[16.8481857,52.2916832],[16.8489134,52.29159],[16.8498878,52.2914653],[16.8499723,52.2916073],[16.8494872,52.2918489],[16.8493964,52.2918942],[16.8491867,52.2921353],[16.8490963,52.292127],[16.8477722,52.2920093],[16.8477547,52.2919516],[16.8481024,52.291921]]],[[[16.8492734,52.2847908],[16.8494518,52.2849062],[16.8495989,52.2849692],[16.8498911,52.2850945],[16.8501133,52.2851898],[16.8501236,52.285194],[16.8504469,52.2854968],[16.8506233,52.2856592],[16.8507992,52.2858213],[16.8511372,52.2861323],[16.850316,52.2864721],[16.8499549,52.2866194],[16.849875,52.2866787],[16.8496004,52.2863269],[16.8495026,52.2861234],[16.8494318,52.285882],[16.8493268,52.2852723],[16.8492734,52.2847908]]],[[[16.8491408,52.2841328],[16.8489513,52.2829658],[16.8488965,52.2826222],[16.8488731,52.2824757],[16.8487996,52.2820135],[16.848621,52.2809683],[16.848553,52.2807053],[16.8485159,52.2806054],[16.8484675,52.2804578],[16.8485674,52.2804681],[16.8486408,52.2805549],[16.8488976,52.2808697],[16.848969,52.280955],[16.849045,52.2810459],[16.8491919,52.2812212],[16.8493392,52.2813968],[16.8494125,52.2814843],[16.8494861,52.2815724],[16.8498912,52.2820555],[16.8497669,52.2821038],[16.8498522,52.2822056],[16.849919,52.2822854],[16.850103,52.282505],[16.8495362,52.2826838],[16.8493693,52.2827364],[16.8494411,52.2832088],[16.8494858,52.2835029],[16.8495557,52.2839624],[16.84949,52.2839894],[16.8491698,52.284121],[16.8491408,52.2841328]]]]}},{"type":"Feature","properties":{"@id":"relation/10907997","boundary":"national_park","name":"Babiogórski Park Narodowy","name:de":"Nationalpark Weiberberg","name:en":"Babia Góra National Park","name:pl":"Babiogórski Park Narodowy","payment:website":"https://bgpn.gov.pl/wstep-do-parku","protect_class":"2","short_name":"BPN","source":"gps","type":"boundary","wikidata":"Q606000","wikipedia":"pl:Babiogórski Park Narodowy"},"geometry":{"type":"MultiPolygon","coordinates":[[[[19.5883189,49.5848091],[19.5883045,49.5846439],[19.5884847,49.5845494],[19.5889481,49.5842241],[19.5890535,49.5841015],[19.5890803,49.5838868],[19.5891924,49.5837336],[19.5892369,49.58363],[19.5894887,49.5833238],[19.5897014,49.5827719],[19.5898928,49.5825378],[19.5899215,49.5824384],[19.5957164,49.5840516],[19.5939668,49.5863751],[19.5883189,49.5848091]]],[[[19.5783703,49.5618685],[19.5830183,49.5633154],[19.5881959,49.5639383],[19.5949431,49.5656183],[19.6002995,49.5667268],[19.6066083,49.5677566],[19.6000115,49.5703543],[19.5929905,49.574549],[19.5875286,49.5779989],[19.5826181,49.5814818],[19.5798896,49.5860924],[19.5865242,49.5901765],[19.5920107,49.592854],[19.5961132,49.6003481],[19.5931432,49.605337],[19.5890821,49.609456],[19.5836001,49.611784],[19.5733451,49.6053873],[19.5674582,49.6026144],[19.5597576,49.6087999],[19.5564468,49.6118801],[19.5543464,49.6121123],[19.5517622,49.6130302],[19.5490609,49.613093],[19.5469674,49.6137736],[19.5432491,49.6172688],[19.5404745,49.6175095],[19.5358209,49.616498],[19.5351308,49.6158356],[19.5350462,49.6140979],[19.5344964,49.6116801],[19.5298069,49.6108423],[19.5235321,49.6103213],[19.5190142,49.6090376],[19.5171732,49.6099309],[19.5175192,49.6115447],[19.5175161,49.6128465],[19.5164828,49.614366],[19.5155001,49.6135514],[19.514413,49.6118357],[19.5123774,49.6121229],[19.5099674,49.6110343],[19.5151727,49.6109179],[19.5160872,49.6101963],[19.5158533,49.6078268],[19.5140956,49.6063403],[19.5142153,49.605066],[19.5068496,49.6039798],[19.50336,49.6054121],[19.4999516,49.6073433],[19.4930666,49.6069363],[19.4842123,49.6003053],[19.4685781,49.5966248],[19.4691381,49.595596],[19.4716787,49.5946359],[19.4734892,49.5928677],[19.4763961,49.5910069],[19.4771773,49.5897485],[19.4804925,49.5868864],[19.4841027,49.5856518],[19.4873214,49.5851527],[19.4918194,49.584478],[19.4936433,49.5836764],[19.4977605,49.5815156],[19.499276,49.58126],[19.5102299,49.5814834],[19.5156266,49.5755026],[19.518387,49.5734285],[19.5220086,49.5722347],[19.5293611,49.5691645],[19.5282989,49.5574389],[19.5405205,49.5609075],[19.5486278,49.5645918],[19.5543187,49.5685692],[19.5624615,49.5708157],[19.5636216,49.5710067],[19.5643061,49.5705993],[19.5648694,49.5702417],[19.5654898,49.5696572],[19.5660854,49.5692594],[19.5670222,49.5689701],[19.5684637,49.5687547],[19.5694317,49.5686583],[19.5701334,49.5684051],[19.5705761,49.5680853],[19.5713961,49.5675835],[19.5717277,49.5669269],[19.57231,49.5661927],[19.5725687,49.5657955],[19.5731858,49.5652701],[19.5734413,49.5644947],[19.5739512,49.5639382],[19.5743962,49.5634734],[19.5749417,49.5632356],[19.5754206,49.562984],[19.5761319,49.5627261],[19.577,49.5625943],[19.5774207,49.5623265],[19.5777588,49.5620505],[19.5783703,49.5618685]]]]}},{"type":"Feature","properties":{"@id":"relation/11106462","boundary":"national_park","gid":"2505","kodinspire":"PL.ZIPOP.1393.PN.10","name":"Narwiański Park Narodowy","name:en":"Narew National Park","name:lt":"Narevo nacionalinis parkas","name:pl":"Narwiański Park Narodowy","protect_class":"2","protection_title":"National Park","protection_title:pl":"Park Narodowy","ramsar":"yes","type":"boundary","website":"https://npn.pl/","wikidata":"Q622739","wikipedia":"pl:Narwiański Park Narodowy"},"geometry":{"type":"Polygon","coordinates":[[[22.8635197,53.1486909],[22.8600344,53.1455451],[22.8531976,53.1436263],[22.8458605,53.141798],[22.837557,53.1399262],[22.8317136,53.1388444],[22.8274983,53.136992],[22.8205075,53.1352698],[22.7958586,53.1266919],[22.7869143,53.1121302],[22.7960661,53.1065107],[22.7865865,53.1001],[22.7870568,53.0948978],[22.79697,53.0822627],[22.8215324,53.0751149],[22.8262465,53.0697163],[22.8383661,53.0612597],[22.8792605,53.0655624],[22.9293714,53.0591329],[22.9345222,53.0534569],[22.9337323,53.0463463],[22.9306754,53.0443362],[22.9224037,53.0423414],[22.9165198,53.0413777],[22.912424,53.0402629],[22.9045807,53.0398862],[22.8915998,53.0379761],[22.8869743,53.0320587],[22.8829898,53.0302234],[22.8657711,53.0231901],[22.863444,53.0084681],[22.8683648,53.0000423],[22.8764369,53.0012484],[22.8849008,53.0044027],[22.8970187,52.9992593],[22.9003173,52.9926382],[22.9074459,52.9843813],[22.9056665,52.9782049],[22.9056086,52.9759511],[22.9063767,52.9715223],[22.9087045,52.9674929],[22.913177,52.9629043],[22.9212682,52.9626365],[22.9266861,52.9634249],[22.9300538,52.9577647],[22.9370241,52.9550472],[22.9396557,52.9531539],[22.9445404,52.951237],[22.9475701,52.9509814],[22.9511643,52.9520884],[22.9516347,52.9546439],[22.9495626,52.9575877],[22.9478712,52.9653391],[22.9398901,52.9774239],[22.9521693,52.9784698],[22.951924,52.9873107],[22.9554561,52.9985353],[22.9301658,52.997356],[22.9221345,52.992463],[22.9199342,52.9931032],[22.9181507,52.9940071],[22.9166067,52.9956335],[22.9119723,52.9992722],[22.9089327,53.001381],[22.905322,53.0030811],[22.8999621,53.007517],[22.8995674,53.0100205],[22.8987923,53.0114993],[22.8967625,53.0136336],[22.8963782,53.0174907],[22.8943355,53.0194678],[22.8955139,53.0207457],[22.9048902,53.0273801],[22.9512718,53.0289951],[22.9615087,53.0440017],[22.9641516,53.0671201],[22.9596077,53.0743092],[22.9452699,53.0708069],[22.9369853,53.0694057],[22.9332684,53.0701028],[22.9311314,53.0703756],[22.9112799,53.0780075],[22.9064286,53.0758877],[22.9028062,53.0787058],[22.8915301,53.0828339],[22.8828992,53.082668],[22.8776212,53.0821222],[22.8717014,53.0826612],[22.8677435,53.0820334],[22.8626929,53.080971],[22.854109,53.0795674],[22.8397619,53.0814791],[22.8330965,53.0823931],[22.8297323,53.0934154],[22.8278153,53.1113588],[22.8200226,53.1150027],[22.8461728,53.1247326],[22.8774501,53.1309554],[22.8688976,53.1424059],[22.8635197,53.1486909]]]}}]}